order_id,customer_id,product_id,quantity,order_date
1,167,241,4,2026-03-01
2,576,232,3,2024-10-15
3,466,162,3,2025-04-17
4,763,381,5,2024-08-25
5,923,231,1,2026-01-13
6,106,271,2,2026-02-07
7,820,226,1,2025-08-02
8,430,160,3,2026-03-06
9,452,122,4,2026-01-22
10,709,242,2,2026-07-05
11,416,220,1,2025-09-07
12,811,56,4,2025-02-26
13,289,1,2,2025-12-20
14,281,411,1,2026-01-22
15,615,251,5,2025-06-01
16,167,306,2,2025-11-02
17,191,360,2,2024-08-03
18,924,103,2,2025-08-15
19,239,234,1,2025-05-13
20,30,455,1,2024-08-31
21,446,75,1,2026-07-13
22,589,268,1,2026-04-13
23,771,329,5,2025-08-14
24,526,147,3,2024-12-27
25,799,360,4,2025-09-21
26,883,277,4,2025-10-23
27,124,393,1,2026-03-11
28,993,249,3,2025-06-12
29,172,163,1,2026-04-04
30,357,297,5,2025-12-14
31,862,122,1,2025-09-19
32,321,27,1,2026-02-10
33,760,333,5,2025-01-18
34,886,438,1,2024-07-26
35,842,468,3,2026-03-10
36,228,405,4,2026-03-28
37,434,141,4,2025-08-10
38,598,194,5,2025-01-04
39,655,151,5,2024-11-10
40,727,308,4,2025-11-04
41,194,25,3,2026-06-11
42,138,324,1,2025-09-30
43,812,107,4,2025-11-01
44,508,357,5,2025-07-10
45,963,377,5,2025-02-13
46,147,498,4,2025-04-16
47,517,340,4,2025-08-05
48,158,100,5,2026-03-30
49,80,65,2,2025-06-29
50,420,20,5,2026-04-26
51,265,455,5,2026-04-20
52,176,438,3,2025-10-20
53,822,396,3,2026-04-27
54,494,311,4,2024-10-30
55,390,238,5,2025-10-08
56,927,298,4,2026-04-13
57,579,391,2,2025-02-14
58,122,351,2,2024-08-30
59,901,381,2,2025-05-18
60,549,396,5,2025-11-24
61,836,235,1,2025-12-22
62,955,358,1,2025-04-22
63,386,162,5,2025-09-06
64,260,191,1,2026-04-17
65,144,312,4,2026-06-23
66,36,174,3,2025-09-08
67,840,177,3,2025-12-14
68,524,3,1,2024-12-29
69,695,311,4,2026-04-13
70,813,144,1,2025-12-26
71,20,77,1,2024-12-03
72,864,377,1,2024-08-08
73,301,24,4,2025-01-28
74,505,329,3,2025-07-01
75,397,424,3,2025-03-28
76,299,371,4,2024-12-01
77,491,490,4,2026-05-11
78,462,422,1,2025-01-21
79,184,125,2,2025-10-17
80,890,24,2,2024-11-24
81,731,32,4,2025-03-11
82,360,7,2,2025-07-26
83,984,163,4,2025-08-08
84,753,20,2,2026-07-13
85,272,297,5,2024-09-05
86,230,369,4,2024-10-31
87,564,90,2,2025-02-10
88,272,471,2,2025-04-20
89,483,301,1,2026-06-14
90,673,109,2,2026-03-02
91,44,451,1,2026-03-12
92,193,284,4,2025-10-29
93,504,363,3,2024-10-29
94,298,73,4,2025-04-19
95,108,153,1,2024-12-05
96,484,330,1,2025-09-25
97,927,270,5,2025-03-10
98,621,401,3,2026-03-18
99,681,309,1,2025-11-09
100,589,15,4,2025-12-03
101,139,470,1,2025-06-09
102,493,460,1,2025-03-25
103,728,372,2,2026-03-26
104,1,203,1,2024-09-03
105,231,173,2,2026-01-28
106,772,499,2,2024-09-12
107,90,322,4,2024-12-14
108,45,365,4,2024-09-08
109,509,171,5,2025-11-22
110,601,154,2,2024-09-15
111,978,224,5,2026-03-15
112,289,447,3,2025-06-05
113,149,192,2,2025-09-08
114,821,220,4,2025-12-24
115,206,137,4,2025-07-30
116,46,119,2,2025-11-07
117,163,368,5,2025-11-28
118,283,387,3,2025-02-08
119,193,21,1,2025-11-25
120,285,500,5,2025-06-19
121,827,236,1,2026-05-17
122,365,268,2,2025-06-24
123,826,365,2,2025-04-17
124,758,219,1,2025-12-27
125,212,452,2,2025-05-09
126,394,76,4,2025-04-26
127,733,118,2,2026-04-09
128,815,109,1,2025-11-29
129,345,344,5,2025-07-25
130,929,316,2,2026-06-05
131,534,26,3,2026-06-03
132,152,448,4,2025-10-14
133,927,480,2,2025-04-04
134,534,147,5,2024-09-26
135,825,174,3,2025-04-09
136,650,257,5,2024-11-22
137,568,460,2,2026-01-22
138,18,51,5,2025-12-24
139,825,316,3,2024-09-11
140,146,482,5,2024-09-28
141,717,166,1,2025-06-03
142,877,303,3,2025-01-23
143,843,137,4,2025-11-15
144,572,7,1,2026-01-21
145,323,22,4,2026-03-30
146,897,482,5,2024-09-01
147,841,218,1,2024-10-19
148,934,131,3,2026-01-28
149,242,499,5,2026-05-21
150,214,486,4,2026-02-10
151,214,2,4,2026-03-12
152,472,247,3,2026-06-16
153,394,434,4,2026-03-21
154,975,89,2,2025-01-22
155,632,449,4,2025-04-28
156,944,370,4,2026-02-15
157,143,72,4,2025-03-29
158,676,181,1,2026-03-06
159,157,93,1,2025-04-23
160,552,145,5,2025-04-25
161,908,430,3,2026-05-08
162,169,170,4,2025-11-25
163,99,400,1,2024-10-27
164,415,282,1,2026-01-09
165,32,383,4,2025-12-14
166,8,135,3,2024-10-25
167,163,136,2,2026-05-08
168,989,438,5,2026-04-02
169,67,239,2,2025-12-19
170,674,191,2,2025-06-19
171,779,291,4,2025-03-20
172,708,402,1,2025-04-13
173,632,92,4,2025-04-29
174,681,144,5,2026-01-05
175,334,16,5,2024-11-18
176,817,147,3,2024-12-08
177,439,242,4,2026-05-20
178,219,129,1,2024-11-25
179,896,442,1,2025-05-24
180,307,187,2,2026-01-20
181,826,298,3,2026-06-28
182,843,52,3,2026-02-18
183,409,485,5,2025-01-14
184,904,52,3,2024-09-18
185,187,352,1,2026-03-24
186,644,227,5,2025-06-09
187,979,111,1,2025-08-25
188,280,286,5,2025-07-10
189,939,480,2,2025-06-26
190,26,403,5,2026-06-16
191,58,484,1,2026-03-19
192,875,375,2,2025-10-12
193,933,96,5,2025-02-10
194,198,496,3,2025-12-04
195,5,193,4,2024-12-10
196,456,264,5,2024-09-06
197,397,214,4,2025-01-27
198,747,125,2,2026-04-01
199,669,134,4,2026-02-04
200,319,336,4,2026-06-28
201,853,51,4,2025-10-14
202,328,49,1,2026-05-05
203,347,367,4,2025-01-16
204,535,382,5,2025-01-25
205,319,433,5,2024-11-02
206,132,32,3,2026-02-20
207,271,76,1,2026-04-19
208,963,244,5,2024-08-18
209,242,447,5,2025-03-04
210,797,461,1,2024-10-11
211,506,493,4,2024-09-25
212,307,157,1,2026-04-01
213,386,194,1,2025-05-10
214,841,306,2,2025-05-17
215,61,122,2,2025-03-27
216,561,320,4,2025-08-12
217,928,179,1,2024-09-12
218,577,276,2,2026-03-13
219,852,428,5,2024-09-13
220,962,189,5,2024-10-12
221,364,17,4,2024-08-21
222,162,324,4,2025-11-05
223,482,284,1,2026-06-01
224,967,372,4,2026-06-07
225,513,175,4,2024-12-04
226,283,262,2,2025-04-17
227,15,112,5,2026-02-15
228,581,494,1,2025-09-17
229,753,189,4,2024-08-08
230,189,345,2,2025-03-23
231,5,140,1,2025-12-26
232,266,361,1,2025-08-01
233,727,138,1,2026-05-22
234,385,440,3,2026-03-14
235,572,6,5,2025-07-12
236,959,71,2,2026-01-13
237,156,422,1,2026-02-23
238,921,421,4,2026-03-19
239,242,174,5,2026-02-28
240,279,335,4,2025-07-03
241,18,288,4,2025-06-02
242,511,214,3,2024-12-15
243,222,44,4,2024-08-16
244,200,180,3,2025-03-11
245,79,448,3,2024-09-26
246,214,478,3,2024-11-03
247,539,450,5,2026-03-13
248,150,500,5,2024-08-01
249,669,238,5,2026-03-27
250,108,466,2,2025-01-27
251,1,44,4,2024-08-13
252,701,101,1,2024-08-15
253,586,175,4,2024-08-29
254,879,70,4,2026-02-24
255,368,172,4,2025-12-28
256,490,60,1,2026-02-13
257,432,278,2,2025-01-15
258,937,428,2,2024-08-07
259,14,33,1,2024-10-31
260,701,88,1,2026-05-12
261,601,435,2,2024-10-24
262,797,111,2,2024-10-06
263,10,178,3,2025-12-18
264,277,127,2,2025-12-11
265,994,440,1,2026-03-05
266,504,191,2,2026-01-17
267,763,298,1,2024-12-02
268,50,53,4,2025-01-27
269,900,497,1,2024-12-17
270,639,134,2,2025-03-01
271,327,475,5,2025-05-25
272,57,305,5,2025-12-09
273,456,201,5,2025-06-01
274,401,364,5,2025-06-12
275,907,71,4,2025-07-03
276,510,59,1,2026-07-19
277,719,366,4,2026-06-29
278,563,384,1,2026-01-12
279,66,163,5,2026-02-28
280,598,455,4,2026-02-09
281,476,79,2,2025-10-02
282,494,181,5,2025-09-05
283,616,5,3,2024-11-03
284,475,36,5,2025-11-12
285,337,139,5,2025-09-29
286,485,349,1,2024-11-10
287,134,447,4,2024-11-30
288,230,180,4,2024-11-30
289,861,173,3,2026-03-18
290,370,90,4,2025-10-18
291,478,127,2,2025-09-22
292,781,76,5,2024-09-21
293,243,220,3,2025-08-27
294,991,494,1,2025-09-19
295,251,394,4,2025-08-09
296,996,35,5,2024-09-27
297,121,313,5,2025-04-07
298,262,103,1,2025-07-16
299,42,345,4,2025-09-30
300,409,143,3,2025-12-05
301,823,351,5,2025-10-09
302,267,184,1,2025-10-07
303,397,72,3,2025-03-12
304,365,279,4,2025-01-31
305,770,389,1,2025-06-08
306,890,205,5,2025-10-19
307,468,108,4,2026-03-14
308,535,85,4,2024-10-08
309,47,80,5,2025-01-09
310,282,455,2,2025-02-08
311,648,1,1,2025-11-07
312,411,106,5,2024-09-29
313,487,235,2,2024-07-25
314,795,49,2,2024-10-31
315,814,33,4,2024-09-09
316,769,456,1,2026-03-23
317,451,76,4,2024-10-07
318,283,56,1,2025-08-15
319,828,295,5,2025-09-12
320,429,350,2,2024-12-07
321,110,279,5,2025-01-04
322,911,181,4,2024-08-06
323,740,87,2,2025-10-29
324,282,229,3,2025-05-07
325,550,447,5,2025-04-18
326,370,167,1,2025-10-25
327,902,273,4,2025-08-29
328,104,47,2,2024-12-02
329,12,439,5,2026-01-21
330,102,261,4,2024-08-23
331,407,366,5,2025-04-21
332,400,355,5,2025-08-30
333,789,33,3,2026-03-06
334,487,357,1,2024-11-03
335,918,67,5,2025-05-28
336,330,19,5,2024-10-29
337,397,295,2,2026-05-03
338,905,349,5,2025-03-03
339,51,12,1,2024-10-26
340,413,481,3,2025-02-08
341,783,352,1,2025-04-29
342,154,396,1,2025-03-11
343,47,426,3,2024-09-06
344,779,436,1,2025-03-09
345,379,321,4,2026-01-14
346,880,490,3,2024-10-28
347,121,286,3,2026-04-12
348,143,164,4,2026-05-10
349,983,10,1,2026-02-23
350,196,288,4,2026-05-29
351,700,105,5,2024-09-08
352,597,360,3,2024-09-26
353,875,124,2,2025-06-13
354,3,64,3,2025-07-08
355,580,373,1,2025-09-01
356,231,462,1,2024-11-24
357,612,333,1,2026-05-16
358,344,245,3,2025-11-29
359,697,245,3,2026-03-04
360,945,231,2,2025-05-01
361,410,15,1,2026-02-12
362,427,309,4,2025-10-30
363,977,36,5,2025-06-08
364,430,28,3,2024-10-01
365,73,21,1,2025-10-29
366,983,109,2,2025-09-13
367,225,33,2,2026-04-08
368,839,443,4,2026-03-21
369,429,365,3,2024-11-07
370,318,494,2,2025-10-21
371,178,51,4,2025-02-26
372,46,237,4,2025-07-25
373,354,219,5,2025-08-04
374,761,395,2,2025-05-31
375,887,212,1,2024-11-25
376,944,138,4,2025-11-21
377,715,252,1,2026-04-06
378,922,69,5,2024-11-12
379,789,97,4,2024-12-03
380,208,241,1,2025-08-07
381,792,428,5,2025-05-05
382,467,193,4,2026-05-20
383,567,253,2,2026-07-22
384,290,205,5,2026-07-02
385,327,246,4,2026-07-19
386,43,328,4,2026-06-27
387,679,208,2,2025-06-03
388,209,48,3,2025-03-27
389,492,213,1,2026-05-11
390,339,334,3,2025-06-02
391,483,189,4,2025-10-20
392,898,345,1,2025-10-26
393,66,247,1,2025-04-19
394,399,289,2,2025-01-29
395,757,395,2,2025-09-12
396,762,445,1,2026-05-04
397,280,53,5,2025-08-15
398,240,244,1,2025-11-06
399,883,151,2,2025-12-26
400,604,42,2,2025-01-14
401,535,302,3,2024-10-23
402,493,238,5,2026-04-26
403,689,223,1,2026-05-14
404,18,324,3,2024-09-20
405,34,278,3,2025-07-04
406,991,453,2,2025-06-16
407,732,404,5,2026-04-12
408,814,413,2,2025-12-14
409,852,171,1,2026-03-30
410,518,194,5,2025-02-01
411,65,140,5,2026-03-18
412,109,314,2,2025-08-06
413,273,316,2,2025-05-10
414,604,160,5,2025-05-06
415,695,40,3,2025-01-08
416,737,61,1,2026-02-01
417,860,54,4,2026-03-06
418,697,474,3,2025-03-10
419,117,86,4,2025-02-17
420,313,29,3,2025-01-09
421,355,318,3,2026-02-08
422,396,269,4,2025-04-25
423,430,256,5,2025-09-22
424,653,450,1,2024-08-06
425,768,349,3,2024-11-17
426,875,131,2,2025-03-25
427,942,380,5,2026-04-26
428,317,323,1,2024-09-27
429,589,482,3,2025-10-07
430,519,98,2,2026-05-04
431,348,116,3,2026-02-27
432,140,468,5,2026-05-09
433,336,204,4,2025-09-30
434,365,166,5,2025-06-15
435,199,315,5,2025-08-23
436,916,440,4,2025-04-08
437,390,104,5,2025-09-02
438,778,496,4,2026-03-19
439,661,272,3,2025-03-28
440,737,80,5,2026-01-31
441,775,240,5,2024-09-15
442,848,48,2,2026-03-08
443,615,399,2,2025-02-05
444,964,309,3,2026-04-01
445,34,196,5,2025-04-28
446,773,15,4,2026-03-10
447,485,339,2,2025-03-26
448,784,439,3,2024-09-23
449,887,277,3,2025-06-15
450,65,487,5,2026-05-14
451,925,31,4,2025-02-28
452,94,370,1,2026-01-07
453,848,247,4,2025-11-14
454,166,139,3,2024-09-07
455,968,108,2,2025-08-16
456,769,447,1,2025-04-02
457,991,499,3,2025-08-26
458,815,230,4,2025-12-29
459,254,196,5,2026-04-01
460,199,432,1,2025-02-17
461,326,72,3,2024-10-12
462,855,19,2,2025-11-07
463,553,163,1,2026-04-16
464,225,299,5,2026-01-15
465,119,273,4,2025-03-24
466,855,77,4,2026-04-27
467,947,181,1,2025-03-17
468,23,306,3,2024-09-30
469,930,35,1,2025-12-09
470,454,311,5,2025-02-12
471,24,239,1,2025-01-02
472,144,475,1,2025-07-20
473,680,391,3,2024-12-17
474,843,270,1,2024-07-31
475,38,151,2,2025-08-13
476,694,378,4,2025-08-03
477,87,165,5,2025-12-21
478,696,378,4,2025-02-06
479,171,30,3,2024-11-30
480,647,34,3,2026-06-11
481,984,227,3,2024-10-27
482,982,391,3,2024-10-02
483,38,360,5,2025-07-22
484,481,398,5,2025-12-09
485,977,378,4,2025-07-26
486,716,80,4,2026-05-15
487,445,314,3,2025-08-21
488,796,266,4,2026-06-10
489,772,457,5,2024-08-31
490,57,369,1,2026-06-13
491,800,110,3,2024-10-25
492,693,235,5,2025-11-20
493,786,257,5,2024-08-21
494,515,251,1,2026-01-31
495,550,54,2,2024-10-01
496,686,143,2,2025-01-18
497,621,170,1,2025-08-14
498,99,72,2,2024-10-26
499,850,94,5,2025-06-29
500,439,41,2,2025-12-05
501,876,159,4,2025-06-08
502,153,340,2,2026-05-18
503,993,427,5,2026-01-21
504,888,297,4,2025-01-26
505,639,313,5,2025-01-07
506,568,320,5,2026-03-29
507,911,112,1,2024-08-28
508,177,374,3,2026-03-12
509,600,298,4,2025-12-24
510,35,442,5,2025-03-21
511,877,117,4,2025-02-16
512,580,398,4,2026-01-24
513,528,173,1,2025-03-07
514,43,484,4,2024-08-07
515,496,342,2,2025-03-28
516,848,60,1,2026-07-05
517,696,42,1,2026-02-08
518,477,185,5,2025-07-21
519,79,39,3,2025-09-05
520,600,92,1,2025-12-07
521,481,495,1,2026-05-05
522,488,193,3,2025-04-21
523,684,166,3,2026-06-07
524,170,290,5,2026-05-07
525,315,311,5,2024-08-09
526,505,101,1,2025-08-26
527,94,358,3,2026-03-23
528,381,481,2,2025-07-27
529,104,112,2,2026-06-27
530,850,51,5,2026-02-06
531,228,430,1,2025-03-14
532,515,166,3,2025-04-12
533,997,313,1,2026-01-18
534,154,76,2,2026-05-12
535,573,447,4,2024-11-08
536,808,61,4,2024-07-23
537,972,467,3,2025-04-05
538,751,383,4,2026-07-21
539,857,287,2,2024-08-05
540,423,15,1,2025-10-09
541,98,1,1,2025-01-27
542,43,270,3,2024-08-01
543,222,474,3,2024-08-15
544,177,228,5,2025-10-31
545,458,48,1,2025-11-27
546,750,5,4,2024-11-10
547,94,380,2,2025-03-24
548,338,317,5,2025-12-12
549,414,295,1,2025-10-08
550,764,147,5,2026-01-07
551,952,356,5,2026-02-25
552,603,448,1,2026-01-23
553,922,204,3,2024-09-28
554,385,421,1,2025-07-05
555,657,274,4,2026-03-30
556,376,353,3,2024-09-20
557,710,449,5,2024-10-13
558,301,129,2,2024-11-09
559,884,192,4,2025-08-12
560,927,2,4,2026-03-13
561,363,372,5,2025-12-09
562,219,45,4,2024-09-13
563,223,274,1,2024-11-12
564,821,18,3,2026-01-08
565,497,90,1,2026-01-25
566,118,205,2,2025-09-11
567,279,448,2,2025-06-16
568,743,173,2,2025-11-10
569,208,20,1,2025-05-22
570,200,86,5,2026-02-01
571,174,280,4,2025-08-31
572,967,477,1,2024-11-07
573,388,315,4,2025-07-26
574,661,355,1,2025-02-10
575,625,341,3,2024-11-15
576,778,93,3,2026-06-19
577,421,400,3,2025-10-09
578,749,20,1,2026-02-16
579,102,117,1,2025-08-03
580,723,340,1,2024-10-17
581,368,331,2,2026-03-02
582,483,301,3,2025-12-13
583,536,48,3,2026-01-30
584,584,389,5,2025-05-22
585,664,81,2,2025-05-04
586,367,425,2,2025-10-15
587,221,440,2,2026-07-22
588,368,97,3,2024-12-31
589,124,73,2,2025-10-02
590,132,94,2,2024-08-14
591,307,194,1,2024-11-03
592,533,67,5,2025-07-06
593,299,126,1,2025-05-23
594,632,463,3,2026-01-30
595,472,222,2,2025-11-13
596,72,380,5,2026-04-08
597,285,139,4,2026-02-18
598,669,395,5,2025-11-05
599,259,76,3,2025-09-09
600,348,327,4,2025-07-19
601,514,83,5,2025-03-26
602,869,32,3,2025-05-25
603,305,120,5,2025-02-28
604,573,154,4,2025-06-25
605,674,51,1,2025-04-26
606,868,227,4,2025-02-21
607,372,351,3,2026-06-18
608,828,406,1,2024-08-06
609,497,342,2,2025-04-24
610,289,201,2,2026-03-29
611,550,142,5,2025-11-12
612,383,102,3,2025-04-12
613,796,353,5,2025-06-29
614,960,396,1,2025-02-16
615,671,129,3,2026-07-22
616,138,279,1,2025-03-16
617,515,197,1,2024-09-14
618,566,175,1,2025-06-25
619,814,4,4,2024-11-30
620,220,11,3,2025-02-19
621,626,336,5,2024-09-07
622,988,412,4,2024-08-02
623,783,319,4,2024-09-29
624,458,98,4,2026-07-03
625,645,265,4,2025-01-23
626,572,62,3,2025-05-04
627,763,454,3,2025-01-24
628,101,348,3,2025-09-20
629,651,279,2,2026-05-20
630,560,75,4,2025-01-01
631,603,257,3,2026-06-18
632,903,483,5,2025-08-05
633,107,111,4,2026-04-28
634,838,250,1,2025-07-13
635,619,494,5,2025-12-19
636,194,217,4,2025-12-15
637,978,231,3,2025-10-01
638,486,206,1,2026-03-12
639,896,500,4,2026-06-19
640,374,59,1,2025-03-27
641,990,482,1,2026-02-13
642,818,346,1,2026-07-23
643,750,91,2,2024-12-15
644,34,181,4,2025-06-20
645,681,239,2,2025-02-12
646,25,410,4,2026-06-02
647,611,171,3,2026-03-09
648,337,54,4,2026-04-03
649,7,10,3,2026-06-16
650,437,94,4,2026-01-20
651,950,493,3,2026-05-15
652,273,307,1,2025-07-05
653,613,110,4,2026-04-01
654,355,439,1,2025-09-26
655,171,295,2,2025-09-22
656,913,119,5,2024-12-14
657,633,59,3,2024-10-31
658,834,149,2,2024-11-20
659,736,46,5,2025-02-12
660,287,245,4,2025-09-16
661,114,461,4,2025-07-22
662,582,317,4,2025-08-22
663,305,287,4,2025-05-27
664,813,260,2,2025-11-02
665,303,416,3,2024-11-02
666,354,422,3,2025-05-14
667,745,204,5,2025-05-17
668,102,409,4,2026-04-07
669,188,306,5,2026-06-24
670,793,397,4,2025-08-16
671,448,42,2,2025-02-07
672,275,149,4,2025-05-11
673,140,260,2,2026-01-05
674,878,4,1,2024-10-02
675,464,31,4,2026-07-19
676,111,226,3,2025-05-11
677,566,431,4,2025-06-12
678,488,45,2,2026-04-17
679,174,121,2,2025-09-30
680,443,229,1,2026-05-03
681,335,398,2,2024-07-30
682,404,13,4,2024-12-06
683,778,153,2,2025-11-11
684,284,159,2,2025-02-17
685,920,192,3,2026-06-27
686,214,494,2,2024-07-25
687,312,299,4,2026-03-02
688,637,207,1,2024-09-28
689,134,260,3,2025-10-18
690,3,428,2,2024-09-25
691,889,162,3,2025-10-29
692,257,483,5,2025-05-06
693,415,297,5,2024-11-01
694,128,417,5,2026-06-29
695,115,209,5,2025-05-10
696,902,225,1,2024-10-14
697,260,143,2,2025-12-19
698,74,155,3,2025-04-19
699,120,353,4,2026-07-04
700,81,172,1,2024-11-02
701,239,193,3,2026-06-20
702,949,432,4,2026-07-20
703,516,209,2,2025-05-30
704,815,110,3,2024-10-24
705,453,227,5,2026-01-28
706,78,376,2,2024-09-26
707,261,258,4,2025-10-17
708,290,102,3,2024-07-26
709,570,13,3,2024-11-27
710,496,298,4,2025-05-10
711,955,421,2,2025-05-20
712,530,392,4,2025-12-08
713,373,428,3,2025-06-18
714,523,293,5,2024-09-04
715,95,44,3,2026-06-22
716,98,396,1,2025-11-30
717,154,2,1,2025-08-24
718,652,309,2,2025-11-19
719,915,148,2,2025-10-09
720,262,441,4,2025-09-10
721,435,162,1,2025-05-21
722,99,347,3,2025-01-15
723,767,211,3,2025-05-02
724,561,263,5,2025-06-14
725,954,254,5,2024-11-25
726,869,264,1,2025-11-12
727,94,434,3,2024-12-05
728,892,75,4,2024-11-11
729,387,181,4,2026-02-07
730,384,394,1,2026-06-17
731,339,111,4,2026-04-16
732,446,425,5,2025-01-23
733,229,411,3,2026-07-21
734,502,396,5,2025-02-16
735,654,48,5,2026-06-15
736,721,109,2,2025-06-25
737,195,240,3,2026-04-03
738,582,65,4,2025-06-11
739,472,495,3,2025-11-27
740,436,211,2,2025-08-15
741,250,316,2,2026-03-26
742,42,226,3,2024-10-10
743,700,355,5,2026-04-17
744,226,223,4,2025-04-13
745,632,73,5,2025-08-30
746,456,424,3,2024-07-30
747,160,380,4,2025-04-27
748,402,183,4,2024-09-27
749,848,18,2,2025-07-01
750,206,120,4,2024-12-27
751,726,485,2,2024-08-27
752,435,150,1,2024-11-04
753,790,205,5,2024-10-01
754,922,238,5,2025-06-29
755,499,439,1,2025-08-27
756,59,257,1,2026-07-10
757,587,362,1,2026-03-15
758,457,309,3,2025-12-26
759,724,84,2,2025-06-11
760,122,388,5,2024-07-31
761,701,239,5,2025-10-17
762,526,257,3,2026-02-16
763,8,145,3,2025-07-25
764,560,336,3,2025-08-04
765,13,271,4,2025-07-14
766,453,161,3,2025-09-06
767,153,215,2,2026-03-17
768,655,335,2,2025-03-29
769,398,93,2,2026-07-01
770,785,234,2,2024-11-16
771,835,152,3,2025-04-15
772,300,466,5,2024-07-24
773,412,312,5,2026-02-07
774,762,329,2,2024-11-07
775,144,279,4,2026-07-03
776,772,24,4,2025-06-17
777,261,265,1,2025-05-22
778,998,469,3,2025-04-23
779,978,413,5,2025-07-30
780,110,141,2,2024-12-07
781,656,324,4,2024-10-04
782,754,170,2,2024-08-16
783,506,392,1,2024-08-10
784,773,11,5,2025-03-14
785,319,448,4,2024-11-26
786,100,8,2,2025-02-18
787,657,456,2,2025-09-09
788,955,493,5,2025-11-08
789,82,23,3,2025-11-15
790,537,125,4,2026-06-10
791,937,52,3,2025-07-16
792,586,494,2,2025-04-27
793,910,365,3,2025-02-05
794,610,242,4,2025-04-01
795,413,290,5,2025-04-13
796,471,380,5,2025-12-26
797,915,255,1,2025-08-14
798,610,190,3,2025-09-15
799,947,303,1,2026-06-09
800,527,15,5,2025-12-14
801,802,457,5,2024-12-20
802,262,15,3,2025-12-28
803,275,12,1,2025-10-01
804,81,130,3,2026-03-07
805,572,76,2,2025-07-22
806,127,158,2,2024-12-21
807,545,440,2,2025-11-16
808,256,372,5,2025-11-18
809,846,420,2,2026-06-09
810,174,20,5,2025-06-07
811,31,98,2,2024-09-05
812,617,130,1,2024-12-09
813,586,401,4,2024-09-28
814,466,226,3,2026-06-04
815,999,363,5,2025-05-21
816,872,249,2,2025-12-06
817,38,354,2,2025-03-16
818,808,215,4,2025-11-30
819,789,335,2,2025-04-16
820,155,311,1,2025-05-03
821,735,475,3,2025-03-17
822,525,493,5,2025-02-22
823,82,482,4,2024-09-06
824,896,321,2,2025-01-10
825,402,82,5,2025-09-01
826,924,338,2,2025-01-29
827,696,250,3,2024-09-28
828,11,364,5,2024-09-18
829,255,67,5,2025-12-26
830,92,405,5,2025-05-05
831,274,36,2,2025-07-26
832,984,92,2,2024-12-02
833,284,486,5,2025-01-04
834,652,96,5,2025-10-23
835,883,122,1,2026-04-25
836,338,22,3,2026-01-21
837,796,242,4,2025-11-16
838,12,153,3,2025-11-05
839,986,51,4,2025-10-26
840,638,45,3,2026-07-06
841,918,370,2,2026-07-04
842,623,268,4,2026-06-22
843,628,403,4,2025-03-08
844,729,343,4,2024-08-28
845,504,82,4,2026-01-09
846,393,87,2,2025-06-18
847,890,366,5,2026-06-07
848,561,97,3,2025-07-17
849,832,109,1,2026-03-31
850,752,408,3,2025-01-08
851,68,382,3,2024-10-25
852,545,492,3,2024-09-24
853,941,16,4,2026-02-03
854,468,377,1,2026-07-01
855,18,146,5,2025-07-19
856,660,173,5,2025-05-17
857,879,125,1,2026-06-26
858,928,265,4,2025-04-07
859,274,441,3,2026-04-12
860,373,53,5,2026-01-14
861,653,186,1,2026-07-14
862,887,235,2,2025-08-29
863,213,183,3,2025-11-25
864,96,99,1,2024-12-31
865,330,252,1,2025-07-11
866,975,158,4,2024-12-06
867,517,268,1,2024-09-05
868,495,333,2,2025-07-13
869,206,332,5,2024-12-07
870,269,449,4,2024-10-23
871,521,299,5,2025-04-21
872,655,40,1,2025-12-08
873,821,132,3,2024-10-18
874,680,292,2,2024-12-13
875,606,491,3,2025-06-27
876,70,82,4,2024-11-14
877,373,354,4,2025-12-04
878,965,205,5,2025-06-23
879,37,81,2,2026-03-20
880,109,171,4,2025-01-09
881,175,7,2,2025-10-03
882,564,160,1,2025-07-20
883,851,98,1,2025-01-19
884,560,72,2,2025-05-09
885,173,365,5,2024-10-11
886,51,370,5,2026-06-14
887,135,239,4,2026-02-03
888,162,404,2,2025-09-28
889,221,230,5,2024-08-31
890,122,227,5,2025-02-26
891,255,475,5,2026-04-07
892,534,95,4,2024-12-22
893,147,196,2,2025-05-03
894,566,463,4,2025-09-25
895,11,14,5,2025-03-17
896,487,298,5,2026-07-06
897,432,16,2,2025-11-01
898,397,245,1,2025-03-21
899,539,320,1,2026-02-19
900,77,448,1,2024-11-21
901,868,145,1,2026-06-22
902,379,287,1,2025-01-26
903,80,249,3,2025-09-23
904,872,224,1,2025-06-26
905,582,278,5,2026-02-02
906,362,352,2,2025-05-02
907,252,483,1,2026-07-19
908,174,110,5,2025-06-18
909,243,175,2,2024-08-30
910,339,458,5,2025-01-27
911,617,351,2,2024-11-10
912,775,84,5,2026-03-21
913,293,364,3,2024-07-27
914,198,251,3,2025-04-28
915,90,219,2,2026-07-03
916,723,192,4,2025-02-26
917,514,37,4,2026-06-10
918,505,120,4,2025-05-11
919,778,27,1,2025-04-24
920,685,175,2,2026-04-15
921,8,400,3,2024-09-16
922,568,227,3,2026-07-13
923,785,117,3,2024-08-14
924,126,15,2,2026-07-16
925,156,255,1,2025-03-31
926,613,150,1,2025-08-22
927,141,118,5,2025-03-24
928,851,483,2,2025-12-16
929,346,253,1,2024-09-24
930,594,452,4,2025-01-12
931,948,31,1,2026-04-29
932,772,386,5,2025-04-30
933,140,325,3,2025-03-22
934,618,120,1,2024-08-01
935,459,466,1,2025-10-21
936,234,331,2,2026-01-23
937,685,142,5,2025-03-20
938,876,198,3,2025-07-14
939,700,326,1,2025-01-19
940,835,488,1,2024-12-25
941,744,256,1,2026-05-30
942,908,227,2,2024-08-15
943,569,268,3,2024-08-11
944,913,271,5,2026-06-12
945,914,386,2,2025-08-25
946,35,1,4,2026-05-19
947,833,144,5,2024-12-21
948,579,373,1,2024-12-26
949,69,357,5,2025-12-20
950,45,425,1,2024-12-09
951,247,329,5,2025-06-01
952,998,371,3,2024-11-26
953,544,225,2,2025-04-23
954,758,100,2,2026-03-12
955,618,254,1,2026-02-23
956,115,220,1,2024-09-03
957,344,117,4,2026-07-16
958,153,30,3,2026-06-11
959,271,193,5,2025-01-22
960,309,360,2,2025-09-05
961,340,378,2,2026-05-08
962,991,231,3,2025-10-11
963,800,29,3,2024-11-08
964,174,474,3,2025-08-13
965,183,226,5,2025-11-13
966,343,222,2,2025-10-07
967,553,209,4,2024-10-22
968,312,377,3,2026-04-04
969,259,399,4,2026-02-06
970,461,240,4,2024-08-12
971,5,158,3,2026-06-02
972,201,261,3,2026-03-05
973,985,288,2,2025-11-15
974,961,370,4,2026-06-28
975,557,205,3,2025-09-11
976,474,249,2,2025-09-11
977,999,109,3,2025-04-15
978,574,121,4,2024-11-14
979,878,366,4,2025-04-16
980,56,265,1,2025-06-26
981,862,274,1,2024-10-26
982,715,246,3,2026-04-02
983,125,136,3,2025-10-11
984,950,219,5,2025-04-16
985,794,381,2,2026-03-06
986,103,499,3,2024-09-29
987,767,25,3,2024-09-11
988,35,489,2,2024-10-16
989,516,75,4,2025-11-28
990,450,1,2,2026-01-15
991,611,399,2,2025-05-25
992,588,108,5,2026-02-17
993,449,374,1,2024-12-15
994,824,41,1,2025-01-23
995,338,471,2,2024-09-09
996,204,297,2,2025-02-22
997,247,310,4,2025-03-19
998,222,401,1,2024-08-10
999,660,72,4,2025-11-25
1000,449,251,4,2026-04-26
1001,65,203,4,2025-01-27
1002,961,218,3,2025-07-31
1003,102,190,1,2025-01-07
1004,262,65,1,2025-02-17
1005,20,227,4,2024-10-19
1006,766,385,2,2025-03-27
1007,283,375,3,2025-02-16
1008,913,73,5,2026-06-25
1009,676,275,2,2025-02-12
1010,962,284,3,2026-02-23
1011,344,452,5,2025-04-24
1012,292,72,5,2025-06-08
1013,44,468,4,2024-12-24
1014,508,158,4,2026-06-20
1015,216,257,1,2026-07-19
1016,789,142,4,2026-05-25
1017,131,206,5,2025-07-15
1018,185,151,1,2025-07-02
1019,980,180,1,2025-11-01
1020,196,466,4,2026-02-03
1021,692,463,2,2026-02-15
1022,679,109,5,2025-06-05
1023,546,203,2,2025-09-22
1024,467,268,3,2025-04-03
1025,3,270,4,2024-12-26
1026,20,84,3,2026-07-05
1027,252,54,2,2025-10-29
1028,461,100,4,2025-05-26
1029,337,483,2,2025-08-18
1030,184,282,1,2024-12-05
1031,493,415,2,2026-04-27
1032,585,97,3,2025-11-01
1033,603,347,4,2025-08-07
1034,918,390,2,2025-01-03
1035,970,232,1,2025-09-25
1036,766,198,2,2024-10-08
1037,562,424,2,2024-12-02
1038,589,142,5,2025-12-06
1039,859,226,2,2024-12-19
1040,657,93,1,2026-03-01
1041,298,422,2,2025-03-01
1042,683,311,5,2024-12-01
1043,715,113,2,2024-12-10
1044,942,225,3,2025-09-02
1045,688,427,3,2025-12-10
1046,783,441,1,2025-04-19
1047,236,412,2,2026-02-03
1048,676,72,3,2026-05-09
1049,284,405,5,2025-07-29
1050,95,333,2,2025-12-20
1051,493,237,1,2024-09-12
1052,174,60,4,2026-05-22
1053,413,289,1,2025-04-28
1054,869,298,1,2025-07-22
1055,656,452,4,2026-05-04
1056,666,454,1,2025-10-06
1057,630,359,2,2025-09-12
1058,759,454,4,2025-06-04
1059,479,77,1,2024-12-14
1060,514,402,4,2024-09-13
1061,302,81,4,2025-01-12
1062,287,159,4,2025-01-06
1063,15,110,5,2025-05-03
1064,914,186,2,2024-11-23
1065,647,56,3,2026-05-03
1066,569,239,5,2025-12-31
1067,91,495,2,2025-06-24
1068,824,471,2,2025-12-24
1069,555,48,1,2025-05-11
1070,185,153,5,2024-10-18
1071,734,92,4,2025-03-21
1072,217,92,2,2025-12-07
1073,22,223,4,2026-03-04
1074,874,44,3,2025-05-24
1075,929,458,1,2025-04-02
1076,9,94,3,2025-03-18
1077,867,230,4,2025-10-14
1078,311,126,5,2025-07-15
1079,531,247,2,2026-03-22
1080,970,301,2,2025-03-20
1081,899,459,4,2024-10-30
1082,689,329,1,2025-04-19
1083,79,182,1,2024-11-23
1084,599,495,3,2024-10-18
1085,121,2,4,2025-07-25
1086,500,331,1,2024-10-11
1087,392,12,3,2025-01-16
1088,677,357,3,2024-12-02
1089,968,152,4,2024-09-16
1090,396,492,3,2024-10-21
1091,326,98,3,2024-09-06
1092,292,288,1,2026-05-12
1093,864,201,1,2024-10-27
1094,531,372,4,2026-03-25
1095,745,303,1,2025-01-26
1096,596,139,2,2025-05-27
1097,483,81,1,2025-09-17
1098,330,195,2,2025-12-05
1099,710,184,2,2025-06-30
1100,283,140,1,2025-02-01
1101,305,45,3,2024-08-17
1102,372,265,1,2025-05-29
1103,275,386,5,2025-03-15
1104,350,30,1,2026-06-13
1105,531,205,4,2026-04-28
1106,157,19,3,2025-10-02
1107,699,379,2,2025-04-06
1108,141,217,5,2026-06-25
1109,653,486,4,2025-10-12
1110,653,472,5,2024-12-07
1111,950,209,5,2025-05-27
1112,746,1,1,2025-05-12
1113,833,469,3,2025-06-13
1114,839,330,5,2026-05-18
1115,350,468,3,2025-06-13
1116,55,315,2,2025-03-25
1117,672,392,1,2025-04-19
1118,720,207,3,2025-05-24
1119,11,29,5,2026-05-20
1120,96,77,5,2025-08-24
1121,577,409,1,2026-04-14
1122,995,71,3,2024-11-06
1123,628,27,4,2026-01-30
1124,126,201,3,2025-07-20
1125,149,233,5,2025-03-19
1126,236,459,3,2025-07-27
1127,941,489,2,2025-10-14
1128,533,262,5,2026-04-14
1129,609,460,5,2025-07-12
1130,991,420,1,2026-05-09
1131,768,78,2,2024-08-10
1132,975,350,4,2026-01-14
1133,870,396,1,2025-11-24
1134,630,64,4,2024-09-10
1135,67,489,3,2026-06-06
1136,173,413,2,2024-09-06
1137,44,35,3,2025-07-23
1138,748,205,1,2025-01-17
1139,696,6,5,2026-02-06
1140,983,161,1,2026-03-09
1141,998,201,4,2026-04-10
1142,733,270,1,2026-02-27
1143,713,495,4,2025-07-12
1144,234,157,4,2026-03-02
1145,851,485,4,2025-03-14
1146,546,339,1,2025-01-17
1147,297,193,5,2024-12-13
1148,28,297,1,2026-07-06
1149,971,444,4,2026-04-05
1150,533,44,4,2025-09-11
1151,647,442,5,2024-08-10
1152,397,207,3,2025-03-04
1153,165,440,1,2025-04-21
1154,220,171,3,2025-10-15
1155,956,210,2,2025-09-20
1156,917,221,2,2025-01-26
1157,623,241,5,2026-05-11
1158,869,224,3,2025-05-23
1159,370,42,3,2024-11-01
1160,10,365,2,2024-11-26
1161,500,73,5,2025-04-19
1162,72,265,3,2025-11-13
1163,449,355,1,2024-12-04
1164,729,341,4,2025-11-16
1165,775,71,1,2025-12-21
1166,629,498,2,2025-01-31
1167,677,423,4,2025-01-08
1168,157,198,2,2024-10-22
1169,170,301,4,2025-03-26
1170,671,57,2,2024-12-01
1171,392,326,4,2025-02-06
1172,889,329,3,2025-03-19
1173,872,430,2,2025-10-17
1174,719,18,5,2025-11-29
1175,300,379,3,2025-08-26
1176,707,245,4,2025-06-07
1177,586,482,5,2026-02-02
1178,280,2,3,2026-03-30
1179,804,323,1,2024-08-23
1180,38,296,3,2025-04-12
1181,557,278,5,2025-05-06
1182,434,95,5,2026-05-01
1183,212,438,3,2025-12-11
1184,407,75,1,2026-01-05
1185,130,320,4,2024-11-17
1186,408,438,2,2026-07-04
1187,869,360,1,2024-09-19
1188,657,444,4,2025-06-10
1189,227,500,4,2025-08-24
1190,377,155,1,2024-12-23
1191,715,485,4,2025-05-08
1192,88,205,2,2025-12-11
1193,106,74,4,2025-03-26
1194,405,202,3,2026-06-29
1195,564,262,3,2025-08-30
1196,172,212,2,2026-06-02
1197,622,9,3,2025-02-02
1198,59,46,4,2026-06-20
1199,316,179,3,2024-07-26
1200,797,403,4,2025-12-11
1201,839,455,3,2025-01-02
1202,18,107,5,2026-03-19
1203,554,118,2,2024-11-23
1204,674,212,1,2025-01-24
1205,950,149,3,2025-05-25
1206,134,219,2,2026-07-23
1207,246,413,4,2026-05-02
1208,682,125,5,2025-06-21
1209,738,95,2,2024-09-27
1210,409,446,5,2024-09-19
1211,23,233,4,2025-06-01
1212,221,265,2,2025-07-09
1213,326,112,1,2025-02-13
1214,790,131,1,2026-04-05
1215,551,258,4,2026-04-17
1216,127,286,5,2026-05-17
1217,379,305,5,2025-02-04
1218,230,486,2,2026-04-25
1219,398,226,5,2025-03-12
1220,185,362,3,2024-11-26
1221,189,280,3,2025-06-08
1222,707,366,4,2025-04-02
1223,939,352,3,2024-09-21
1224,634,1,2,2024-09-08
1225,949,290,1,2025-06-07
1226,639,323,1,2024-10-29
1227,357,340,5,2024-08-03
1228,628,455,3,2024-11-30
1229,621,249,3,2024-08-23
1230,443,208,5,2024-10-18
1231,769,164,4,2025-10-30
1232,151,54,1,2025-10-23
1233,693,335,5,2025-02-20
1234,787,328,4,2025-08-03
1235,146,401,4,2025-01-20
1236,872,35,4,2025-09-29
1237,253,109,3,2024-11-21
1238,736,281,1,2025-03-20
1239,270,229,3,2025-03-02
1240,665,244,5,2025-06-14
1241,740,247,4,2025-03-06
1242,253,493,1,2026-03-30
1243,949,96,1,2025-08-09
1244,895,93,5,2026-04-16
1245,691,308,5,2025-12-16
1246,310,192,2,2026-02-07
1247,560,53,5,2026-04-17
1248,590,256,5,2026-02-25
1249,795,233,2,2026-04-17
1250,552,232,2,2025-02-20
1251,606,56,1,2026-07-15
1252,371,339,3,2025-03-02
1253,483,10,5,2025-07-14
1254,348,120,5,2026-02-03
1255,73,62,1,2025-07-05
1256,283,329,1,2025-05-17
1257,131,448,3,2025-11-20
1258,56,480,3,2025-09-26
1259,329,194,4,2025-03-20
1260,894,189,5,2025-05-30
1261,6,299,3,2024-07-26
1262,229,121,4,2025-10-03
1263,874,130,2,2025-12-12
1264,287,336,1,2025-05-23
1265,799,236,3,2024-10-31
1266,872,160,1,2025-10-03
1267,193,13,4,2026-02-03
1268,533,273,1,2026-03-13
1269,683,271,1,2025-07-28
1270,873,352,4,2025-08-11
1271,421,81,5,2026-03-31
1272,492,412,1,2026-02-13
1273,685,244,5,2026-06-04
1274,85,296,5,2025-03-17
1275,703,249,4,2025-03-19
1276,20,150,4,2025-12-17
1277,500,331,4,2024-09-23
1278,97,436,4,2024-08-26
1279,558,292,3,2026-06-05
1280,659,132,5,2025-02-26
1281,485,95,4,2025-11-29
1282,832,75,4,2026-04-18
1283,955,115,1,2025-09-25
1284,580,350,4,2025-07-31
1285,966,285,4,2025-10-05
1286,118,438,1,2026-05-14
1287,684,95,1,2025-02-17
1288,145,490,5,2025-01-24
1289,628,230,4,2024-09-15
1290,746,134,5,2025-12-05
1291,104,38,2,2024-08-07
1292,705,64,4,2025-10-01
1293,593,166,1,2025-07-05
1294,819,233,1,2024-12-14
1295,154,333,3,2025-12-10
1296,416,372,5,2025-10-09
1297,162,90,4,2025-07-20
1298,501,207,5,2025-08-21
1299,573,33,3,2026-05-27
1300,715,27,1,2024-10-17
1301,166,100,1,2025-03-08
1302,598,135,5,2026-03-14
1303,510,418,5,2025-07-04
1304,469,195,4,2025-04-14
1305,266,420,3,2025-01-27
1306,653,118,4,2024-12-31
1307,613,302,5,2025-04-18
1308,810,231,1,2025-03-14
1309,642,239,2,2024-09-17
1310,629,150,2,2026-01-13
1311,5,41,5,2025-02-27
1312,609,428,1,2026-03-29
1313,170,350,1,2025-03-23
1314,818,317,4,2025-02-03
1315,260,112,2,2025-11-07
1316,344,315,1,2024-11-08
1317,393,414,5,2026-01-04
1318,476,465,2,2026-05-20
1319,860,372,4,2025-11-12
1320,370,310,1,2024-10-29
1321,96,448,1,2025-12-08
1322,894,398,4,2025-12-03
1323,166,431,2,2025-06-24
1324,60,244,3,2024-08-06
1325,479,18,5,2024-09-18
1326,229,282,3,2026-07-02
1327,648,19,3,2025-08-11
1328,545,347,3,2025-06-16
1329,918,485,4,2025-05-17
1330,991,429,5,2025-07-25
1331,778,217,4,2025-03-09
1332,219,490,1,2025-10-27
1333,12,309,5,2025-11-06
1334,630,448,5,2024-09-17
1335,259,244,4,2024-11-23
1336,11,317,3,2025-06-17
1337,754,293,2,2026-07-13
1338,695,228,3,2025-09-11
1339,468,3,3,2026-06-21
1340,123,81,1,2024-11-27
1341,659,59,5,2024-12-09
1342,317,441,4,2024-12-27
1343,220,424,1,2026-07-01
1344,886,497,1,2025-04-19
1345,608,132,5,2026-01-03
1346,403,376,1,2025-10-15
1347,981,17,1,2026-03-22
1348,936,390,5,2024-10-02
1349,890,251,4,2024-10-27
1350,489,460,5,2026-01-14
1351,681,303,5,2025-10-13
1352,661,50,1,2024-09-21
1353,225,144,4,2025-07-18
1354,531,70,2,2025-06-27
1355,417,242,3,2025-05-09
1356,539,413,3,2025-08-20
1357,13,222,3,2025-07-29
1358,611,339,5,2025-07-07
1359,952,155,5,2025-03-02
1360,641,184,1,2025-11-29
1361,509,318,3,2024-10-28
1362,884,194,2,2026-05-25
1363,412,45,4,2026-05-19
1364,441,104,4,2025-02-15
1365,532,324,4,2024-12-18
1366,416,438,2,2026-07-17
1367,72,361,3,2024-11-30
1368,107,24,1,2024-09-02
1369,4,332,3,2025-04-29
1370,972,171,5,2025-08-01
1371,943,117,1,2025-11-28
1372,704,385,5,2025-11-03
1373,301,21,4,2026-06-02
1374,62,146,3,2026-05-06
1375,24,13,5,2026-03-08
1376,905,211,5,2025-12-01
1377,351,469,3,2025-03-14
1378,906,486,2,2024-12-16
1379,690,41,3,2025-11-15
1380,754,93,2,2025-02-27
1381,505,394,4,2025-11-11
1382,751,499,4,2025-12-09
1383,281,228,5,2025-08-23
1384,359,448,4,2025-02-01
1385,622,56,5,2026-07-14
1386,4,465,4,2024-12-28
1387,464,218,4,2024-12-04
1388,140,453,1,2025-02-14
1389,755,223,4,2025-09-09
1390,922,274,1,2026-07-22
1391,930,422,4,2025-01-25
1392,841,65,3,2026-06-19
1393,899,452,1,2026-01-31
1394,861,134,4,2025-12-07
1395,351,148,5,2024-07-23
1396,64,489,1,2025-11-04
1397,600,211,2,2025-01-16
1398,633,207,4,2024-10-26
1399,216,134,2,2024-10-14
1400,714,106,5,2024-12-10
1401,345,18,4,2025-01-18
1402,770,94,2,2025-04-15
1403,186,165,3,2026-07-02
1404,441,397,3,2026-05-29
1405,829,378,4,2025-01-08
1406,264,356,1,2026-02-17
1407,283,55,4,2025-03-20
1408,648,23,1,2026-04-20
1409,7,222,1,2025-01-12
1410,851,108,5,2025-01-21
1411,850,303,5,2025-08-22
1412,859,360,4,2025-07-01
1413,562,59,5,2025-11-14
1414,88,1,2,2025-07-26
1415,992,149,1,2024-09-16
1416,592,156,2,2025-04-22
1417,148,294,2,2026-03-16
1418,933,126,2,2026-07-14
1419,258,67,1,2026-01-26
1420,779,315,3,2024-09-14
1421,341,37,5,2024-08-13
1422,334,273,4,2026-05-29
1423,967,246,3,2026-05-18
1424,273,397,3,2024-09-10
1425,691,163,5,2025-11-14
1426,778,371,5,2025-06-07
1427,360,94,1,2026-02-25
1428,326,210,4,2025-09-03
1429,2,485,3,2025-07-13
1430,80,254,3,2024-11-12
1431,522,267,3,2025-10-31
1432,565,405,4,2024-12-23
1433,358,166,3,2024-07-26
1434,364,76,2,2025-11-28
1435,69,31,3,2026-05-26
1436,219,315,4,2025-03-29
1437,673,122,1,2025-12-13
1438,417,488,4,2025-03-21
1439,898,373,5,2025-05-09
1440,315,129,1,2025-03-28
1441,846,136,2,2025-10-10
1442,632,428,5,2025-03-23
1443,391,158,3,2026-03-20
1444,155,418,3,2026-04-06
1445,967,251,1,2025-12-04
1446,612,398,2,2026-07-15
1447,507,60,4,2026-07-12
1448,409,152,3,2026-02-19
1449,736,249,3,2025-02-18
1450,375,144,3,2025-10-21
1451,162,300,1,2024-12-17
1452,494,232,4,2026-03-06
1453,795,188,4,2025-12-25
1454,548,125,1,2026-01-31
1455,636,279,4,2024-11-04
1456,266,395,1,2025-08-27
1457,384,351,2,2026-01-01
1458,184,58,5,2026-05-30
1459,4,191,3,2025-10-20
1460,864,444,2,2024-10-07
1461,30,425,4,2025-11-14
1462,673,284,4,2026-04-24
1463,927,29,3,2026-02-16
1464,553,475,4,2025-10-13
1465,313,334,1,2026-07-04
1466,468,388,3,2026-05-01
1467,630,456,5,2024-08-19
1468,819,182,2,2025-09-17
1469,858,484,3,2026-04-05
1470,454,18,3,2025-11-24
1471,268,37,1,2026-05-19
1472,431,341,2,2024-08-26
1473,452,215,2,2026-07-05
1474,498,330,4,2024-08-02
1475,158,315,2,2024-09-12
1476,552,392,1,2025-09-18
1477,204,10,5,2026-06-06
1478,309,90,5,2025-12-25
1479,241,130,2,2024-08-01
1480,212,9,4,2025-01-29
1481,13,299,5,2025-08-08
1482,81,198,3,2024-09-12
1483,319,137,3,2025-11-17
1484,389,251,5,2025-12-22
1485,209,428,1,2025-02-06
1486,953,287,5,2025-06-11
1487,304,170,3,2024-08-17
1488,140,423,5,2025-12-24
1489,463,351,2,2025-01-31
1490,521,325,3,2025-10-08
1491,308,439,2,2024-09-21
1492,818,264,4,2024-12-01
1493,610,85,3,2025-01-04
1494,328,272,4,2025-03-20
1495,73,217,2,2024-08-31
1496,556,15,1,2025-01-03
1497,398,414,2,2025-08-12
1498,410,67,1,2026-05-07
1499,656,3,2,2025-06-26
1500,454,484,4,2025-07-20
1501,781,302,2,2026-06-29
1502,388,43,3,2025-03-23
1503,449,243,5,2024-11-27
1504,341,247,3,2025-06-11
1505,877,128,2,2025-01-30
1506,582,431,2,2025-02-05
1507,912,137,3,2026-05-08
1508,668,497,4,2026-01-30
1509,514,383,3,2026-02-07
1510,459,401,5,2025-09-12
1511,928,31,2,2025-08-25
1512,799,274,2,2025-02-02
1513,19,445,2,2025-06-24
1514,134,430,5,2025-12-02
1515,586,423,2,2025-01-29
1516,830,12,5,2025-12-01
1517,821,258,1,2025-05-08
1518,865,419,3,2026-03-26
1519,941,96,5,2026-04-07
1520,704,131,5,2025-10-28
1521,588,79,4,2026-05-14
1522,524,414,1,2025-06-08
1523,96,9,5,2025-06-04
1524,78,28,1,2024-12-29
1525,631,50,3,2025-11-29
1526,557,189,4,2024-11-29
1527,14,350,1,2025-08-22
1528,621,310,3,2024-09-21
1529,688,170,1,2024-11-22
1530,770,45,3,2026-03-07
1531,300,206,3,2026-04-10
1532,774,380,1,2025-03-08
1533,242,169,3,2025-07-21
1534,372,263,4,2026-02-24
1535,440,104,1,2025-01-10
1536,277,396,4,2026-03-06
1537,955,273,2,2025-11-18
1538,105,354,2,2025-10-03
1539,882,312,3,2025-06-02
1540,694,88,4,2025-09-08
1541,909,308,2,2025-11-29
1542,395,468,1,2026-03-02
1543,314,42,4,2024-09-22
1544,704,361,1,2026-05-04
1545,666,279,4,2026-03-14
1546,837,381,1,2026-04-03
1547,669,195,2,2025-03-04
1548,551,43,1,2025-02-19
1549,751,336,1,2025-02-24
1550,961,3,4,2025-10-31
1551,11,379,3,2024-08-06
1552,536,223,1,2026-03-15
1553,82,270,5,2025-04-08
1554,804,476,1,2025-06-19
1555,231,130,1,2025-04-11
1556,724,240,1,2026-07-10
1557,115,178,1,2025-05-26
1558,625,7,2,2025-05-15
1559,780,460,5,2025-10-31
1560,974,412,4,2025-01-29
1561,987,59,2,2025-12-07
1562,179,344,5,2026-04-16
1563,15,480,5,2026-01-29
1564,39,486,4,2025-01-09
1565,567,121,3,2026-04-23
1566,168,199,4,2025-09-15
1567,999,72,2,2025-01-23
1568,963,172,5,2024-11-17
1569,273,2,5,2025-07-04
1570,450,414,1,2026-01-06
1571,94,253,5,2026-03-21
1572,279,266,1,2025-03-01
1573,460,149,4,2026-03-18
1574,928,423,4,2025-07-08
1575,717,175,4,2025-02-19
1576,624,60,1,2025-04-20
1577,429,423,1,2026-06-21
1578,103,294,5,2025-01-26
1579,861,399,2,2025-11-08
1580,615,118,3,2026-05-13
1581,290,349,4,2025-06-10
1582,271,229,2,2025-06-14
1583,278,398,2,2026-02-01
1584,161,40,3,2024-11-19
1585,338,410,2,2025-02-16
1586,738,63,4,2024-09-09
1587,827,467,2,2025-07-27
1588,753,353,3,2026-05-17
1589,779,344,4,2025-05-01
1590,176,111,4,2025-11-23
1591,740,207,1,2026-02-11
1592,829,213,1,2025-03-16
1593,261,304,1,2026-05-25
1594,826,79,5,2024-09-14
1595,411,41,1,2024-12-23
1596,304,106,3,2025-05-28
1597,442,64,5,2026-05-02
1598,808,264,2,2025-09-03
1599,354,344,5,2026-03-20
1600,998,381,5,2024-10-31
1601,565,474,4,2025-01-24
1602,301,116,5,2026-03-29
1603,195,337,4,2025-10-29
1604,963,225,3,2025-10-01
1605,926,54,3,2024-09-27
1606,324,269,3,2025-11-26
1607,763,218,5,2025-06-13
1608,265,227,4,2025-07-17
1609,882,422,3,2025-02-23
1610,867,306,5,2025-09-06
1611,928,488,3,2026-05-08
1612,627,411,1,2025-11-24
1613,134,54,1,2025-03-03
1614,203,110,5,2025-06-12
1615,356,479,4,2025-04-01
1616,91,132,1,2026-07-14
1617,793,40,1,2025-06-13
1618,746,380,2,2025-03-15
1619,459,396,3,2026-05-05
1620,589,358,3,2025-12-14
1621,116,462,5,2024-10-01
1622,405,50,4,2026-01-01
1623,378,98,1,2025-09-06
1624,75,279,1,2025-04-22
1625,995,200,2,2025-06-28
1626,773,370,3,2024-10-28
1627,515,110,3,2025-11-20
1628,319,346,3,2026-01-02
1629,463,237,2,2025-01-09
1630,683,36,2,2025-01-18
1631,359,293,5,2025-03-04
1632,138,449,2,2024-07-24
1633,822,263,1,2026-03-05
1634,655,459,5,2026-07-04
1635,888,356,3,2026-07-17
1636,293,420,3,2025-03-09
1637,355,111,4,2025-10-01
1638,340,87,3,2026-05-16
1639,3,144,2,2026-02-15
1640,730,450,4,2026-06-17
1641,611,13,2,2024-07-30
1642,404,112,2,2025-11-25
1643,144,55,4,2026-03-19
1644,826,395,2,2025-11-14
1645,264,488,5,2026-06-16
1646,915,201,1,2025-10-17
1647,136,191,5,2025-07-26
1648,459,456,3,2025-05-17
1649,454,400,1,2026-01-31
1650,633,116,3,2026-05-26
1651,872,108,4,2024-08-30
1652,881,350,2,2024-07-23
1653,439,476,4,2024-10-18
1654,507,284,5,2025-10-24
1655,898,121,4,2024-12-27
1656,781,247,2,2025-08-03
1657,329,133,2,2024-11-15
1658,637,404,1,2026-04-02
1659,527,351,1,2025-02-03
1660,315,219,5,2024-10-02
1661,364,14,1,2024-12-06
1662,956,474,4,2026-02-12
1663,977,331,2,2026-01-21
1664,754,271,3,2025-02-05
1665,364,243,4,2026-06-03
1666,966,297,1,2025-07-21
1667,171,338,3,2025-07-30
1668,591,165,3,2026-01-06
1669,325,100,2,2024-10-30
1670,775,31,5,2025-08-07
1671,659,236,5,2025-07-31
1672,975,476,5,2025-05-09
1673,260,324,3,2026-05-08
1674,440,300,1,2025-12-31
1675,598,77,5,2024-11-14
1676,304,488,2,2025-07-12
1677,615,297,1,2026-04-12
1678,805,129,4,2024-11-04
1679,871,422,4,2024-10-26
1680,561,317,4,2025-08-15
1681,79,372,4,2025-05-20
1682,804,372,3,2024-12-21
1683,183,459,1,2025-01-28
1684,508,310,4,2026-02-22
1685,172,36,4,2025-11-24
1686,903,279,4,2025-08-15
1687,714,96,5,2025-10-16
1688,239,413,4,2025-01-11
1689,905,9,5,2025-03-04
1690,524,377,4,2024-12-04
1691,524,254,5,2025-06-17
1692,304,363,2,2026-02-13
1693,363,382,4,2025-04-28
1694,51,99,2,2025-10-20
1695,119,195,4,2026-05-25
1696,726,269,5,2025-08-02
1697,762,160,5,2026-07-17
1698,531,373,2,2025-03-09
1699,967,380,1,2024-09-12
1700,105,109,5,2026-01-28
1701,774,193,2,2025-02-26
1702,837,327,2,2025-03-11
1703,312,44,1,2026-04-23
1704,69,252,4,2025-11-30
1705,529,172,3,2026-02-17
1706,500,242,3,2026-02-21
1707,293,10,5,2025-07-05
1708,452,143,5,2024-10-11
1709,1,61,3,2024-12-04
1710,842,331,5,2025-08-30
1711,225,284,5,2025-09-16
1712,8,60,4,2024-12-06
1713,742,307,1,2025-04-30
1714,171,294,1,2025-05-14
1715,674,488,4,2024-11-23
1716,106,289,3,2025-11-14
1717,374,120,4,2025-11-06
1718,74,218,4,2025-10-25
1719,493,37,4,2024-11-27
1720,361,344,5,2025-06-29
1721,834,151,5,2025-01-06
1722,529,256,1,2025-06-02
1723,94,337,4,2026-03-19
1724,651,450,4,2026-06-01
1725,992,497,3,2025-08-16
1726,595,441,2,2025-05-18
1727,714,158,2,2026-01-11
1728,419,217,1,2025-06-30
1729,92,132,2,2025-08-26
1730,853,289,4,2025-12-30
1731,108,213,1,2025-08-09
1732,895,32,1,2024-08-07
1733,680,4,3,2026-03-27
1734,586,284,3,2026-01-22
1735,144,350,4,2025-06-10
1736,228,395,2,2025-04-08
1737,730,484,2,2024-12-12
1738,550,80,4,2025-01-18
1739,665,12,2,2026-05-17
1740,612,148,5,2026-01-04
1741,553,120,1,2025-03-10
1742,411,347,4,2026-07-11
1743,39,227,4,2025-07-10
1744,617,37,5,2025-09-17
1745,200,182,5,2026-04-26
1746,964,433,1,2025-05-19
1747,35,399,2,2026-01-11
1748,768,7,4,2026-07-09
1749,728,232,5,2024-12-25
1750,707,334,5,2025-11-24
1751,197,455,3,2025-01-27
1752,228,392,3,2026-06-27
1753,939,54,4,2024-10-13
1754,667,112,4,2025-05-05
1755,480,181,2,2024-09-08
1756,993,240,2,2025-07-05
1757,712,432,5,2026-06-14
1758,919,339,4,2024-10-27
1759,939,5,2,2025-02-02
1760,626,210,2,2025-05-02
1761,584,24,4,2026-03-23
1762,646,217,1,2026-03-30
1763,151,344,4,2026-04-07
1764,452,22,4,2026-06-19
1765,23,264,5,2025-11-08
1766,230,492,5,2025-10-09
1767,181,442,4,2026-03-31
1768,74,116,4,2025-04-04
1769,667,440,3,2026-03-22
1770,307,409,1,2024-11-25
1771,178,268,5,2025-07-23
1772,550,457,2,2025-03-26
1773,896,199,4,2024-10-12
1774,997,279,4,2024-11-03
1775,476,261,3,2025-08-27
1776,75,326,2,2026-05-10
1777,257,82,4,2025-01-02
1778,976,77,4,2025-09-17
1779,194,465,4,2026-06-27
1780,410,211,2,2025-04-20
1781,552,71,4,2024-10-06
1782,527,159,5,2024-08-01
1783,26,390,4,2025-07-22
1784,661,288,2,2025-05-15
1785,368,500,3,2025-02-08
1786,706,181,1,2026-05-08
1787,824,266,1,2024-10-14
1788,749,462,1,2026-06-13
1789,29,340,4,2026-03-12
1790,387,66,3,2025-03-09
1791,523,243,2,2025-01-24
1792,397,23,4,2025-12-24
1793,711,405,1,2025-08-22
1794,97,215,2,2025-04-29
1795,92,232,4,2026-03-11
1796,611,58,3,2026-01-21
1797,712,196,2,2025-10-20
1798,364,151,2,2025-09-28
1799,661,349,1,2025-03-26
1800,359,388,3,2026-07-14
1801,42,4,4,2025-11-16
1802,897,116,5,2024-11-16
1803,968,122,4,2025-08-22
1804,890,223,5,2025-09-11
1805,200,461,3,2025-12-24
1806,348,277,4,2026-04-15
1807,958,186,1,2025-10-14
1808,717,303,5,2026-04-04
1809,146,120,4,2026-06-08
1810,376,418,4,2025-10-16
1811,121,318,3,2026-06-25
1812,360,370,5,2024-09-05
1813,73,294,4,2025-03-26
1814,439,57,4,2025-03-22
1815,997,211,5,2024-10-10
1816,653,417,5,2025-05-01
1817,914,267,2,2024-12-05
1818,591,444,4,2025-09-30
1819,58,353,3,2026-06-05
1820,155,418,2,2025-07-23
1821,929,455,5,2025-05-30
1822,155,469,5,2025-06-08
1823,250,128,2,2025-11-11
1824,454,265,4,2024-10-22
1825,891,322,1,2025-10-04
1826,314,426,5,2025-01-24
1827,317,274,1,2025-03-28
1828,702,326,3,2024-08-11
1829,30,195,3,2025-08-30
1830,175,394,5,2025-07-07
1831,903,381,2,2025-09-13
1832,43,484,1,2025-01-21
1833,517,117,2,2025-05-13
1834,87,357,4,2025-02-27
1835,590,421,2,2026-06-30
1836,384,51,2,2025-05-29
1837,323,359,4,2024-11-17
1838,574,455,5,2026-05-29
1839,877,359,4,2025-09-17
1840,39,186,3,2025-10-30
1841,658,35,5,2025-05-27
1842,204,314,5,2026-05-26
1843,95,422,4,2024-12-09
1844,381,141,5,2025-06-30
1845,836,463,1,2025-02-06
1846,397,61,5,2025-03-12
1847,70,445,5,2024-11-09
1848,491,45,3,2026-02-01
1849,875,353,1,2026-06-18
1850,216,93,2,2026-05-27
1851,91,237,3,2026-07-09
1852,816,279,5,2024-08-22
1853,255,425,1,2026-04-23
1854,377,162,2,2025-08-27
1855,467,43,1,2024-08-15
1856,631,196,3,2026-03-23
1857,905,312,4,2025-08-01
1858,739,65,4,2025-01-18
1859,645,164,1,2025-01-30
1860,160,39,2,2026-03-13
1861,988,24,3,2026-01-18
1862,510,173,1,2025-02-02
1863,494,291,5,2025-03-23
1864,822,14,5,2025-11-06
1865,996,367,1,2025-02-11
1866,510,140,1,2024-09-15
1867,757,474,4,2025-06-26
1868,102,39,5,2026-03-24
1869,539,298,4,2026-05-17
1870,238,82,4,2024-10-29
1871,828,186,3,2024-11-16
1872,399,80,4,2026-03-14
1873,556,116,1,2025-10-03
1874,988,308,3,2024-11-12
1875,61,220,3,2025-12-12
1876,335,488,5,2025-05-15
1877,679,242,5,2026-05-05
1878,102,121,2,2026-06-25
1879,487,229,2,2025-12-18
1880,709,327,2,2026-05-12
1881,798,43,1,2025-06-24
1882,321,166,5,2025-01-19
1883,598,152,1,2025-07-18
1884,200,251,1,2025-09-26
1885,459,133,1,2025-03-16
1886,362,409,3,2025-02-02
1887,479,366,4,2024-09-17
1888,978,330,5,2025-08-13
1889,66,21,5,2025-03-27
1890,27,82,3,2024-12-24
1891,135,164,3,2025-01-18
1892,84,232,1,2026-04-18
1893,89,232,3,2025-09-10
1894,548,160,1,2025-06-11
1895,211,317,1,2024-09-23
1896,693,367,3,2026-04-18
1897,386,137,3,2025-12-16
1898,5,236,1,2025-11-25
1899,849,48,4,2024-12-10
1900,688,58,4,2026-02-09
1901,956,79,5,2026-01-18
1902,982,53,5,2024-08-05
1903,631,273,2,2026-05-02
1904,881,483,4,2026-02-25
1905,358,27,3,2026-05-14
1906,780,196,1,2025-05-10
1907,600,63,2,2025-08-15
1908,111,247,2,2025-07-19
1909,749,492,1,2025-11-05
1910,329,469,1,2026-05-28
1911,377,442,3,2025-04-03
1912,213,458,3,2025-11-30
1913,400,287,4,2026-06-22
1914,537,341,1,2026-04-15
1915,354,354,1,2025-04-18
1916,179,480,2,2025-08-31
1917,944,317,5,2025-09-01
1918,525,368,3,2025-03-08
1919,972,307,5,2025-01-09
1920,363,179,4,2025-02-06
1921,377,411,3,2025-11-18
1922,172,64,4,2024-11-23
1923,296,101,4,2024-10-22
1924,543,7,3,2025-08-12
1925,570,449,4,2025-11-17
1926,140,238,2,2026-07-06
1927,344,332,3,2024-11-20
1928,604,88,4,2026-02-22
1929,845,111,3,2024-10-23
1930,409,258,3,2025-10-26
1931,60,74,4,2024-08-26
1932,823,158,5,2025-06-02
1933,267,263,3,2024-11-04
1934,743,425,3,2024-12-12
1935,626,188,5,2025-03-16
1936,548,245,5,2025-03-11
1937,76,292,3,2026-04-16
1938,980,422,3,2025-02-06
1939,212,211,4,2026-04-01
1940,945,337,5,2024-08-05
1941,273,46,2,2024-10-28
1942,967,487,2,2026-05-05
1943,3,432,3,2025-09-07
1944,177,253,5,2024-12-17
1945,142,490,5,2026-07-20
1946,472,182,3,2025-08-20
1947,623,156,4,2026-04-27
1948,910,110,4,2026-07-07
1949,215,165,2,2025-07-25
1950,414,186,5,2026-07-02
1951,805,323,3,2024-12-20
1952,911,283,3,2025-07-16
1953,415,83,4,2026-01-10
1954,519,357,3,2025-02-18
1955,574,173,2,2024-12-24
1956,907,471,2,2026-02-06
1957,203,264,5,2026-06-20
1958,93,323,4,2025-02-03
1959,895,344,4,2025-12-29
1960,579,8,2,2024-11-26
1961,102,421,2,2026-03-20
1962,307,31,4,2026-07-20
1963,379,495,5,2024-11-30
1964,442,61,4,2024-12-19
1965,735,99,1,2026-01-21
1966,814,29,5,2025-03-13
1967,803,78,1,2025-12-21
1968,895,327,2,2025-07-05
1969,875,64,1,2026-03-20
1970,435,244,1,2024-11-13
1971,310,90,5,2025-08-04
1972,739,295,5,2024-09-05
1973,470,246,1,2025-03-18
1974,79,373,3,2025-09-28
1975,946,450,3,2024-09-14
1976,762,365,3,2024-11-07
1977,436,43,1,2026-03-16
1978,917,87,2,2026-07-03
1979,842,184,2,2025-02-21
1980,735,422,5,2025-09-15
1981,261,351,5,2025-01-25
1982,231,102,3,2025-04-30
1983,383,451,2,2025-01-17
1984,738,69,2,2025-10-31
1985,214,323,2,2025-06-06
1986,450,219,3,2025-10-11
1987,989,270,3,2026-02-17
1988,88,163,3,2025-04-07
1989,48,468,5,2024-07-29
1990,825,176,4,2026-06-15
1991,203,229,1,2025-09-03
1992,270,158,1,2025-05-18
1993,194,66,5,2025-03-11
1994,608,321,1,2026-06-10
1995,292,196,5,2026-01-10
1996,757,13,2,2026-06-18
1997,66,146,1,2026-05-15
1998,802,203,5,2026-02-19
1999,774,479,1,2026-03-01
2000,830,299,1,2024-11-22
2001,748,437,5,2025-02-09
2002,970,461,4,2025-12-21
2003,134,490,4,2026-02-16
2004,764,352,4,2025-10-27
2005,68,289,2,2025-10-28
2006,409,22,2,2026-06-13
2007,174,218,5,2025-01-06
2008,393,366,5,2025-06-01
2009,292,415,4,2025-01-05
2010,89,50,2,2025-05-14
2011,354,61,2,2025-06-25
2012,167,411,2,2024-10-29
2013,146,327,1,2026-06-21
2014,28,456,4,2024-11-23
2015,838,215,2,2024-08-09
2016,202,350,5,2025-11-27
2017,937,25,1,2025-06-24
2018,731,30,2,2025-05-25
2019,92,342,3,2025-06-07
2020,410,495,4,2026-03-07
2021,26,471,4,2026-06-29
2022,265,301,4,2026-01-03
2023,814,340,2,2025-06-21
2024,428,299,4,2024-12-21
2025,139,451,4,2026-03-22
2026,886,496,5,2025-08-18
2027,92,221,5,2025-10-21
2028,925,440,4,2025-11-20
2029,422,339,1,2025-07-09
2030,87,51,4,2026-01-31
2031,146,305,2,2026-02-05
2032,218,396,2,2026-02-22
2033,703,93,2,2024-12-03
2034,259,81,2,2025-01-02
2035,806,421,1,2025-02-15
2036,638,84,1,2025-03-31
2037,619,339,1,2025-08-17
2038,659,324,2,2026-03-29
2039,789,250,1,2024-09-22
2040,848,43,2,2025-02-15
2041,211,219,4,2025-02-07
2042,178,94,3,2024-12-26
2043,940,343,4,2024-12-04
2044,646,370,3,2025-09-19
2045,236,121,4,2025-12-12
2046,731,442,3,2026-01-23
2047,946,457,3,2025-06-15
2048,632,114,5,2025-05-04
2049,645,320,2,2024-10-16
2050,477,442,2,2026-01-31
2051,257,123,1,2024-08-28
2052,3,445,3,2025-09-22
2053,968,305,3,2025-05-31
2054,645,217,5,2025-06-03
2055,314,23,5,2025-02-12
2056,745,441,5,2025-11-14
2057,715,390,5,2025-10-06
2058,819,415,2,2024-10-06
2059,94,164,3,2025-10-13
2060,608,228,4,2024-11-07
2061,610,170,5,2026-06-09
2062,45,290,3,2025-03-17
2063,339,57,1,2026-07-15
2064,669,223,2,2025-09-26
2065,522,84,5,2026-04-06
2066,312,435,4,2025-12-05
2067,171,421,1,2025-05-08
2068,892,116,2,2026-07-15
2069,735,192,1,2025-02-07
2070,256,215,2,2025-07-18
2071,125,329,2,2026-03-27
2072,224,69,3,2026-01-23
2073,168,200,1,2026-01-24
2074,320,263,4,2026-03-09
2075,598,325,4,2025-08-05
2076,161,300,2,2025-03-21
2077,169,445,1,2025-02-21
2078,617,116,2,2025-11-30
2079,751,218,4,2025-11-01
2080,204,418,3,2025-02-05
2081,823,500,1,2025-10-19
2082,962,162,1,2025-04-06
2083,21,10,4,2025-01-30
2084,894,77,4,2026-02-12
2085,429,252,3,2025-11-22
2086,867,436,2,2025-07-31
2087,268,447,1,2025-08-10
2088,992,76,5,2025-02-23
2089,82,312,3,2026-02-27
2090,667,401,3,2024-12-21
2091,598,351,1,2024-08-04
2092,514,446,1,2025-07-30
2093,592,459,2,2024-11-06
2094,820,35,1,2025-10-06
2095,718,17,2,2025-12-09
2096,877,465,3,2026-07-07
2097,928,456,4,2025-05-31
2098,971,322,3,2025-10-21
2099,46,246,5,2025-07-16
2100,958,461,1,2025-11-28
2101,812,99,2,2026-06-30
2102,511,374,1,2025-11-22
2103,675,484,1,2026-05-16
2104,203,137,1,2024-10-21
2105,63,461,2,2025-07-31
2106,306,361,2,2025-06-08
2107,137,141,2,2024-11-09
2108,982,66,2,2024-08-10
2109,70,263,3,2025-05-03
2110,960,109,3,2025-09-07
2111,206,239,4,2025-03-14
2112,213,333,2,2025-12-08
2113,809,237,5,2025-02-13
2114,506,31,2,2024-12-17
2115,839,84,1,2024-10-12
2116,456,479,5,2026-04-06
2117,415,490,3,2024-10-09
2118,490,191,4,2024-10-23
2119,707,369,2,2024-12-17
2120,376,145,1,2024-08-13
2121,318,491,3,2025-08-30
2122,415,161,5,2025-12-12
2123,185,445,2,2026-06-26
2124,562,109,3,2026-06-17
2125,611,127,4,2026-03-18
2126,628,451,4,2025-06-25
2127,169,482,1,2025-08-12
2128,214,38,4,2026-02-10
2129,779,383,1,2026-07-08
2130,502,72,1,2024-10-21
2131,121,25,4,2024-11-07
2132,17,35,5,2025-05-02
2133,704,390,1,2025-01-31
2134,606,23,4,2025-12-27
2135,736,295,5,2026-04-19
2136,36,292,4,2024-10-09
2137,295,487,2,2025-11-12
2138,470,473,2,2026-02-21
2139,961,220,5,2026-06-13
2140,196,92,5,2026-02-09
2141,832,249,1,2026-07-06
2142,50,340,1,2026-06-27
2143,50,50,2,2025-12-30
2144,601,58,5,2025-09-13
2145,171,426,4,2025-01-17
2146,739,151,1,2026-01-27
2147,136,70,4,2026-03-28
2148,792,413,4,2024-10-28
2149,936,163,1,2025-12-27
2150,316,274,1,2026-05-31
2151,467,31,5,2025-03-29
2152,412,500,4,2024-07-24
2153,334,294,5,2025-04-21
2154,42,471,3,2026-07-16
2155,222,125,1,2024-09-07
2156,446,129,3,2026-01-01
2157,346,108,4,2026-03-19
2158,529,55,5,2026-05-14
2159,197,353,4,2024-11-22
2160,676,294,3,2024-10-04
2161,908,466,1,2026-01-29
2162,645,232,3,2025-11-27
2163,829,155,2,2025-05-11
2164,249,221,1,2026-06-22
2165,673,278,4,2025-01-27
2166,639,368,1,2025-05-16
2167,200,361,1,2026-06-01
2168,897,283,2,2025-02-09
2169,727,176,3,2026-02-15
2170,813,97,2,2025-07-05
2171,910,405,3,2026-05-04
2172,837,374,4,2025-06-26
2173,245,352,3,2025-02-15
2174,120,32,3,2025-02-18
2175,95,295,1,2024-10-21
2176,917,293,5,2025-10-19
2177,907,62,1,2025-10-14
2178,481,393,5,2026-06-30
2179,550,308,4,2025-01-21
2180,611,113,4,2025-01-30
2181,253,172,5,2024-09-27
2182,615,191,1,2024-10-13
2183,55,434,1,2025-12-15
2184,450,393,4,2025-01-16
2185,706,256,3,2025-07-04
2186,312,419,4,2025-08-17
2187,715,191,2,2024-08-22
2188,862,36,2,2025-04-09
2189,531,81,5,2025-03-05
2190,248,267,5,2026-05-29
2191,34,126,5,2026-04-02
2192,546,194,5,2025-05-12
2193,777,474,2,2025-10-17
2194,523,329,4,2026-05-11
2195,587,193,1,2025-05-20
2196,545,286,3,2025-03-03
2197,871,193,4,2024-08-08
2198,701,240,4,2025-10-05
2199,682,206,4,2026-03-19
2200,143,13,5,2025-09-27
2201,644,171,5,2024-12-20
2202,921,235,3,2024-12-16
2203,752,230,3,2025-05-13
2204,287,281,4,2025-03-07
2205,283,48,2,2026-02-17
2206,123,336,3,2025-10-27
2207,530,354,4,2025-01-30
2208,677,222,1,2025-09-07
2209,777,201,2,2025-06-28
2210,867,178,3,2025-03-20
2211,448,165,5,2024-12-31
2212,238,405,4,2024-09-10
2213,800,436,1,2025-11-23
2214,154,61,4,2025-07-28
2215,644,292,5,2025-02-08
2216,511,211,2,2026-03-14
2217,922,408,5,2026-06-08
2218,434,285,4,2026-02-24
2219,635,338,4,2026-01-14
2220,678,94,4,2024-08-04
2221,182,359,5,2025-03-02
2222,594,485,4,2026-04-26
2223,255,40,2,2024-09-24
2224,286,413,2,2025-05-05
2225,956,68,1,2026-06-01
2226,538,353,3,2025-03-12
2227,134,6,2,2025-10-17
2228,330,13,2,2025-10-16
2229,427,35,3,2025-12-01
2230,960,322,4,2025-07-08
2231,747,317,2,2025-09-18
2232,1,271,3,2025-01-03
2233,760,2,5,2025-08-10
2234,299,188,2,2025-11-08
2235,271,36,1,2024-09-22
2236,156,266,1,2026-07-15
2237,608,325,3,2025-04-06
2238,825,341,1,2025-02-01
2239,423,143,2,2025-05-04
2240,251,100,2,2026-03-12
2241,49,333,1,2025-08-10
2242,980,187,1,2024-07-27
2243,208,84,2,2025-05-17
2244,593,41,4,2025-10-31
2245,47,245,3,2025-03-05
2246,176,414,2,2026-05-20
2247,670,233,1,2025-03-29
2248,487,316,5,2024-08-06
2249,977,417,3,2024-10-26
2250,795,448,2,2024-07-27
2251,967,153,2,2025-05-16
2252,148,25,4,2026-01-07
2253,96,269,4,2024-08-04
2254,157,391,2,2025-12-12
2255,819,5,4,2025-04-13
2256,959,12,5,2025-01-12
2257,400,267,5,2025-01-15
2258,9,407,2,2026-06-02
2259,151,10,4,2025-06-09
2260,300,139,5,2024-11-16
2261,304,313,2,2025-06-15
2262,865,51,2,2025-05-29
2263,832,319,2,2024-10-04
2264,232,185,3,2024-11-19
2265,731,433,4,2026-03-22
2266,267,143,5,2026-05-11
2267,576,421,1,2026-07-14
2268,906,315,1,2025-11-23
2269,405,476,3,2024-10-31
2270,539,321,1,2024-11-14
2271,86,173,2,2026-01-21
2272,332,411,4,2024-11-08
2273,878,288,2,2024-09-30
2274,868,368,2,2025-08-26
2275,766,210,5,2025-03-21
2276,717,188,1,2025-12-31
2277,987,385,2,2025-08-07
2278,954,484,5,2026-01-24
2279,578,225,3,2025-01-19
2280,865,33,2,2025-01-05
2281,80,147,3,2024-12-13
2282,74,266,1,2026-02-20
2283,189,89,5,2025-01-12
2284,176,219,3,2026-03-11
2285,615,88,5,2025-01-07
2286,390,358,4,2025-11-01
2287,654,434,4,2025-04-26
2288,78,380,2,2026-02-17
2289,505,303,2,2026-06-21
2290,811,355,3,2026-06-28
2291,807,279,3,2025-07-08
2292,250,316,4,2026-06-10
2293,210,438,4,2025-09-29
2294,743,310,2,2025-11-24
2295,622,125,1,2026-03-11
2296,896,79,5,2026-07-18
2297,428,129,5,2026-01-19
2298,800,50,2,2026-05-06
2299,548,337,2,2026-05-21
2300,766,433,2,2024-08-14
2301,205,3,1,2025-08-13
2302,1000,165,5,2026-05-05
2303,431,443,3,2024-11-07
2304,78,359,4,2026-03-16
2305,85,122,2,2025-01-24
2306,164,470,2,2024-07-27
2307,237,77,2,2026-01-12
2308,826,34,5,2026-01-07
2309,615,318,4,2025-01-17
2310,401,220,1,2024-12-07
2311,479,339,4,2025-10-04
2312,608,275,3,2025-09-29
2313,862,35,4,2024-09-19
2314,498,410,3,2025-09-04
2315,100,278,5,2025-04-15
2316,630,248,3,2026-05-24
2317,234,240,4,2025-12-28
2318,927,278,4,2025-08-05
2319,267,263,3,2024-08-03
2320,59,497,3,2025-02-01
2321,805,208,3,2026-02-01
2322,849,471,5,2026-05-29
2323,713,324,1,2026-04-03
2324,332,349,2,2024-12-16
2325,906,309,4,2026-02-02
2326,79,66,2,2024-12-05
2327,908,451,4,2024-08-13
2328,921,263,5,2026-05-30
2329,66,236,4,2026-04-26
2330,345,187,2,2025-07-20
2331,823,147,4,2025-08-25
2332,787,163,3,2025-03-02
2333,952,146,2,2025-02-28
2334,95,35,2,2025-06-16
2335,67,69,4,2026-03-21
2336,343,393,3,2025-03-26
2337,490,364,5,2025-08-26
2338,531,156,1,2025-06-23
2339,595,303,5,2025-10-26
2340,511,309,1,2024-09-24
2341,208,159,3,2025-01-06
2342,876,335,1,2024-09-15
2343,448,54,3,2025-09-22
2344,308,128,3,2025-11-07
2345,869,155,4,2025-10-05
2346,854,434,4,2026-06-14
2347,951,430,1,2025-02-10
2348,443,451,5,2026-05-29
2349,152,380,1,2025-04-01
2350,360,186,1,2025-02-01
2351,121,88,2,2024-08-17
2352,456,264,1,2026-06-07
2353,993,60,2,2025-04-10
2354,38,226,2,2026-07-02
2355,275,415,1,2026-04-01
2356,538,380,4,2026-04-04
2357,738,17,4,2025-08-08
2358,673,112,2,2026-06-11
2359,1000,242,1,2026-07-06
2360,519,436,3,2025-02-25
2361,682,72,4,2025-12-11
2362,978,234,1,2025-02-16
2363,654,417,1,2025-10-21
2364,198,18,2,2025-11-14
2365,177,460,4,2025-08-27
2366,698,176,1,2024-09-17
2367,468,442,2,2025-10-21
2368,524,280,3,2025-10-01
2369,38,490,2,2024-12-22
2370,648,86,3,2025-03-01
2371,777,360,1,2024-07-30
2372,899,158,2,2025-01-31
2373,875,17,1,2025-05-25
2374,331,366,3,2024-07-29
2375,261,210,5,2025-04-27
2376,372,242,1,2026-02-04
2377,150,349,3,2026-01-14
2378,22,236,5,2025-01-26
2379,932,361,1,2026-06-12
2380,360,291,5,2025-01-23
2381,368,309,5,2024-11-02
2382,486,111,5,2025-09-17
2383,22,181,3,2025-05-13
2384,300,190,3,2025-04-10
2385,834,65,3,2025-08-18
2386,877,293,5,2026-06-10
2387,553,249,3,2025-05-31
2388,123,246,2,2025-12-01
2389,556,176,1,2025-07-30
2390,338,409,4,2025-01-04
2391,989,451,3,2026-01-23
2392,672,420,5,2026-01-29
2393,586,56,2,2026-04-22
2394,202,117,4,2026-06-19
2395,926,218,5,2024-09-14
2396,805,455,1,2025-10-02
2397,54,163,4,2026-07-12
2398,291,253,4,2025-04-16
2399,958,120,3,2024-10-28
2400,172,480,3,2026-06-09
2401,676,216,4,2026-04-28
2402,914,256,3,2025-12-22
2403,605,159,4,2025-01-23
2404,58,306,2,2024-11-20
2405,629,89,1,2025-05-19
2406,499,252,3,2025-12-20
2407,384,296,2,2024-11-24
2408,822,419,5,2025-09-18
2409,110,154,2,2025-02-17
2410,835,54,5,2025-04-08
2411,644,272,1,2025-01-19
2412,113,253,2,2026-06-21
2413,263,204,1,2025-09-06
2414,474,302,2,2025-03-26
2415,932,391,1,2025-11-12
2416,90,31,2,2026-01-15
2417,168,363,3,2025-06-16
2418,749,193,2,2025-06-26
2419,212,403,1,2026-02-14
2420,874,3,3,2024-08-31
2421,365,154,3,2026-06-02
2422,914,45,2,2024-08-27
2423,403,157,4,2025-09-11
2424,231,268,3,2025-12-16
2425,770,194,4,2025-05-28
2426,60,268,4,2025-09-22
2427,756,108,3,2025-05-25
2428,423,78,1,2024-08-07
2429,307,412,2,2025-10-10
2430,558,416,2,2026-06-29
2431,882,42,2,2025-02-16
2432,734,86,2,2025-05-13
2433,274,244,3,2025-08-17
2434,739,111,4,2026-03-08
2435,731,437,3,2024-09-10
2436,744,236,5,2025-06-17
2437,964,302,4,2024-09-09
2438,47,205,1,2026-06-14
2439,667,43,4,2024-09-15
2440,652,391,5,2025-12-27
2441,836,156,2,2026-03-26
2442,188,78,3,2025-09-14
2443,303,271,4,2025-04-29
2444,735,383,2,2025-07-01
2445,361,382,2,2025-03-22
2446,600,162,2,2026-02-18
2447,892,117,2,2026-05-23
2448,11,76,2,2026-02-25
2449,842,423,5,2025-04-10
2450,810,32,3,2026-07-14
2451,606,181,4,2025-05-18
2452,676,84,3,2026-05-01
2453,87,355,3,2025-12-23
2454,164,215,2,2026-01-08
2455,584,118,5,2025-08-16
2456,673,40,2,2025-10-10
2457,927,427,5,2024-12-31
2458,869,145,5,2025-08-27
2459,405,150,1,2024-09-04
2460,578,312,4,2024-10-01
2461,259,444,2,2026-02-18
2462,906,165,4,2025-08-04
2463,801,430,2,2025-06-17
2464,841,326,3,2025-06-09
2465,946,231,2,2024-12-09
2466,567,432,5,2025-01-15
2467,123,449,1,2025-01-05
2468,330,51,4,2026-01-09
2469,353,437,3,2025-04-29
2470,310,15,3,2025-02-05
2471,500,359,4,2025-01-19
2472,821,24,3,2026-03-30
2473,353,83,1,2025-03-31
2474,344,233,5,2025-07-23
2475,740,27,3,2025-12-20
2476,30,218,5,2025-01-24
2477,228,281,1,2026-02-15
2478,666,282,1,2024-10-23
2479,676,176,5,2026-06-28
2480,78,189,4,2026-06-30
2481,541,265,1,2024-08-08
2482,798,443,3,2024-08-22
2483,664,418,2,2025-05-08
2484,91,161,1,2025-12-31
2485,672,19,2,2026-01-01
2486,818,20,3,2025-12-26
2487,462,106,2,2025-06-07
2488,303,382,2,2025-06-17
2489,259,139,1,2024-08-27
2490,659,172,2,2026-07-16
2491,961,454,2,2025-12-12
2492,540,466,4,2025-08-21
2493,577,414,1,2024-09-22
2494,567,264,4,2025-09-28
2495,823,389,5,2025-04-03
2496,585,238,5,2025-06-01
2497,812,57,3,2026-02-05
2498,761,52,3,2025-10-17
2499,631,312,1,2025-05-20
2500,745,285,5,2025-07-25
2501,456,203,5,2024-10-09
2502,574,272,4,2026-05-21
2503,928,328,3,2024-10-13
2504,611,427,5,2025-01-09
2505,354,259,1,2025-01-11
2506,710,202,5,2024-08-01
2507,703,129,5,2025-06-03
2508,954,215,4,2025-06-24
2509,862,297,3,2025-10-17
2510,496,142,2,2026-01-05
2511,695,8,1,2024-09-28
2512,112,22,3,2025-05-19
2513,654,417,5,2026-06-26
2514,140,32,3,2024-07-26
2515,11,254,1,2025-05-10
2516,511,139,2,2025-08-19
2517,448,69,2,2024-11-05
2518,585,160,2,2025-12-23
2519,358,386,5,2025-01-13
2520,221,291,5,2024-11-03
2521,225,128,5,2025-02-19
2522,41,296,1,2024-12-10
2523,349,409,2,2026-04-12
2524,924,282,5,2024-12-20
2525,753,138,1,2024-09-09
2526,874,56,4,2025-11-20
2527,440,464,5,2025-01-25
2528,289,277,4,2025-11-20
2529,858,340,2,2025-02-22
2530,147,407,2,2025-04-26
2531,896,315,3,2026-01-25
2532,72,412,4,2024-08-11
2533,591,5,2,2024-07-25
2534,705,485,1,2025-10-15
2535,80,158,4,2025-08-24
2536,65,222,2,2024-09-23
2537,933,376,2,2026-07-10
2538,768,151,1,2024-10-18
2539,642,289,5,2025-07-13
2540,559,309,1,2024-08-15
2541,113,132,5,2024-11-27
2542,272,247,3,2025-08-22
2543,466,70,2,2025-06-01
2544,889,250,4,2025-04-06
2545,305,181,1,2025-11-02
2546,503,283,2,2025-02-22
2547,945,195,4,2025-09-24
2548,423,386,2,2026-06-05
2549,550,326,3,2025-06-29
2550,591,344,3,2024-07-26
2551,914,93,2,2025-11-29
2552,561,164,5,2025-09-20
2553,179,167,3,2026-01-09
2554,909,259,3,2026-06-12
2555,804,348,2,2025-02-23
2556,760,205,4,2025-10-20
2557,696,313,1,2025-06-18
2558,214,344,5,2025-09-03
2559,878,463,2,2025-09-28
2560,263,283,3,2024-11-15
2561,124,239,5,2025-10-10
2562,37,246,4,2024-11-22
2563,363,185,2,2025-04-29
2564,233,181,5,2026-07-09
2565,306,429,5,2026-05-15
2566,836,170,5,2025-04-28
2567,136,483,4,2024-12-06
2568,286,276,4,2025-07-05
2569,202,343,1,2025-06-24
2570,255,92,5,2025-09-14
2571,256,138,1,2025-06-28
2572,411,404,5,2026-03-16
2573,624,447,4,2025-12-16
2574,715,103,1,2025-05-16
2575,448,132,3,2025-08-21
2576,981,485,5,2025-05-02
2577,113,334,2,2024-08-18
2578,672,174,5,2025-12-26
2579,19,442,5,2026-04-20
2580,561,321,4,2025-10-28
2581,195,285,5,2026-05-09
2582,829,410,5,2026-02-21
2583,160,463,3,2025-02-07
2584,721,318,3,2026-07-03
2585,516,80,3,2024-11-16
2586,363,166,4,2025-10-31
2587,107,172,3,2026-07-20
2588,974,7,5,2026-02-19
2589,157,34,3,2026-01-05
2590,145,404,1,2026-07-01
2591,167,168,3,2026-02-07
2592,38,350,5,2024-11-17
2593,313,370,1,2024-08-19
2594,576,58,4,2026-04-03
2595,2,49,2,2026-05-08
2596,124,438,3,2025-08-22
2597,358,308,4,2025-04-22
2598,293,331,5,2025-03-30
2599,522,161,5,2025-06-21
2600,838,237,3,2025-11-10
2601,304,458,5,2025-07-10
2602,103,166,4,2026-06-04
2603,59,190,2,2024-11-30
2604,756,367,4,2026-03-31
2605,912,254,5,2026-07-20
2606,578,447,1,2026-03-13
2607,292,344,4,2026-01-03
2608,126,72,5,2025-08-06
2609,73,376,4,2024-09-27
2610,313,50,4,2025-07-24
2611,121,144,3,2025-04-21
2612,596,230,2,2025-11-08
2613,276,207,4,2024-09-03
2614,254,16,1,2025-08-09
2615,139,20,5,2024-12-08
2616,499,493,3,2025-07-04
2617,94,468,4,2025-03-05
2618,544,390,2,2024-10-25
2619,724,205,4,2025-10-08
2620,313,26,1,2026-02-10
2621,83,51,1,2026-02-11
2622,864,82,2,2026-04-17
2623,91,161,1,2026-05-27
2624,583,110,5,2025-04-30
2625,526,345,3,2025-02-09
2626,557,355,1,2026-01-14
2627,980,85,3,2025-07-22
2628,748,170,2,2024-08-11
2629,329,69,1,2026-02-18
2630,581,266,3,2026-01-04
2631,876,223,4,2025-11-10
2632,532,214,5,2024-08-22
2633,504,497,2,2026-05-18
2634,547,152,4,2025-05-10
2635,791,499,5,2024-10-13
2636,42,160,4,2025-05-28
2637,19,152,2,2026-04-03
2638,359,126,2,2025-05-14
2639,205,469,5,2025-10-31
2640,229,306,4,2025-03-16
2641,108,493,2,2025-01-31
2642,342,325,3,2026-03-01
2643,847,193,5,2025-09-13
2644,183,339,1,2025-03-18
2645,847,20,5,2026-01-16
2646,388,439,5,2025-10-28
2647,262,380,2,2026-07-14
2648,106,410,4,2026-02-04
2649,316,143,1,2025-09-16
2650,868,348,2,2025-11-30
2651,15,174,5,2026-02-23
2652,958,51,5,2026-06-01
2653,815,112,4,2026-04-06
2654,537,148,4,2024-09-04
2655,760,472,3,2024-08-25
2656,660,160,4,2025-02-04
2657,899,437,1,2026-04-04
2658,724,472,2,2025-08-16
2659,880,267,3,2026-03-27
2660,320,44,5,2025-07-05
2661,987,59,5,2025-01-20
2662,16,117,3,2026-02-05
2663,405,245,1,2025-03-16
2664,896,372,2,2026-06-10
2665,856,463,1,2024-08-24
2666,677,268,1,2025-10-24
2667,387,310,4,2025-03-12
2668,641,488,4,2026-07-06
2669,997,286,2,2024-11-04
2670,792,382,2,2026-04-04
2671,596,73,5,2026-07-01
2672,460,175,5,2026-06-22
2673,545,269,1,2026-06-15
2674,397,381,4,2025-04-15
2675,54,129,3,2026-04-20
2676,755,20,4,2025-12-23
2677,489,291,3,2025-10-07
2678,40,299,3,2026-05-14
2679,814,297,2,2025-03-03
2680,386,146,2,2024-09-22
2681,845,338,5,2026-02-26
2682,889,379,2,2025-05-08
2683,566,204,5,2025-03-06
2684,666,109,2,2024-11-24
2685,56,47,1,2025-11-22
2686,323,116,2,2025-06-23
2687,309,168,1,2025-05-31
2688,508,447,4,2025-04-06
2689,71,449,4,2025-06-25
2690,955,110,1,2024-08-09
2691,896,151,5,2026-02-12
2692,912,28,4,2025-01-27
2693,495,307,4,2026-06-13
2694,653,362,2,2025-11-28
2695,504,264,4,2025-09-11
2696,554,486,4,2026-05-03
2697,22,85,4,2025-06-05
2698,996,17,1,2024-09-03
2699,712,427,4,2025-11-05
2700,776,303,3,2026-01-26
2701,258,467,3,2025-11-22
2702,844,442,5,2025-04-25
2703,362,38,1,2026-07-05
2704,501,335,5,2026-04-16
2705,575,68,4,2025-11-11
2706,285,155,1,2026-01-06
2707,74,274,1,2025-03-10
2708,851,63,2,2025-07-18
2709,967,100,3,2025-07-04
2710,138,496,3,2025-12-21
2711,816,298,5,2025-10-05
2712,402,51,3,2024-10-01
2713,472,238,4,2026-03-29
2714,944,25,5,2025-07-12
2715,310,246,4,2025-02-20
2716,25,393,4,2025-09-23
2717,156,413,4,2025-03-30
2718,33,409,1,2025-12-26
2719,428,70,4,2024-12-14
2720,185,86,4,2025-02-09
2721,769,497,2,2024-08-27
2722,102,195,2,2026-04-08
2723,120,86,4,2024-12-13
2724,280,103,4,2025-12-02
2725,79,298,1,2026-03-10
2726,814,321,2,2024-09-24
2727,724,142,3,2026-03-05
2728,22,6,5,2025-04-24
2729,78,453,5,2026-03-02
2730,102,119,4,2025-10-31
2731,239,412,5,2025-07-03
2732,572,193,2,2025-07-11
2733,184,14,2,2025-09-23
2734,763,336,3,2025-06-07
2735,247,269,5,2025-06-05
2736,669,260,1,2025-12-20
2737,860,255,4,2025-05-16
2738,140,289,4,2024-08-01
2739,377,88,3,2024-11-28
2740,913,369,1,2024-07-26
2741,207,344,3,2024-09-15
2742,669,432,1,2026-04-14
2743,747,396,3,2026-02-19
2744,123,205,4,2025-11-04
2745,478,96,2,2024-09-20
2746,754,419,3,2024-10-02
2747,889,260,4,2024-11-06
2748,237,308,3,2025-01-29
2749,59,170,3,2026-04-17
2750,467,228,3,2025-01-13
2751,49,215,5,2026-01-09
2752,849,60,3,2025-12-14
2753,189,305,1,2025-03-10
2754,557,32,5,2025-11-24
2755,116,181,2,2026-02-12
2756,621,195,3,2024-10-30
2757,46,352,5,2025-09-23
2758,246,173,4,2026-05-01
2759,64,203,4,2025-02-05
2760,353,406,3,2025-06-19
2761,908,85,3,2026-04-25
2762,510,62,2,2025-10-11
2763,464,365,2,2024-08-17
2764,956,53,4,2026-03-09
2765,315,259,2,2025-07-27
2766,987,367,1,2026-03-03
2767,193,186,3,2024-11-05
2768,207,101,5,2026-04-23
2769,361,484,4,2024-08-07
2770,18,352,1,2026-04-07
2771,354,450,4,2025-05-22
2772,901,292,4,2025-04-17
2773,941,113,5,2026-03-01
2774,664,174,5,2024-09-24
2775,131,268,5,2026-03-18
2776,615,191,4,2025-01-14
2777,413,258,4,2025-11-10
2778,197,438,2,2025-03-16
2779,174,427,1,2024-10-19
2780,218,327,1,2024-08-04
2781,400,56,4,2026-04-09
2782,57,66,5,2024-12-29
2783,950,374,3,2026-03-20
2784,112,301,3,2024-11-07
2785,45,81,4,2026-06-24
2786,738,366,1,2025-09-22
2787,703,58,3,2025-07-25
2788,93,232,4,2026-06-17
2789,193,58,5,2025-07-02
2790,798,413,4,2025-01-31
2791,281,366,2,2025-10-30
2792,314,412,5,2025-07-19
2793,183,58,2,2025-07-24
2794,318,86,4,2024-11-25
2795,23,226,4,2026-03-08
2796,980,91,4,2026-04-07
2797,436,154,4,2024-08-11
2798,232,120,3,2025-03-26
2799,761,151,4,2025-03-25
2800,587,36,2,2024-11-23
2801,246,42,4,2025-06-17
2802,846,179,1,2025-12-18
2803,811,196,2,2025-09-03
2804,306,4,4,2024-08-02
2805,13,248,1,2025-04-01
2806,581,250,5,2025-10-10
2807,568,107,3,2024-10-21
2808,398,420,1,2025-03-17
2809,289,49,1,2025-02-06
2810,558,187,2,2025-06-17
2811,933,371,2,2026-01-18
2812,972,204,3,2025-04-15
2813,986,380,5,2026-07-22
2814,713,272,4,2026-06-01
2815,193,209,3,2025-02-05
2816,739,291,5,2026-02-13
2817,255,355,3,2026-05-03
2818,11,79,1,2025-07-20
2819,789,173,1,2025-02-23
2820,104,43,3,2025-03-06
2821,365,347,1,2026-05-24
2822,899,444,1,2025-05-28
2823,428,363,5,2025-07-25
2824,866,423,5,2025-12-31
2825,754,249,3,2024-08-15
2826,121,315,4,2025-03-18
2827,286,53,2,2024-08-16
2828,698,118,2,2025-05-30
2829,613,301,1,2026-01-23
2830,955,123,4,2026-02-08
2831,202,436,3,2025-12-24
2832,219,467,1,2026-07-03
2833,163,474,5,2026-04-09
2834,591,311,3,2024-12-25
2835,602,271,4,2025-08-19
2836,836,454,3,2025-01-05
2837,994,4,2,2026-04-22
2838,972,421,2,2025-04-17
2839,882,357,2,2026-03-06
2840,496,476,3,2026-05-11
2841,350,215,1,2025-12-10
2842,362,106,1,2025-11-30
2843,318,165,1,2025-03-30
2844,820,263,2,2026-03-22
2845,151,402,4,2024-10-11
2846,584,5,5,2026-07-23
2847,63,164,2,2024-10-13
2848,165,151,3,2025-12-21
2849,469,468,4,2024-09-29
2850,108,318,4,2025-09-10
2851,388,80,3,2024-09-21
2852,8,209,3,2024-12-15
2853,26,247,1,2025-08-02
2854,530,101,3,2026-01-04
2855,497,302,5,2026-05-10
2856,350,38,2,2024-07-28
2857,795,250,1,2025-08-25
2858,142,176,1,2026-06-20
2859,148,376,4,2024-12-12
2860,519,428,4,2025-01-31
2861,243,267,4,2026-04-28
2862,295,19,4,2025-11-02
2863,866,252,2,2026-01-23
2864,994,301,5,2024-08-28
2865,43,154,4,2025-08-01
2866,396,107,3,2026-01-06
2867,857,276,1,2025-07-25
2868,719,415,5,2024-10-08
2869,293,162,4,2025-07-18
2870,935,203,1,2026-06-10
2871,877,244,2,2025-03-19
2872,193,321,1,2026-03-12
2873,268,237,1,2026-05-30
2874,563,386,3,2026-01-22
2875,885,498,3,2026-04-27
2876,451,372,3,2025-02-09
2877,151,78,2,2026-05-13
2878,948,230,3,2025-07-16
2879,541,191,2,2026-06-06
2880,647,68,1,2025-07-03
2881,985,300,2,2025-10-12
2882,665,244,4,2025-12-23
2883,624,312,4,2025-11-08
2884,236,162,4,2024-07-28
2885,811,13,4,2026-04-04
2886,487,399,1,2026-01-04
2887,115,219,3,2025-11-20
2888,5,200,1,2026-03-15
2889,711,488,2,2025-03-15
2890,884,467,1,2025-10-29
2891,718,173,5,2025-01-05
2892,240,164,4,2025-04-13
2893,546,280,2,2025-09-02
2894,51,409,4,2025-06-20
2895,729,113,5,2025-10-05
2896,221,484,2,2026-01-29
2897,412,104,1,2025-11-25
2898,469,293,3,2026-03-04
2899,870,336,3,2024-10-10
2900,601,273,4,2025-06-24
2901,24,39,2,2025-04-26
2902,564,367,1,2025-02-15
2903,941,248,3,2024-08-08
2904,799,50,5,2025-10-26
2905,680,262,1,2026-04-10
2906,635,308,4,2025-09-17
2907,778,17,3,2025-03-29
2908,164,119,4,2025-03-21
2909,967,155,5,2026-06-17
2910,886,178,4,2024-08-29
2911,730,371,4,2025-11-10
2912,690,254,1,2025-04-28
2913,607,132,3,2025-09-13
2914,927,413,2,2025-07-16
2915,709,441,5,2026-04-07
2916,729,105,2,2025-11-23
2917,405,64,2,2026-06-20
2918,791,39,1,2024-10-14
2919,229,242,2,2024-07-23
2920,361,395,4,2024-10-21
2921,274,208,1,2025-09-01
2922,304,214,2,2026-07-23
2923,399,281,5,2025-10-01
2924,198,106,2,2025-08-07
2925,999,385,1,2025-04-08
2926,902,231,2,2025-05-25
2927,633,146,2,2026-01-11
2928,575,377,3,2024-10-22
2929,31,483,5,2025-02-12
2930,137,476,5,2024-10-31
2931,226,81,2,2024-08-14
2932,442,80,1,2026-03-10
2933,19,448,3,2025-03-01
2934,836,342,3,2025-07-20
2935,122,341,4,2026-05-14
2936,862,25,2,2024-09-23
2937,986,135,4,2026-05-22
2938,613,157,2,2026-07-08
2939,341,265,3,2024-11-16
2940,140,276,3,2024-10-30
2941,308,438,5,2026-03-07
2942,906,225,4,2026-05-26
2943,962,31,2,2025-12-14
2944,968,440,3,2025-09-10
2945,522,268,3,2025-10-13
2946,920,324,4,2025-06-25
2947,304,432,4,2024-07-25
2948,837,41,2,2025-02-25
2949,752,120,2,2025-06-06
2950,497,470,4,2024-08-06
2951,731,393,3,2024-12-28
2952,356,104,1,2026-03-07
2953,629,19,1,2024-09-17
2954,671,152,4,2026-01-11
2955,199,197,2,2025-11-09
2956,288,221,1,2026-03-17
2957,539,325,4,2024-12-23
2958,920,368,1,2025-02-22
2959,628,482,4,2026-06-10
2960,125,81,3,2025-05-21
2961,104,389,4,2024-12-17
2962,373,482,4,2024-10-09
2963,739,467,1,2025-02-21
2964,11,484,3,2025-02-10
2965,304,446,4,2025-05-11
2966,310,327,1,2026-02-01
2967,56,497,3,2025-03-02
2968,869,53,3,2024-10-08
2969,826,310,5,2025-05-27
2970,644,234,1,2026-06-09
2971,366,123,3,2024-09-21
2972,399,199,4,2026-03-23
2973,759,153,3,2025-06-24
2974,379,311,1,2026-06-07
2975,811,83,5,2025-12-23
2976,490,361,3,2025-02-18
2977,665,246,2,2024-10-26
2978,141,126,1,2026-02-16
2979,536,497,4,2025-06-28
2980,172,426,5,2024-08-12
2981,671,122,2,2026-05-05
2982,673,136,2,2025-10-26
2983,504,94,3,2025-05-06
2984,186,164,3,2024-11-24
2985,560,282,4,2024-12-19
2986,826,260,1,2025-02-11
2987,922,59,4,2026-02-14
2988,14,184,2,2025-12-17
2989,833,434,5,2025-05-05
2990,898,472,3,2026-04-23
2991,470,288,1,2025-03-21
2992,636,112,5,2025-04-16
2993,540,241,3,2024-09-10
2994,890,485,2,2024-09-27
2995,161,163,4,2025-04-13
2996,941,15,4,2026-05-08
2997,963,166,2,2025-04-29
2998,910,268,4,2025-03-07
2999,315,298,4,2024-09-03
3000,227,113,1,2025-11-01
3001,80,151,4,2026-01-05
3002,338,67,3,2025-04-23
3003,232,395,2,2025-11-11
3004,44,174,5,2025-10-09
3005,722,487,4,2024-09-17
3006,321,407,2,2024-07-25
3007,968,362,5,2024-10-16
3008,603,97,2,2024-12-11
3009,101,497,1,2025-12-13
3010,148,389,5,2024-11-22
3011,660,317,5,2024-11-22
3012,795,47,5,2025-10-30
3013,687,470,4,2025-01-07
3014,985,474,4,2025-09-16
3015,487,321,4,2026-01-13
3016,674,337,3,2024-10-23
3017,600,200,5,2026-03-26
3018,923,170,2,2025-03-12
3019,189,466,2,2024-09-28
3020,785,207,1,2026-05-19
3021,430,251,1,2026-02-10
3022,140,231,1,2026-02-20
3023,505,216,1,2025-03-30
3024,150,460,3,2025-01-26
3025,7,425,2,2025-03-12
3026,213,250,4,2024-08-17
3027,176,471,1,2026-02-21
3028,68,255,2,2024-12-30
3029,204,17,2,2025-02-04
3030,73,137,4,2025-12-18
3031,348,277,1,2025-10-12
3032,107,402,1,2026-05-12
3033,415,411,5,2024-11-08
3034,99,6,4,2025-08-24
3035,465,472,2,2025-04-10
3036,877,18,4,2025-08-18
3037,545,285,1,2024-10-31
3038,720,442,1,2025-11-06
3039,69,116,1,2025-12-15
3040,117,236,4,2025-09-28
3041,552,170,1,2026-02-13
3042,160,354,4,2025-03-16
3043,559,174,1,2025-03-03
3044,298,238,3,2025-10-07
3045,658,263,1,2024-11-06
3046,444,446,3,2026-01-03
3047,937,258,1,2026-06-26
3048,591,279,2,2025-09-20
3049,561,139,4,2024-08-05
3050,830,16,4,2026-04-09
3051,171,288,5,2025-08-01
3052,589,347,1,2024-10-29
3053,415,194,5,2025-07-12
3054,853,64,5,2024-08-05
3055,504,436,1,2026-02-05
3056,506,240,1,2026-05-01
3057,470,492,1,2024-09-01
3058,621,326,2,2026-02-18
3059,466,311,4,2026-07-18
3060,775,156,2,2026-05-05
3061,634,261,2,2024-12-07
3062,731,156,3,2026-05-14
3063,864,286,3,2025-04-22
3064,380,156,3,2025-08-26
3065,155,416,3,2024-08-01
3066,211,361,5,2025-02-19
3067,37,47,3,2026-07-19
3068,421,267,1,2024-09-14
3069,938,159,4,2025-10-12
3070,45,120,3,2025-06-01
3071,343,92,3,2025-10-15
3072,818,365,5,2025-03-14
3073,743,280,1,2025-04-24
3074,284,217,4,2025-11-03
3075,646,294,2,2024-09-13
3076,109,375,3,2026-01-24
3077,310,309,4,2025-09-21
3078,474,359,1,2025-02-12
3079,530,292,4,2026-01-23
3080,563,71,3,2026-01-14
3081,180,298,4,2025-01-20
3082,451,482,4,2025-05-13
3083,597,17,4,2025-07-28
3084,296,77,4,2024-11-20
3085,250,298,3,2026-03-27
3086,864,449,5,2025-04-17
3087,962,410,3,2025-10-26
3088,919,432,1,2026-03-25
3089,124,250,4,2024-09-01
3090,137,125,3,2025-02-02
3091,311,299,3,2026-04-24
3092,740,405,3,2024-09-20
3093,653,401,3,2024-12-05
3094,383,19,3,2024-09-03
3095,679,275,3,2025-08-07
3096,213,262,4,2025-03-12
3097,814,371,3,2025-07-14
3098,424,406,2,2026-02-18
3099,317,82,4,2025-06-14
3100,334,241,3,2024-08-17
3101,823,56,4,2026-04-14
3102,459,325,3,2025-07-27
3103,682,173,5,2025-12-16
3104,566,404,4,2025-10-19
3105,749,297,3,2024-12-21
3106,955,262,5,2026-02-01
3107,537,30,5,2024-12-11
3108,671,271,1,2025-11-23
3109,698,9,2,2024-12-09
3110,628,273,3,2025-07-29
3111,691,71,1,2025-03-02
3112,764,83,3,2025-09-22
3113,132,316,2,2026-04-01
3114,838,237,5,2025-04-26
3115,861,242,3,2024-09-08
3116,48,396,5,2026-04-20
3117,51,229,2,2024-08-11
3118,989,448,4,2024-12-30
3119,997,406,2,2025-11-26
3120,870,482,2,2024-10-19
3121,737,203,2,2025-10-22
3122,323,456,5,2025-05-20
3123,654,411,1,2026-02-23
3124,134,289,3,2025-02-14
3125,446,499,2,2026-04-18
3126,924,67,2,2025-10-29
3127,33,46,5,2024-10-14
3128,548,135,2,2024-11-28
3129,323,382,5,2024-09-06
3130,908,412,1,2026-06-21
3131,871,81,5,2026-02-03
3132,944,470,4,2026-01-02
3133,312,238,5,2024-09-09
3134,476,213,2,2026-06-03
3135,734,61,1,2024-08-08
3136,650,311,2,2025-08-15
3137,820,239,2,2025-10-26
3138,79,304,5,2025-11-23
3139,11,52,2,2024-11-26
3140,433,9,1,2025-07-22
3141,760,254,4,2026-05-19
3142,584,431,4,2025-06-26
3143,64,110,1,2025-08-23
3144,155,223,5,2026-04-04
3145,753,451,5,2025-01-11
3146,907,294,4,2026-07-10
3147,595,73,2,2026-04-06
3148,766,74,1,2025-10-29
3149,924,458,3,2025-09-10
3150,510,69,3,2026-01-03
3151,283,146,3,2026-03-14
3152,205,385,3,2026-04-19
3153,549,231,4,2026-01-08
3154,722,86,5,2024-09-30
3155,414,86,5,2026-03-28
3156,867,352,2,2026-02-17
3157,874,230,2,2025-07-08
3158,942,265,1,2026-03-19
3159,966,161,3,2025-06-21
3160,600,41,1,2026-05-23
3161,881,383,1,2024-09-15
3162,325,366,4,2024-10-22
3163,823,1,5,2026-06-26
3164,432,286,1,2025-05-28
3165,147,177,4,2024-08-24
3166,927,331,4,2025-04-28
3167,815,142,3,2026-05-09
3168,222,490,1,2025-01-28
3169,555,474,2,2024-12-21
3170,427,289,5,2024-11-30
3171,899,10,2,2026-01-15
3172,978,400,3,2025-08-10
3173,193,114,5,2024-11-09
3174,889,65,1,2025-12-03
3175,457,240,5,2025-08-18
3176,283,352,3,2025-03-18
3177,808,435,2,2024-12-20
3178,173,260,2,2025-09-18
3179,753,172,4,2025-07-25
3180,250,91,4,2026-03-13
3181,837,274,3,2025-05-03
3182,939,21,3,2024-10-31
3183,820,341,2,2024-11-14
3184,892,323,1,2025-10-18
3185,745,83,2,2025-03-04
3186,440,240,2,2026-03-15
3187,654,298,3,2025-05-06
3188,518,41,4,2024-08-07
3189,285,315,3,2024-08-28
3190,970,407,3,2026-02-12
3191,292,207,5,2026-02-16
3192,614,453,5,2024-12-26
3193,654,300,3,2025-06-17
3194,945,244,1,2025-10-18
3195,25,12,2,2026-04-21
3196,945,106,4,2024-10-28
3197,941,302,5,2024-12-22
3198,55,329,1,2026-05-17
3199,581,144,2,2026-03-10
3200,914,339,4,2026-05-20
3201,729,183,3,2024-07-25
3202,283,133,1,2024-12-20
3203,27,263,3,2025-08-01
3204,261,17,5,2024-10-12
3205,147,478,3,2026-01-10
3206,156,17,4,2025-07-24
3207,922,253,1,2025-12-15
3208,580,240,4,2024-11-28
3209,829,128,1,2024-09-12
3210,272,19,2,2024-08-20
3211,874,149,2,2026-07-11
3212,721,385,2,2025-04-01
3213,883,23,2,2026-03-03
3214,955,203,3,2025-11-07
3215,410,488,3,2026-03-20
3216,818,309,1,2025-09-15
3217,930,330,2,2026-04-07
3218,102,445,1,2026-01-05
3219,606,101,4,2025-04-14
3220,957,451,4,2025-12-18
3221,252,441,1,2025-04-14
3222,425,397,1,2025-04-19
3223,888,69,3,2026-04-14
3224,935,306,4,2026-04-15
3225,386,190,3,2025-12-26
3226,485,220,2,2026-03-10
3227,294,264,4,2025-01-21
3228,217,239,2,2025-04-18
3229,442,432,4,2026-06-04
3230,963,192,1,2024-09-21
3231,691,231,5,2026-02-18
3232,435,159,2,2025-08-30
3233,146,461,3,2026-03-12
3234,541,1,4,2026-01-24
3235,203,207,2,2024-12-10
3236,102,161,1,2025-02-18
3237,792,388,3,2026-05-12
3238,627,71,4,2026-04-24
3239,500,167,5,2024-07-24
3240,761,30,1,2025-10-05
3241,807,454,4,2026-02-01
3242,260,153,2,2025-11-25
3243,915,109,2,2024-10-23
3244,590,14,4,2025-06-19
3245,113,432,3,2025-12-31
3246,777,214,4,2025-07-31
3247,893,61,1,2025-03-13
3248,152,120,5,2025-06-11
3249,982,193,5,2025-02-05
3250,265,93,5,2025-09-13
3251,159,474,2,2025-06-29
3252,224,380,2,2026-06-23
3253,317,261,1,2026-05-03
3254,241,238,4,2025-05-03
3255,360,275,5,2025-11-22
3256,85,397,5,2025-12-26
3257,975,62,5,2026-02-22
3258,778,270,4,2026-03-17
3259,606,278,3,2024-11-26
3260,636,321,5,2025-01-06
3261,101,52,2,2024-09-07
3262,339,415,2,2026-01-22
3263,447,100,1,2025-11-04
3264,921,146,1,2025-01-26
3265,509,380,1,2025-08-29
3266,290,265,5,2024-10-26
3267,514,194,4,2026-05-25
3268,10,253,3,2026-07-23
3269,316,400,5,2025-04-09
3270,269,234,3,2025-03-07
3271,804,110,5,2025-07-03
3272,414,74,5,2026-04-26
3273,208,222,2,2025-06-09
3274,958,305,1,2026-06-02
3275,144,167,4,2025-05-20
3276,702,486,3,2026-05-05
3277,157,406,1,2026-05-03
3278,243,207,3,2025-11-04
3279,82,168,3,2026-07-02
3280,187,284,3,2025-01-30
3281,883,413,1,2025-07-17
3282,747,360,3,2026-05-08
3283,273,348,4,2025-07-08
3284,652,162,1,2024-09-13
3285,64,347,3,2025-11-02
3286,245,222,5,2024-10-15
3287,331,321,2,2025-10-06
3288,364,362,4,2025-09-11
3289,429,121,3,2024-08-18
3290,119,67,1,2025-03-30
3291,500,385,5,2026-01-25
3292,527,407,1,2024-12-08
3293,144,434,5,2026-05-31
3294,774,328,1,2025-11-11
3295,482,288,2,2025-09-21
3296,845,390,2,2025-09-10
3297,91,78,3,2025-01-12
3298,17,462,3,2026-01-14
3299,911,141,2,2025-07-27
3300,575,479,2,2025-03-26
3301,943,68,5,2026-06-07
3302,41,428,3,2025-02-25
3303,313,32,3,2025-12-06
3304,664,209,5,2024-12-29
3305,274,365,3,2025-09-11
3306,177,28,4,2025-11-23
3307,677,157,4,2025-09-15
3308,350,135,2,2026-07-06
3309,454,280,3,2025-04-05
3310,918,290,1,2024-08-07
3311,74,232,5,2024-12-03
3312,630,1,1,2025-12-12
3313,438,224,5,2026-05-25
3314,273,329,1,2026-03-24
3315,836,492,1,2025-12-14
3316,770,419,2,2025-09-09
3317,675,60,2,2025-11-27
3318,188,48,4,2024-12-22
3319,202,277,2,2024-08-12
3320,737,169,1,2025-03-30
3321,473,158,4,2025-10-21
3322,951,292,2,2026-05-27
3323,12,212,1,2024-10-01
3324,821,475,1,2026-03-09
3325,187,312,2,2025-04-13
3326,744,78,1,2024-08-14
3327,996,106,3,2025-11-24
3328,748,284,4,2025-04-09
3329,12,396,1,2026-06-25
3330,829,371,1,2024-09-10
3331,980,494,3,2025-12-15
3332,53,198,4,2026-03-07
3333,334,256,3,2025-09-19
3334,55,364,4,2025-10-30
3335,960,327,3,2026-01-18
3336,919,143,1,2025-03-09
3337,226,387,1,2026-05-03
3338,57,216,4,2026-02-26
3339,467,175,2,2025-02-05
3340,669,182,1,2025-06-29
3341,79,238,2,2025-03-12
3342,643,248,1,2024-09-18
3343,476,124,3,2025-09-07
3344,153,167,5,2024-12-31
3345,795,212,5,2025-10-17
3346,649,492,5,2026-04-19
3347,951,75,3,2026-04-24
3348,717,109,5,2024-09-24
3349,249,302,1,2026-05-22
3350,409,462,4,2025-08-23
3351,481,92,4,2026-06-08
3352,397,107,4,2025-02-19
3353,460,56,5,2026-03-22
3354,595,315,4,2025-10-01
3355,786,388,4,2025-06-02
3356,143,379,5,2025-09-14
3357,551,325,5,2025-12-29
3358,822,37,3,2025-04-16
3359,943,28,3,2024-12-15
3360,424,174,5,2024-08-23
3361,200,449,1,2025-06-29
3362,376,443,4,2025-03-21
3363,583,112,1,2025-08-07
3364,174,188,5,2024-08-24
3365,330,409,2,2025-09-14
3366,235,309,5,2024-10-22
3367,250,127,2,2026-06-15
3368,961,243,5,2025-10-10
3369,690,79,5,2026-07-02
3370,364,445,4,2026-01-15
3371,300,333,2,2026-03-21
3372,352,57,1,2026-01-04
3373,877,243,5,2025-03-29
3374,583,358,3,2026-07-21
3375,256,18,1,2025-11-10
3376,168,53,5,2025-09-02
3377,365,271,1,2024-11-21
3378,178,169,5,2026-02-17
3379,460,58,2,2024-10-07
3380,621,308,1,2024-11-12
3381,124,422,5,2025-09-26
3382,490,443,4,2025-05-29
3383,608,399,2,2024-11-19
3384,553,391,1,2025-11-11
3385,586,22,4,2025-12-30
3386,779,220,2,2025-01-12
3387,441,144,1,2025-01-13
3388,389,46,5,2026-06-05
3389,189,84,2,2026-02-19
3390,209,240,3,2024-10-01
3391,471,99,4,2024-12-17
3392,837,232,2,2024-08-14
3393,665,74,5,2025-07-13
3394,224,331,2,2025-11-22
3395,354,499,5,2024-10-10
3396,394,265,3,2025-03-14
3397,895,188,2,2025-06-28
3398,233,40,2,2025-02-16
3399,610,431,2,2024-07-23
3400,65,242,2,2025-03-28
3401,92,413,3,2025-07-21
3402,290,124,4,2026-07-20
3403,468,415,3,2025-05-27
3404,158,255,1,2025-08-07
3405,760,28,3,2024-08-20
3406,726,284,5,2026-03-19
3407,129,380,1,2024-08-01
3408,533,389,3,2024-07-24
3409,999,161,1,2025-01-03
3410,66,59,3,2024-11-29
3411,33,162,5,2025-02-23
3412,712,360,5,2025-10-20
3413,784,223,4,2025-01-06
3414,753,430,1,2026-04-28
3415,831,244,2,2025-06-11
3416,428,77,1,2026-03-01
3417,92,73,5,2024-08-17
3418,730,14,3,2024-09-30
3419,547,175,2,2025-08-29
3420,846,318,2,2025-08-31
3421,116,114,4,2025-12-26
3422,435,488,5,2024-12-28
3423,940,476,3,2026-02-27
3424,207,137,1,2024-12-20
3425,101,148,1,2026-04-06
3426,506,447,4,2026-02-27
3427,7,83,3,2025-07-05
3428,164,397,5,2026-05-06
3429,101,123,5,2026-07-12
3430,645,332,5,2026-03-22
3431,392,496,2,2025-01-01
3432,146,284,4,2026-04-29
3433,799,146,4,2025-02-05
3434,748,368,4,2025-06-01
3435,832,178,3,2026-07-18
3436,532,194,3,2025-03-30
3437,400,400,2,2025-04-11
3438,667,408,3,2024-12-19
3439,284,367,5,2026-02-28
3440,517,440,5,2025-07-13
3441,264,475,1,2026-01-16
3442,936,220,4,2025-09-12
3443,826,458,1,2025-02-06
3444,341,412,3,2025-12-04
3445,478,116,5,2025-12-26
3446,198,48,3,2024-10-14
3447,147,353,1,2025-01-04
3448,626,247,2,2025-08-25
3449,906,428,4,2025-06-05
3450,753,226,3,2024-10-06
3451,636,174,3,2025-02-17
3452,41,20,4,2025-12-10
3453,403,109,4,2026-03-06
3454,693,470,2,2026-05-19
3455,600,31,3,2025-08-13
3456,516,122,2,2024-12-24
3457,376,150,5,2024-10-22
3458,477,44,5,2025-09-05
3459,652,36,5,2025-10-23
3460,726,324,1,2025-05-10
3461,841,43,5,2025-09-23
3462,105,425,1,2025-04-26
3463,136,401,4,2025-08-28
3464,567,374,1,2026-01-07
3465,137,483,3,2025-01-10
3466,305,277,4,2025-10-13
3467,316,348,2,2025-02-13
3468,907,37,1,2024-08-06
3469,689,153,5,2024-08-17
3470,602,414,4,2025-11-13
3471,898,475,1,2025-08-27
3472,991,420,4,2025-08-28
3473,733,269,5,2025-02-18
3474,659,180,4,2025-07-04
3475,830,197,2,2025-09-13
3476,439,105,2,2026-03-07
3477,927,279,4,2026-07-20
3478,610,40,4,2025-06-11
3479,836,390,1,2024-10-20
3480,134,458,1,2025-11-13
3481,556,13,2,2024-10-17
3482,673,437,5,2026-05-17
3483,791,313,4,2025-01-20
3484,874,26,4,2025-11-17
3485,305,238,2,2025-09-08
3486,178,484,4,2026-01-25
3487,952,130,3,2024-09-30
3488,715,334,3,2024-12-20
3489,668,280,2,2025-04-01
3490,503,451,3,2025-08-18
3491,464,141,2,2025-03-29
3492,296,441,5,2025-07-28
3493,284,171,1,2025-01-03
3494,721,497,2,2024-10-07
3495,197,283,1,2025-08-31
3496,703,208,2,2024-11-14
3497,608,395,1,2026-04-19
3498,375,247,1,2025-12-16
3499,935,275,2,2024-10-19
3500,989,341,2,2025-09-12
3501,211,200,2,2024-08-03
3502,380,40,5,2026-06-21
3503,933,342,2,2024-11-19
3504,72,101,2,2024-12-14
3505,527,232,3,2024-08-28
3506,773,357,2,2024-09-06
3507,11,389,2,2026-02-02
3508,196,27,4,2025-03-23
3509,854,149,2,2025-03-05
3510,25,325,5,2024-09-28
3511,502,448,1,2026-02-05
3512,840,386,1,2026-07-11
3513,680,241,3,2025-06-17
3514,593,199,4,2025-11-25
3515,462,5,5,2026-04-06
3516,460,202,1,2026-03-16
3517,919,379,3,2024-12-09
3518,495,147,5,2025-09-19
3519,705,275,3,2025-05-06
3520,83,353,2,2024-10-09
3521,651,366,5,2024-12-02
3522,1,92,1,2025-10-11
3523,232,274,2,2025-02-24
3524,779,328,2,2026-06-24
3525,347,445,1,2025-10-31
3526,71,209,2,2024-10-29
3527,180,67,1,2026-01-23
3528,16,159,1,2026-07-21
3529,509,296,3,2024-11-04
3530,90,332,4,2025-04-17
3531,683,345,1,2026-01-12
3532,909,330,3,2026-03-11
3533,519,436,1,2026-06-13
3534,840,367,5,2025-01-18
3535,846,207,2,2025-02-21
3536,772,187,5,2024-11-22
3537,970,412,5,2026-05-16
3538,89,303,3,2026-05-26
3539,986,290,5,2025-03-10
3540,676,404,1,2025-11-11
3541,327,421,4,2025-09-04
3542,324,332,1,2026-07-13
3543,174,102,4,2025-12-21
3544,167,162,2,2024-10-30
3545,433,112,2,2025-12-01
3546,919,178,3,2025-08-26
3547,202,153,2,2024-12-27
3548,282,468,5,2025-05-10
3549,798,54,4,2025-09-26
3550,831,136,1,2025-06-05
3551,548,96,3,2026-07-15
3552,621,117,3,2025-05-19
3553,885,72,1,2026-01-06
3554,746,222,4,2025-03-11
3555,137,88,1,2025-02-04
3556,779,402,1,2024-10-25
3557,384,292,4,2025-09-06
3558,910,289,5,2024-08-30
3559,511,41,3,2025-01-07
3560,228,137,2,2026-05-14
3561,80,236,3,2025-04-20
3562,11,329,1,2024-10-11
3563,896,46,3,2026-01-24
3564,810,228,5,2025-11-25
3565,782,67,5,2025-05-14
3566,276,86,3,2025-08-02
3567,62,203,5,2025-10-13
3568,235,89,5,2025-11-16
3569,396,58,1,2024-10-19
3570,175,376,1,2026-07-11
3571,575,391,3,2025-04-10
3572,42,424,4,2025-12-07
3573,584,265,3,2026-05-29
3574,997,281,2,2026-02-08
3575,347,205,2,2026-05-18
3576,616,52,5,2025-02-17
3577,171,255,3,2025-12-21
3578,449,492,4,2026-06-20
3579,987,375,4,2024-11-20
3580,162,150,2,2025-06-23
3581,162,427,5,2025-08-22
3582,760,439,4,2026-03-03
3583,397,114,5,2026-03-05
3584,464,132,5,2026-03-11
3585,740,295,3,2025-12-27
3586,432,298,2,2025-01-11
3587,858,38,5,2025-10-22
3588,50,212,5,2025-04-27
3589,248,346,5,2024-08-25
3590,739,345,3,2025-12-20
3591,792,2,4,2024-11-09
3592,909,482,5,2024-10-09
3593,168,425,1,2024-08-25
3594,411,9,2,2024-08-04
3595,513,251,3,2024-08-19
3596,740,142,3,2026-04-13
3597,451,192,3,2024-09-04
3598,867,312,2,2026-06-22
3599,910,256,3,2025-10-14
3600,775,419,3,2024-09-29
3601,911,15,3,2024-12-22
3602,856,431,5,2025-11-02
3603,915,403,1,2024-11-30
3604,870,161,2,2025-09-21
3605,168,361,1,2026-06-05
3606,944,315,3,2026-04-06
3607,18,13,3,2026-04-13
3608,796,158,4,2025-09-17
3609,594,391,2,2025-11-02
3610,813,232,2,2025-01-08
3611,843,40,2,2026-03-12
3612,893,440,5,2026-01-23
3613,397,429,3,2024-10-10
3614,106,331,2,2025-09-26
3615,259,21,1,2024-10-27
3616,71,427,3,2025-05-17
3617,211,325,2,2025-05-03
3618,175,300,1,2025-07-22
3619,821,63,5,2025-07-06
3620,988,184,4,2025-04-05
3621,213,84,1,2026-02-20
3622,232,479,3,2026-03-16
3623,541,358,5,2025-09-02
3624,725,331,1,2024-10-31
3625,660,184,1,2026-06-03
3626,836,133,4,2026-03-30
3627,725,156,1,2025-11-15
3628,973,115,1,2026-05-24
3629,20,489,1,2026-05-23
3630,902,334,4,2026-05-09
3631,415,27,1,2026-02-14
3632,454,381,5,2025-09-02
3633,698,184,1,2025-11-13
3634,34,422,1,2025-03-28
3635,153,202,1,2025-12-17
3636,816,3,3,2024-11-25
3637,365,170,1,2025-02-28
3638,340,117,3,2026-01-06
3639,587,408,4,2025-03-13
3640,801,28,5,2026-06-17
3641,778,237,4,2025-03-08
3642,117,443,5,2026-05-01
3643,156,467,4,2024-08-13
3644,663,356,4,2026-05-21
3645,803,490,1,2025-09-18
3646,116,361,5,2024-10-07
3647,454,223,1,2024-09-19
3648,845,254,3,2024-11-25
3649,563,281,4,2026-03-16
3650,140,9,5,2026-01-31
3651,980,157,2,2024-11-14
3652,337,380,3,2026-03-27
3653,894,231,5,2024-10-09
3654,961,468,1,2026-05-31
3655,719,459,2,2025-09-13
3656,699,186,5,2026-02-13
3657,920,256,5,2025-08-08
3658,249,317,2,2024-09-16
3659,297,24,3,2026-06-29
3660,754,392,5,2024-10-10
3661,20,392,4,2024-08-19
3662,728,158,5,2025-06-21
3663,18,482,2,2026-05-13
3664,388,240,4,2025-11-24
3665,711,317,3,2025-04-06
3666,435,21,2,2025-12-28
3667,766,64,5,2024-11-07
3668,460,333,3,2026-07-09
3669,35,339,3,2025-09-19
3670,618,13,4,2026-04-04
3671,123,436,4,2025-12-27
3672,868,288,5,2025-08-19
3673,72,443,3,2025-09-26
3674,673,84,1,2026-07-02
3675,436,60,1,2025-11-03
3676,86,310,3,2025-12-17
3677,707,224,5,2025-11-16
3678,357,236,2,2024-09-28
3679,918,105,3,2025-11-02
3680,591,261,1,2026-04-03
3681,116,95,4,2024-09-24
3682,290,487,3,2025-02-14
3683,249,145,1,2025-04-14
3684,632,124,1,2025-02-22
3685,45,409,3,2024-10-02
3686,166,33,2,2025-10-14
3687,416,106,3,2025-04-24
3688,908,45,3,2025-06-05
3689,863,451,5,2024-11-19
3690,401,421,4,2024-09-11
3691,598,213,4,2025-03-01
3692,600,354,5,2026-04-01
3693,342,327,5,2025-06-26
3694,978,258,5,2026-06-02
3695,976,123,4,2025-05-13
3696,294,459,4,2024-12-01
3697,255,3,3,2025-04-13
3698,230,306,3,2026-06-28
3699,107,58,3,2025-04-12
3700,915,136,3,2026-02-10
3701,409,411,2,2026-05-21
3702,243,425,3,2025-02-07
3703,28,36,2,2025-11-09
3704,800,157,1,2026-01-12
3705,688,328,2,2024-09-09
3706,780,385,4,2025-07-28
3707,126,378,1,2025-09-30
3708,467,500,4,2025-09-19
3709,185,457,5,2025-11-24
3710,299,71,4,2026-05-25
3711,867,17,2,2025-09-16
3712,917,264,5,2026-06-22
3713,759,370,3,2026-01-16
3714,581,245,4,2025-09-29
3715,592,469,2,2025-09-23
3716,339,115,5,2025-01-29
3717,406,274,2,2025-01-11
3718,827,354,4,2025-03-20
3719,371,70,4,2024-09-16
3720,182,204,5,2025-11-09
3721,45,168,4,2024-08-04
3722,467,377,4,2026-04-28
3723,36,250,3,2025-05-23
3724,683,149,2,2025-04-29
3725,12,427,4,2024-07-23
3726,972,385,5,2025-04-30
3727,253,211,5,2024-10-07
3728,470,176,4,2025-12-29
3729,425,60,5,2025-02-05
3730,419,313,1,2026-05-19
3731,977,12,1,2026-02-23
3732,459,381,3,2025-11-30
3733,9,108,3,2025-01-31
3734,526,491,1,2026-06-17
3735,223,3,5,2026-05-20
3736,999,118,4,2024-10-30
3737,353,339,5,2026-05-11
3738,779,382,5,2025-03-13
3739,198,216,2,2024-12-09
3740,638,184,2,2026-02-14
3741,293,8,3,2026-05-06
3742,269,460,5,2024-10-26
3743,28,92,5,2025-11-24
3744,952,249,3,2025-08-02
3745,179,355,3,2026-01-09
3746,435,285,5,2026-07-04
3747,807,33,4,2025-01-18
3748,948,107,5,2025-11-25
3749,232,321,4,2025-07-21
3750,467,222,2,2026-03-22
3751,383,150,2,2026-06-22
3752,222,452,4,2025-12-19
3753,692,16,1,2025-12-04
3754,540,223,4,2025-01-10
3755,739,276,2,2024-08-07
3756,700,402,3,2024-11-21
3757,430,128,1,2025-04-15
3758,478,411,3,2026-01-23
3759,536,59,4,2025-03-24
3760,452,281,2,2025-09-06
3761,327,479,5,2024-08-03
3762,333,77,1,2025-05-23
3763,783,372,5,2025-11-09
3764,733,104,5,2024-09-13
3765,354,60,5,2026-02-16
3766,499,240,3,2024-10-09
3767,315,492,4,2025-03-02
3768,872,279,4,2025-05-06
3769,987,412,2,2024-10-08
3770,421,102,1,2025-07-31
3771,924,344,4,2024-10-17
3772,362,345,1,2025-04-17
3773,194,197,3,2025-06-25
3774,987,306,1,2025-01-12
3775,711,219,5,2024-10-11
3776,581,469,1,2026-05-21
3777,940,347,4,2025-04-17
3778,384,229,2,2024-09-03
3779,843,320,3,2025-03-28
3780,369,280,4,2024-08-24
3781,606,432,2,2025-04-20
3782,313,138,1,2025-06-24
3783,444,418,4,2024-11-13
3784,959,91,4,2025-05-10
3785,40,116,1,2025-10-20
3786,999,90,1,2025-03-27
3787,63,435,3,2024-10-05
3788,783,414,4,2025-11-28
3789,528,310,4,2025-05-08
3790,73,489,2,2026-03-07
3791,547,298,3,2024-07-28
3792,672,314,1,2025-04-01
3793,543,192,1,2025-09-15
3794,453,81,4,2024-09-18
3795,831,304,4,2025-09-09
3796,392,216,2,2026-04-24
3797,528,293,2,2025-04-18
3798,591,261,5,2025-07-02
3799,669,48,3,2025-08-08
3800,903,226,2,2025-05-06
3801,957,146,3,2026-04-11
3802,927,476,2,2025-10-10
3803,973,426,2,2025-02-20
3804,273,492,1,2026-02-19
3805,365,201,5,2025-06-12
3806,167,295,2,2024-09-19
3807,448,60,5,2024-10-28
3808,999,299,3,2026-06-07
3809,120,181,4,2025-09-17
3810,377,307,4,2026-05-17
3811,666,270,1,2024-09-05
3812,560,14,1,2025-10-21
3813,670,238,2,2025-05-10
3814,925,317,3,2025-05-16
3815,176,390,5,2026-03-05
3816,27,422,1,2025-06-01
3817,256,22,4,2026-07-09
3818,806,100,1,2025-05-14
3819,145,413,3,2026-04-27
3820,299,426,4,2025-03-11
3821,356,402,5,2025-07-11
3822,52,56,5,2024-10-22
3823,262,12,3,2025-02-06
3824,628,88,2,2024-11-28
3825,379,208,3,2025-09-07
3826,626,259,3,2024-09-05
3827,591,42,1,2026-07-19
3828,525,179,1,2026-06-04
3829,580,309,5,2025-04-12
3830,253,329,3,2024-11-23
3831,955,452,5,2025-08-28
3832,396,422,4,2025-10-27
3833,533,276,1,2024-12-08
3834,95,115,3,2024-12-11
3835,824,186,1,2026-07-01
3836,542,101,3,2025-08-04
3837,515,438,1,2025-04-23
3838,804,463,2,2024-09-08
3839,922,245,4,2025-10-29
3840,975,388,2,2025-08-31
3841,952,154,4,2026-03-11
3842,310,402,2,2026-01-10
3843,732,6,1,2024-09-16
3844,544,323,1,2024-08-20
3845,227,335,5,2025-11-11
3846,351,387,5,2024-09-15
3847,426,494,3,2026-04-19
3848,559,389,1,2026-02-13
3849,214,319,5,2024-09-06
3850,80,249,2,2025-04-20
3851,239,407,3,2026-03-16
3852,917,30,5,2026-03-28
3853,410,217,1,2026-06-01
3854,586,494,4,2024-09-19
3855,44,237,3,2024-10-18
3856,262,32,4,2026-01-25
3857,321,312,1,2025-01-12
3858,901,243,4,2025-04-15
3859,784,282,1,2024-09-13
3860,898,387,2,2024-10-25
3861,211,467,5,2024-08-12
3862,276,259,2,2025-09-28
3863,381,49,3,2025-01-15
3864,177,315,3,2024-08-21
3865,418,496,1,2024-08-01
3866,756,482,2,2024-11-18
3867,43,431,4,2024-12-22
3868,476,227,5,2025-01-11
3869,610,158,4,2026-03-18
3870,61,165,4,2026-06-25
3871,526,251,5,2026-05-23
3872,158,467,1,2026-04-29
3873,939,244,3,2025-06-16
3874,709,490,4,2025-03-07
3875,700,333,5,2026-04-10
3876,981,471,3,2025-10-29
3877,650,180,5,2025-12-09
3878,592,144,1,2026-05-29
3879,222,315,1,2025-05-14
3880,25,48,2,2025-04-06
3881,286,260,4,2026-03-08
3882,499,432,4,2026-02-20
3883,741,31,1,2025-09-16
3884,827,397,3,2025-12-02
3885,296,176,5,2025-02-27
3886,766,407,5,2024-12-13
3887,943,418,4,2025-02-11
3888,176,285,2,2026-02-08
3889,722,315,4,2025-05-04
3890,822,169,3,2026-01-30
3891,341,486,1,2026-02-06
3892,517,217,5,2026-04-17
3893,367,386,3,2026-01-08
3894,560,276,5,2026-03-07
3895,415,184,5,2025-01-17
3896,989,15,2,2025-03-29
3897,512,452,3,2024-08-17
3898,439,444,1,2025-05-01
3899,301,483,4,2025-05-14
3900,459,277,3,2026-01-21
3901,719,421,4,2026-01-20
3902,922,91,1,2026-05-19
3903,220,279,5,2026-07-13
3904,97,420,5,2024-07-28
3905,704,393,4,2026-03-03
3906,390,327,3,2025-06-18
3907,146,192,1,2024-12-18
3908,362,481,5,2025-09-25
3909,777,140,3,2025-10-25
3910,635,66,4,2024-12-03
3911,732,401,1,2025-04-28
3912,645,433,3,2026-03-01
3913,260,411,3,2025-07-29
3914,50,216,3,2025-02-01
3915,73,404,5,2026-01-03
3916,823,276,2,2024-11-17
3917,342,21,4,2025-11-13
3918,391,70,2,2026-03-30
3919,957,288,4,2024-10-30
3920,792,219,2,2026-04-13
3921,675,369,1,2025-09-08
3922,112,18,1,2026-01-24
3923,446,374,5,2025-06-16
3924,28,365,1,2024-11-08
3925,94,478,1,2026-02-01
3926,291,8,3,2024-09-26
3927,976,388,3,2026-03-02
3928,600,404,5,2025-02-18
3929,562,268,1,2025-12-08
3930,672,316,1,2025-09-25
3931,136,57,1,2025-04-01
3932,115,7,1,2025-08-30
3933,125,252,2,2025-10-05
3934,788,190,4,2026-07-20
3935,902,10,5,2025-01-07
3936,581,97,1,2026-01-13
3937,60,376,1,2024-12-28
3938,165,167,5,2026-07-10
3939,562,454,1,2026-06-28
3940,150,400,2,2025-07-20
3941,413,201,5,2025-08-04
3942,644,455,4,2025-05-28
3943,145,288,2,2026-05-23
3944,644,245,1,2025-11-29
3945,286,454,5,2024-10-26
3946,505,59,3,2024-11-16
3947,261,79,4,2026-01-21
3948,554,290,4,2025-04-06
3949,864,224,2,2026-04-01
3950,915,410,5,2025-12-07
3951,638,229,5,2025-08-16
3952,826,31,4,2024-12-29
3953,148,447,1,2026-03-01
3954,682,355,3,2025-06-09
3955,625,206,3,2025-03-01
3956,798,68,5,2025-06-14
3957,752,66,3,2025-07-01
3958,363,142,3,2024-08-12
3959,967,488,4,2024-09-13
3960,762,221,4,2026-04-17
3961,195,389,5,2024-08-11
3962,459,373,5,2025-05-06
3963,86,214,1,2024-11-12
3964,809,228,5,2025-06-07
3965,543,355,2,2024-08-26
3966,868,102,1,2024-12-19
3967,553,4,2,2024-12-10
3968,341,235,4,2026-05-10
3969,710,169,2,2025-10-28
3970,169,238,5,2026-05-13
3971,641,154,2,2026-05-06
3972,286,226,3,2025-03-04
3973,201,153,2,2025-08-30
3974,867,317,3,2024-09-07
3975,727,149,4,2024-11-03
3976,319,315,1,2025-05-25
3977,681,431,3,2025-11-24
3978,220,158,3,2025-11-18
3979,436,267,1,2026-07-03
3980,651,441,1,2025-12-18
3981,488,196,5,2025-05-29
3982,202,253,5,2025-10-05
3983,396,467,3,2025-01-11
3984,148,306,3,2026-07-16
3985,869,361,3,2026-01-21
3986,688,417,3,2025-10-22
3987,321,352,5,2025-01-31
3988,440,391,1,2025-10-15
3989,629,221,5,2025-11-09
3990,192,469,3,2025-08-19
3991,676,15,3,2026-05-23
3992,177,3,4,2025-08-28
3993,12,342,3,2026-06-01
3994,872,359,3,2026-01-29
3995,20,483,2,2024-11-09
3996,873,197,4,2024-09-05
3997,318,427,4,2026-06-14
3998,51,416,2,2024-12-21
3999,719,197,3,2024-09-26
4000,442,61,1,2025-08-15
4001,532,179,4,2026-04-25
4002,59,159,5,2024-10-06
4003,18,441,4,2025-10-31
4004,609,155,1,2024-08-24
4005,321,238,1,2026-03-11
4006,433,87,1,2025-09-08
4007,629,269,3,2026-02-04
4008,161,482,5,2024-07-28
4009,862,426,5,2025-12-22
4010,518,44,4,2024-12-02
4011,162,300,1,2025-01-13
4012,872,416,3,2026-03-18
4013,854,169,3,2025-08-31
4014,218,185,3,2025-10-10
4015,73,219,4,2024-08-13
4016,747,340,3,2024-09-08
4017,685,444,4,2025-07-12
4018,824,95,4,2025-03-22
4019,348,52,2,2024-12-21
4020,75,137,1,2025-04-07
4021,91,327,2,2025-12-25
4022,387,31,5,2024-11-24
4023,63,418,5,2024-12-19
4024,391,211,4,2026-02-27
4025,6,300,5,2025-01-11
4026,795,340,2,2024-09-25
4027,708,472,2,2024-08-27
4028,575,136,1,2025-02-03
4029,653,337,1,2025-09-15
4030,612,25,4,2025-04-03
4031,534,157,3,2025-04-01
4032,624,157,1,2026-07-21
4033,690,82,5,2024-09-09
4034,314,248,3,2026-06-28
4035,233,121,2,2025-09-02
4036,717,368,4,2025-05-12
4037,392,473,1,2025-01-06
4038,519,452,1,2024-09-16
4039,191,6,2,2025-01-07
4040,168,104,3,2026-05-15
4041,557,23,2,2026-06-10
4042,366,9,2,2024-11-02
4043,995,144,5,2025-04-26
4044,581,451,3,2025-03-31
4045,865,102,4,2026-02-11
4046,256,101,3,2025-01-27
4047,535,209,1,2024-12-04
4048,824,339,5,2024-12-06
4049,172,94,3,2025-02-12
4050,578,421,1,2026-04-05
4051,899,102,2,2024-10-22
4052,283,204,1,2024-12-27
4053,491,66,5,2025-04-15
4054,197,62,1,2025-05-19
4055,107,266,1,2025-11-03
4056,569,212,1,2026-06-23
4057,910,27,4,2025-01-02
4058,338,71,3,2025-12-05
4059,503,404,4,2026-04-25
4060,357,112,3,2024-08-17
4061,899,149,2,2026-01-05
4062,789,418,2,2024-12-21
4063,666,68,4,2025-12-19
4064,680,497,5,2026-05-11
4065,112,430,3,2025-04-19
4066,95,381,5,2024-09-24
4067,268,265,4,2024-12-19
4068,540,45,1,2025-05-07
4069,582,253,2,2025-04-09
4070,934,163,4,2025-05-31
4071,767,500,2,2026-01-26
4072,257,316,3,2024-07-25
4073,493,402,1,2026-07-01
4074,361,94,3,2025-09-11
4075,5,167,2,2025-02-10
4076,454,240,5,2026-01-24
4077,370,2,5,2026-06-10
4078,262,90,4,2025-08-22
4079,372,477,1,2025-03-01
4080,82,230,2,2025-10-03
4081,946,331,2,2024-10-27
4082,681,437,4,2025-08-19
4083,782,131,3,2026-06-20
4084,835,133,3,2025-05-15
4085,376,83,2,2025-11-30
4086,575,400,1,2026-02-04
4087,255,220,3,2025-01-11
4088,855,66,1,2025-04-02
4089,258,119,4,2025-10-14
4090,194,363,4,2025-08-29
4091,862,292,5,2024-09-21
4092,386,239,3,2025-08-29
4093,183,89,2,2025-04-24
4094,903,318,1,2025-03-08
4095,467,317,4,2025-10-06
4096,835,289,2,2025-08-19
4097,939,367,2,2025-06-13
4098,776,345,5,2025-01-20
4099,860,371,5,2025-01-03
4100,173,134,4,2026-07-11
4101,824,467,2,2026-04-27
4102,862,77,4,2026-06-20
4103,120,14,4,2025-11-03
4104,439,72,4,2026-03-22
4105,124,107,1,2026-02-15
4106,657,85,5,2025-08-30
4107,827,104,5,2024-12-16
4108,819,394,2,2025-08-17
4109,254,446,5,2025-02-20
4110,346,218,2,2024-08-24
4111,574,27,3,2026-02-05
4112,127,166,4,2025-07-22
4113,102,459,3,2026-03-02
4114,324,227,1,2025-09-07
4115,403,78,4,2025-09-24
4116,673,238,4,2026-04-18
4117,771,275,4,2026-03-17
4118,193,336,2,2025-10-24
4119,456,376,4,2024-10-03
4120,708,321,2,2024-11-14
4121,487,35,4,2025-12-14
4122,825,146,5,2025-08-07
4123,489,210,2,2026-05-29
4124,559,367,4,2025-06-06
4125,825,338,3,2025-02-27
4126,716,396,1,2026-05-04
4127,386,45,4,2025-10-31
4128,957,249,1,2025-04-21
4129,878,476,4,2026-06-09
4130,182,407,3,2024-12-18
4131,144,461,1,2025-06-25
4132,760,270,5,2025-06-04
4133,322,304,3,2026-04-04
4134,683,214,5,2025-09-02
4135,507,22,4,2025-06-16
4136,552,16,1,2026-02-10
4137,612,400,5,2025-05-12
4138,702,278,3,2024-08-02
4139,734,214,4,2026-02-05
4140,374,458,1,2026-07-11
4141,147,25,4,2026-05-23
4142,306,112,4,2025-06-17
4143,560,236,5,2026-05-06
4144,41,87,1,2025-09-22
4145,570,246,2,2025-10-22
4146,451,462,5,2025-05-27
4147,812,77,4,2025-11-08
4148,394,472,5,2025-08-28
4149,418,233,3,2026-05-29
4150,909,204,1,2026-02-01
4151,786,425,2,2025-10-30
4152,383,376,5,2024-09-15
4153,568,221,1,2024-12-29
4154,588,186,5,2024-08-01
4155,323,370,2,2026-05-04
4156,812,206,2,2026-02-12
4157,306,374,3,2025-06-13
4158,139,53,2,2025-07-11
4159,728,435,5,2025-02-06
4160,384,118,2,2025-11-12
4161,789,223,1,2025-06-11
4162,633,292,3,2024-10-01
4163,954,363,4,2026-05-20
4164,850,98,2,2025-02-27
4165,81,440,1,2025-07-24
4166,711,175,3,2025-06-28
4167,786,254,4,2026-01-17
4168,336,15,5,2025-10-31
4169,829,215,2,2025-04-04
4170,986,131,3,2026-03-24
4171,691,315,4,2024-11-09
4172,232,4,5,2024-12-26
4173,236,443,1,2024-10-18
4174,872,242,1,2026-02-08
4175,457,114,2,2024-10-06
4176,546,331,4,2025-11-24
4177,385,14,3,2025-05-09
4178,47,93,3,2025-07-29
4179,474,171,4,2026-07-22
4180,363,24,4,2025-11-03
4181,542,308,3,2025-05-07
4182,590,339,1,2026-05-13
4183,428,108,1,2025-06-01
4184,749,35,5,2025-02-09
4185,829,281,1,2026-01-17
4186,388,207,5,2025-11-01
4187,552,26,5,2025-12-17
4188,156,209,1,2024-07-30
4189,855,341,3,2025-01-27
4190,995,221,4,2024-12-10
4191,460,71,5,2024-12-20
4192,416,318,2,2026-05-17
4193,164,277,1,2025-11-12
4194,989,117,2,2025-12-19
4195,634,463,4,2024-08-19
4196,457,71,1,2024-11-11
4197,992,360,1,2025-05-19
4198,969,125,2,2025-03-22
4199,681,27,3,2026-05-14
4200,509,26,5,2025-04-25
4201,727,139,1,2025-05-29
4202,313,113,4,2024-12-21
4203,942,171,4,2025-01-08
4204,474,407,5,2025-03-28
4205,753,231,5,2026-02-11
4206,463,324,2,2025-06-11
4207,728,59,5,2026-01-04
4208,951,144,3,2026-04-23
4209,335,266,2,2024-11-25
4210,18,152,4,2024-12-14
4211,978,249,4,2026-04-26
4212,621,387,5,2025-07-23
4213,797,313,2,2024-10-09
4214,382,281,4,2024-08-03
4215,734,358,5,2025-03-18
4216,216,205,5,2026-06-20
4217,63,339,1,2025-02-22
4218,342,358,3,2026-04-23
4219,9,378,2,2025-05-13
4220,442,211,2,2026-03-30
4221,834,313,4,2026-01-16
4222,725,82,2,2026-03-21
4223,297,110,5,2026-07-18
4224,1,415,1,2024-08-17
4225,466,366,3,2026-01-02
4226,361,348,4,2025-05-16
4227,67,364,3,2024-10-07
4228,148,133,2,2025-08-13
4229,955,259,4,2025-01-26
4230,685,291,1,2025-08-14
4231,851,337,4,2024-08-15
4232,477,159,5,2026-01-18
4233,971,199,3,2025-05-05
4234,801,139,3,2026-01-02
4235,11,4,3,2025-05-31
4236,567,47,2,2025-10-26
4237,298,253,2,2025-06-27
4238,101,6,2,2025-05-26
4239,676,53,5,2026-03-11
4240,812,234,5,2025-11-06
4241,581,393,5,2024-08-31
4242,68,142,3,2026-07-20
4243,835,199,5,2025-01-10
4244,940,388,5,2025-11-20
4245,417,361,5,2025-10-06
4246,683,185,3,2026-04-14
4247,863,417,1,2026-06-20
4248,549,283,1,2025-03-20
4249,827,31,1,2025-03-11
4250,851,449,2,2026-04-30
4251,456,281,5,2025-09-11
4252,15,127,5,2025-06-28
4253,302,161,5,2025-01-14
4254,935,38,5,2024-10-20
4255,437,413,3,2024-11-24
4256,950,362,2,2025-04-16
4257,608,69,2,2025-04-23
4258,390,226,1,2026-06-21
4259,48,78,1,2025-12-18
4260,509,303,2,2026-06-03
4261,497,3,4,2025-01-05
4262,839,56,5,2024-08-09
4263,618,361,1,2026-01-24
4264,742,87,1,2026-06-13
4265,241,206,1,2025-04-11
4266,867,294,3,2025-04-30
4267,368,329,3,2026-06-11
4268,825,417,5,2026-01-27
4269,138,258,5,2026-04-10
4270,710,217,1,2025-07-13
4271,581,108,4,2025-11-29
4272,958,83,4,2024-12-13
4273,572,341,2,2025-05-09
4274,703,496,2,2024-09-15
4275,606,205,4,2025-01-09
4276,823,21,2,2025-08-05
4277,715,293,3,2025-08-14
4278,154,339,3,2024-12-29
4279,884,156,1,2024-11-04
4280,693,325,3,2024-12-02
4281,590,275,1,2025-11-22
4282,835,125,3,2025-05-25
4283,88,67,5,2025-12-09
4284,722,497,5,2025-04-03
4285,623,59,3,2025-09-22
4286,112,141,5,2025-05-26
4287,120,173,5,2024-08-07
4288,320,307,4,2025-10-09
4289,724,294,4,2025-03-03
4290,20,128,3,2026-03-04
4291,983,3,1,2025-08-12
4292,963,93,5,2024-10-27
4293,831,499,2,2025-11-28
4294,455,103,1,2025-09-15
4295,644,322,3,2025-10-09
4296,583,469,4,2025-10-08
4297,113,40,4,2026-03-04
4298,977,470,3,2026-06-13
4299,112,370,1,2026-01-31
4300,119,147,4,2025-02-18
4301,969,403,4,2025-04-13
4302,747,470,3,2025-09-27
4303,15,128,1,2026-01-27
4304,920,492,2,2025-03-06
4305,524,328,4,2024-11-02
4306,865,303,2,2025-06-30
4307,547,461,2,2025-01-29
4308,548,83,3,2025-09-18
4309,719,275,3,2025-03-13
4310,597,256,1,2024-11-08
4311,372,269,4,2026-05-27
4312,799,59,1,2024-09-28
4313,282,56,5,2026-05-21
4314,386,218,3,2026-06-13
4315,697,405,5,2025-05-19
4316,62,130,2,2025-10-12
4317,273,102,4,2025-12-14
4318,102,148,1,2025-10-23
4319,63,452,2,2026-06-07
4320,990,268,2,2025-02-17
4321,210,320,4,2026-02-12
4322,220,240,3,2026-07-21
4323,163,452,4,2025-01-11
4324,787,380,4,2025-12-25
4325,843,323,3,2024-10-04
4326,859,38,4,2025-05-28
4327,601,316,1,2025-05-29
4328,455,98,3,2025-12-20
4329,639,191,5,2025-01-17
4330,634,300,4,2025-03-11
4331,609,6,3,2024-11-30
4332,449,59,2,2026-01-19
4333,988,259,2,2025-04-21
4334,574,138,5,2025-12-24
4335,520,239,2,2025-04-06
4336,807,262,5,2024-09-02
4337,655,11,1,2025-02-23
4338,621,286,5,2025-03-13
4339,172,237,1,2024-10-04
4340,943,340,5,2025-08-24
4341,249,205,3,2026-02-14
4342,492,384,4,2024-12-17
4343,162,353,1,2026-04-26
4344,242,128,4,2025-01-30
4345,550,99,2,2026-04-04
4346,35,451,5,2026-06-25
4347,281,395,1,2025-04-10
4348,441,295,3,2025-02-27
4349,429,50,1,2026-05-17
4350,562,271,2,2026-02-23
4351,937,57,4,2025-09-21
4352,781,315,3,2026-01-21
4353,328,410,3,2024-09-17
4354,734,160,4,2025-08-03
4355,958,231,1,2025-11-14
4356,984,388,4,2024-09-19
4357,66,218,2,2024-11-24
4358,863,60,1,2026-05-17
4359,875,37,2,2025-08-11
4360,7,171,2,2026-04-30
4361,450,377,5,2026-01-23
4362,70,38,5,2026-05-15
4363,57,349,3,2025-03-17
4364,645,50,4,2026-03-14
4365,960,150,1,2025-10-12
4366,997,81,2,2025-12-02
4367,968,454,5,2025-05-21
4368,659,192,2,2025-03-26
4369,682,248,2,2026-03-07
4370,900,417,5,2025-12-10
4371,781,82,4,2025-03-25
4372,778,24,1,2024-12-24
4373,275,230,3,2025-05-17
4374,918,438,5,2026-05-22
4375,173,183,4,2025-01-02
4376,760,73,3,2025-02-20
4377,15,98,3,2026-02-08
4378,794,470,4,2026-02-05
4379,525,102,2,2026-05-05
4380,502,223,1,2026-05-30
4381,491,197,1,2024-08-16
4382,328,281,5,2026-01-01
4383,561,237,1,2025-07-08
4384,956,175,3,2025-03-06
4385,519,401,2,2024-10-06
4386,848,110,1,2026-02-26
4387,929,232,4,2026-05-31
4388,326,445,3,2025-05-08
4389,850,25,5,2024-10-11
4390,522,207,1,2026-02-10
4391,217,462,3,2025-06-27
4392,67,262,1,2026-07-04
4393,941,61,3,2025-04-11
4394,628,122,5,2024-11-29
4395,70,408,4,2026-02-28
4396,995,64,2,2025-10-29
4397,33,479,4,2026-07-21
4398,875,65,2,2025-04-30
4399,943,228,3,2026-03-24
4400,910,223,1,2025-10-31
4401,949,47,4,2025-08-11
4402,553,372,4,2025-08-17
4403,897,468,4,2024-10-14
4404,981,341,1,2025-02-04
4405,339,481,2,2026-04-15
4406,276,173,5,2025-07-10
4407,425,262,1,2024-12-08
4408,604,395,5,2026-06-19
4409,218,461,5,2025-04-26
4410,39,371,1,2026-07-23
4411,543,327,1,2025-10-16
4412,719,93,3,2025-05-23
4413,529,107,4,2025-12-08
4414,376,99,3,2025-06-06
4415,666,53,3,2026-02-08
4416,869,56,1,2025-07-14
4417,827,232,2,2026-01-03
4418,658,471,5,2025-01-24
4419,438,329,1,2026-02-23
4420,228,95,2,2025-11-07
4421,242,209,4,2025-12-01
4422,762,27,4,2026-07-11
4423,584,61,5,2026-02-09
4424,414,362,2,2025-12-05
4425,691,63,1,2026-03-17
4426,221,150,3,2026-02-01
4427,303,378,5,2025-02-22
4428,338,79,4,2026-03-06
4429,680,477,1,2026-05-22
4430,966,337,5,2025-09-02
4431,343,69,5,2025-10-05
4432,174,66,4,2026-02-08
4433,49,259,1,2024-11-18
4434,82,252,3,2025-04-01
4435,61,144,1,2025-07-12
4436,614,373,3,2025-07-02
4437,630,126,5,2024-11-03
4438,56,189,2,2025-05-09
4439,250,23,2,2026-03-16
4440,908,120,4,2026-06-10
4441,81,297,5,2026-04-25
4442,746,377,2,2026-04-02
4443,781,72,5,2024-08-10
4444,736,477,3,2025-08-06
4445,847,145,5,2024-09-17
4446,352,112,4,2025-03-22
4447,468,46,4,2025-03-24
4448,336,231,3,2026-06-25
4449,687,39,2,2025-02-12
4450,275,47,2,2025-04-01
4451,830,15,5,2026-07-05
4452,813,231,2,2024-11-21
4453,801,109,4,2026-04-20
4454,141,285,1,2025-09-21
4455,756,118,4,2026-03-07
4456,923,119,1,2026-06-09
4457,949,383,5,2026-01-10
4458,193,126,3,2026-03-17
4459,131,387,5,2025-04-11
4460,119,445,1,2025-06-04
4461,871,303,2,2026-03-24
4462,301,246,5,2025-08-13
4463,201,467,5,2026-02-18
4464,542,357,4,2025-02-04
4465,285,61,2,2026-01-19
4466,180,134,4,2024-10-24
4467,359,36,2,2026-02-16
4468,519,256,2,2025-04-01
4469,170,141,1,2024-10-06
4470,269,68,2,2026-05-01
4471,60,306,3,2026-04-26
4472,418,472,4,2025-04-11
4473,427,168,4,2025-07-09
4474,989,410,4,2025-12-18
4475,973,442,2,2026-02-03
4476,773,225,4,2026-03-18
4477,469,380,4,2025-06-15
4478,376,14,1,2025-10-11
4479,582,435,3,2025-02-15
4480,926,438,5,2025-10-31
4481,820,223,5,2025-04-14
4482,312,355,1,2026-07-08
4483,309,345,4,2025-08-05
4484,227,116,1,2025-02-02
4485,879,500,4,2025-02-03
4486,553,413,2,2025-10-02
4487,243,218,5,2024-12-18
4488,607,173,1,2025-08-13
4489,455,309,5,2024-12-30
4490,934,192,4,2026-02-06
4491,564,122,3,2025-04-06
4492,297,11,1,2025-07-14
4493,718,405,3,2025-09-10
4494,184,363,3,2025-02-19
4495,866,37,4,2025-10-17
4496,869,16,4,2025-04-26
4497,842,162,1,2024-10-01
4498,291,218,5,2024-08-06
4499,332,97,1,2026-05-07
4500,597,211,3,2025-06-25
4501,898,14,3,2025-06-03
4502,224,154,3,2026-04-01
4503,991,147,5,2026-06-03
4504,406,165,1,2025-10-27
4505,852,200,4,2025-02-05
4506,541,10,2,2026-01-14
4507,522,338,5,2026-01-29
4508,169,303,5,2026-06-06
4509,820,140,4,2026-07-08
4510,713,398,4,2024-10-18
4511,530,107,5,2026-04-28
4512,509,241,2,2026-04-29
4513,840,28,2,2025-05-19
4514,815,291,5,2025-03-06
4515,9,429,4,2025-03-13
4516,594,395,1,2026-02-28
4517,935,275,4,2026-05-10
4518,931,398,2,2025-10-29
4519,50,404,1,2026-01-22
4520,859,367,4,2026-03-12
4521,256,329,4,2024-09-15
4522,548,98,5,2025-10-02
4523,14,297,1,2026-01-01
4524,777,257,4,2025-12-17
4525,578,114,3,2025-02-05
4526,92,184,2,2025-05-09
4527,861,249,2,2025-01-03
4528,406,184,4,2025-12-25
4529,308,251,1,2024-11-07
4530,497,111,3,2025-09-23
4531,435,162,5,2024-09-06
4532,298,62,4,2025-11-20
4533,473,89,2,2026-04-08
4534,451,299,2,2026-07-09
4535,555,473,1,2025-05-03
4536,596,394,4,2024-10-03
4537,370,469,1,2026-01-10
4538,207,426,5,2024-09-21
4539,668,73,2,2026-07-09
4540,764,214,3,2024-09-01
4541,714,254,3,2024-11-08
4542,577,45,5,2025-06-03
4543,444,326,3,2026-04-13
4544,367,264,2,2024-09-07
4545,219,233,1,2026-05-23
4546,744,494,4,2025-08-18
4547,322,500,2,2025-10-04
4548,976,446,3,2025-10-13
4549,928,458,4,2026-07-06
4550,421,240,3,2025-08-21
4551,916,408,5,2025-10-05
4552,840,116,3,2025-12-02
4553,716,375,4,2026-02-05
4554,900,380,2,2024-07-25
4555,374,107,1,2025-07-05
4556,472,14,5,2025-12-03
4557,470,435,3,2025-06-26
4558,831,473,1,2025-05-21
4559,9,109,3,2024-12-11
4560,830,98,5,2026-04-20
4561,900,241,1,2024-08-04
4562,887,198,3,2025-01-25
4563,600,497,4,2026-06-20
4564,134,279,3,2025-02-09
4565,188,36,5,2025-05-24
4566,424,215,2,2025-03-30
4567,668,309,5,2024-09-11
4568,251,159,2,2026-01-24
4569,305,327,5,2025-07-10
4570,712,310,4,2024-12-23
4571,76,382,1,2026-04-16
4572,625,30,2,2024-10-06
4573,722,309,1,2026-04-04
4574,777,435,3,2024-07-30
4575,560,423,5,2025-07-13
4576,720,334,4,2024-12-12
4577,158,165,1,2025-01-20
4578,872,122,4,2026-02-12
4579,212,28,5,2025-05-29
4580,933,478,5,2024-11-09
4581,117,390,2,2024-10-31
4582,228,144,5,2026-01-01
4583,219,464,3,2024-11-06
4584,294,258,2,2024-11-26
4585,152,222,5,2025-11-19
4586,644,137,4,2026-01-15
4587,201,369,5,2025-03-06
4588,521,376,1,2025-09-19
4589,441,113,2,2026-06-08
4590,552,145,2,2025-03-21
4591,332,258,2,2025-04-22
4592,902,336,2,2025-05-07
4593,112,418,1,2024-11-10
4594,861,400,4,2025-11-14
4595,969,91,4,2024-11-15
4596,326,495,1,2025-07-08
4597,336,310,5,2026-05-20
4598,366,155,2,2025-06-17
4599,816,436,1,2025-08-14
4600,393,120,1,2026-06-01
4601,753,236,5,2025-12-05
4602,609,243,1,2025-11-26
4603,766,308,1,2025-11-25
4604,563,458,2,2024-12-23
4605,43,132,3,2024-11-05
4606,855,328,1,2025-02-13
4607,287,23,5,2025-01-05
4608,638,209,5,2025-05-26
4609,633,231,3,2024-10-28
4610,916,478,5,2025-09-11
4611,59,396,3,2025-06-05
4612,371,297,2,2025-06-21
4613,526,382,4,2026-01-28
4614,25,92,5,2025-10-22
4615,631,44,1,2026-03-24
4616,615,83,1,2025-11-22
4617,741,246,4,2024-09-18
4618,148,22,3,2026-07-01
4619,118,127,4,2025-03-29
4620,306,12,5,2024-12-06
4621,268,58,1,2025-11-03
4622,359,83,3,2025-03-15
4623,868,186,3,2025-07-10
4624,145,432,1,2025-12-23
4625,605,19,3,2026-03-15
4626,140,176,2,2025-10-04
4627,172,12,4,2025-04-30
4628,658,174,2,2025-10-23
4629,394,338,4,2026-02-23
4630,407,477,2,2025-04-28
4631,981,144,1,2026-05-07
4632,304,162,5,2025-09-17
4633,349,399,1,2025-04-12
4634,437,232,1,2026-01-31
4635,839,482,5,2026-05-05
4636,999,160,4,2024-08-29
4637,407,92,5,2026-06-26
4638,199,422,2,2025-12-20
4639,217,142,4,2026-02-06
4640,489,308,4,2024-10-26
4641,345,472,2,2026-02-28
4642,464,17,5,2025-12-20
4643,767,191,1,2026-02-25
4644,475,206,1,2025-01-06
4645,881,134,5,2025-01-24
4646,319,172,1,2026-04-28
4647,237,345,2,2024-11-11
4648,467,10,3,2024-10-21
4649,223,437,4,2026-02-20
4650,514,345,1,2025-05-14
4651,534,286,5,2025-07-19
4652,515,388,4,2025-04-19
4653,737,223,3,2025-08-29
4654,31,467,3,2026-03-05
4655,668,114,2,2025-12-17
4656,933,365,3,2025-08-09
4657,108,86,5,2025-01-03
4658,19,252,3,2024-12-12
4659,617,393,2,2025-01-11
4660,500,97,5,2025-01-19
4661,532,250,4,2026-04-12
4662,438,103,4,2025-11-09
4663,779,424,5,2026-07-15
4664,334,131,3,2024-11-18
4665,941,71,4,2025-07-05
4666,929,107,1,2026-01-28
4667,497,41,1,2026-03-31
4668,665,342,1,2025-07-16
4669,620,291,1,2024-09-13
4670,293,366,1,2026-03-08
4671,697,22,3,2025-10-12
4672,940,305,1,2026-06-19
4673,723,449,3,2025-07-29
4674,897,198,1,2024-09-18
4675,80,363,5,2024-08-11
4676,920,49,4,2026-03-18
4677,840,153,4,2025-07-28
4678,668,302,4,2025-06-07
4679,285,232,2,2025-01-12
4680,220,246,4,2025-01-15
4681,365,186,3,2025-08-13
4682,432,322,5,2024-10-27
4683,585,369,2,2025-05-23
4684,257,307,2,2024-08-13
4685,733,423,2,2024-08-28
4686,675,97,4,2024-09-28
4687,470,48,3,2024-08-27
4688,282,51,5,2025-07-30
4689,8,179,1,2026-04-10
4690,417,366,4,2025-02-10
4691,5,286,4,2025-09-11
4692,808,67,1,2025-10-08
4693,969,328,1,2025-05-18
4694,650,28,5,2024-09-05
4695,850,389,5,2026-05-26
4696,620,247,2,2025-07-03
4697,422,320,1,2025-08-14
4698,743,383,4,2024-11-18
4699,367,264,4,2025-12-26
4700,594,308,2,2026-07-09
4701,361,163,4,2025-08-04
4702,168,8,1,2026-07-15
4703,393,122,1,2025-06-03
4704,598,362,5,2026-02-24
4705,444,243,1,2026-01-07
4706,617,456,1,2025-11-21
4707,749,257,3,2024-10-16
4708,504,207,5,2024-11-17
4709,912,420,1,2024-12-01
4710,184,25,2,2026-03-19
4711,967,313,4,2026-02-08
4712,499,429,5,2024-12-08
4713,71,83,4,2025-02-02
4714,219,244,1,2025-09-18
4715,444,95,1,2026-04-21
4716,184,125,3,2025-10-05
4717,473,324,1,2026-04-15
4718,372,387,2,2024-08-05
4719,88,463,2,2025-01-12
4720,435,83,1,2026-03-26
4721,786,323,2,2025-12-30
4722,560,227,5,2025-04-12
4723,333,105,4,2025-10-23
4724,135,370,4,2025-08-18
4725,321,226,2,2025-10-12
4726,198,118,1,2024-08-11
4727,255,41,4,2024-08-17
4728,270,492,2,2026-01-26
4729,159,359,2,2024-08-02
4730,339,1,4,2026-03-10
4731,95,496,5,2025-11-06
4732,923,292,4,2025-11-18
4733,179,104,2,2024-10-26
4734,393,191,2,2026-03-22
4735,427,66,4,2026-07-07
4736,242,386,1,2024-08-30
4737,113,186,3,2025-10-24
4738,334,121,4,2024-10-08
4739,885,463,4,2025-04-23
4740,110,422,2,2024-09-20
4741,586,141,5,2024-10-13
4742,133,153,2,2026-03-27
4743,423,375,4,2026-04-16
4744,318,70,3,2025-09-24
4745,639,390,2,2026-06-27
4746,819,399,2,2025-01-01
4747,966,145,2,2025-01-22
4748,323,327,3,2025-02-07
4749,653,477,2,2026-05-09
4750,732,135,4,2025-06-13
4751,704,180,5,2026-04-09
4752,72,324,2,2026-03-15
4753,152,57,4,2024-11-27
4754,578,367,4,2026-01-07
4755,215,478,3,2025-06-20
4756,931,45,2,2025-08-07
4757,319,356,4,2024-10-23
4758,550,145,5,2024-11-10
4759,919,208,4,2025-07-14
4760,460,348,5,2025-09-11
4761,529,303,5,2025-11-11
4762,192,305,4,2025-10-22
4763,8,50,3,2026-03-24
4764,547,26,5,2026-03-06
4765,304,476,5,2026-06-22
4766,985,323,4,2025-04-29
4767,979,91,3,2026-06-09
4768,852,104,1,2026-06-01
4769,614,86,2,2025-06-28
4770,453,151,4,2025-07-23
4771,883,413,5,2026-03-15
4772,532,67,3,2025-07-12
4773,88,265,5,2024-11-26
4774,522,419,2,2025-04-14
4775,585,30,3,2026-05-03
4776,331,239,2,2025-03-09
4777,422,78,2,2024-12-20
4778,649,262,3,2025-03-26
4779,951,58,2,2025-09-09
4780,234,65,2,2025-06-08
4781,890,149,5,2024-08-29
4782,821,402,4,2026-07-13
4783,416,110,1,2026-01-12
4784,204,202,2,2025-05-02
4785,420,301,1,2026-07-10
4786,310,36,3,2025-08-31
4787,699,269,1,2024-09-14
4788,572,2,5,2025-10-27
4789,110,492,4,2026-07-18
4790,336,66,2,2026-02-03
4791,831,19,2,2025-12-20
4792,181,486,5,2025-04-05
4793,945,23,1,2025-09-30
4794,966,23,5,2024-09-05
4795,97,126,5,2025-12-28
4796,596,191,4,2025-04-08
4797,237,460,3,2025-12-25
4798,72,57,2,2025-11-06
4799,206,291,4,2025-03-02
4800,688,31,4,2025-03-20
4801,114,299,1,2024-10-01
4802,487,99,1,2025-09-06
4803,851,362,3,2025-05-30
4804,89,217,1,2026-03-01
4805,298,143,2,2026-03-17
4806,816,78,5,2025-05-23
4807,151,76,5,2024-10-21
4808,458,193,3,2025-12-04
4809,488,271,3,2026-04-05
4810,980,51,1,2025-11-28
4811,260,476,4,2025-05-02
4812,954,170,4,2025-03-16
4813,938,121,4,2025-10-28
4814,517,430,4,2025-05-14
4815,633,426,4,2024-08-14
4816,341,382,4,2025-09-08
4817,393,255,3,2024-09-09
4818,694,181,4,2026-05-20
4819,832,118,5,2025-05-19
4820,408,103,2,2025-01-09
4821,454,114,1,2025-04-18
4822,520,349,5,2025-09-14
4823,365,39,4,2025-04-01
4824,359,353,1,2024-11-27
4825,561,363,2,2025-06-19
4826,371,144,2,2024-09-16
4827,643,383,4,2024-10-19
4828,177,424,1,2024-09-25
4829,179,270,2,2024-09-17
4830,16,211,4,2024-12-16
4831,592,238,4,2024-11-19
4832,94,199,4,2025-11-11
4833,993,10,4,2026-04-07
4834,604,343,4,2025-02-11
4835,453,145,5,2026-03-17
4836,390,481,4,2024-09-21
4837,167,279,2,2025-09-30
4838,398,134,1,2024-09-09
4839,576,191,1,2025-05-06
4840,184,182,2,2026-04-14
4841,674,479,5,2024-12-19
4842,623,138,5,2024-12-08
4843,204,112,2,2025-01-23
4844,100,80,2,2025-06-28
4845,23,158,1,2025-06-18
4846,324,133,4,2025-10-16
4847,415,446,2,2025-02-12
4848,864,257,3,2025-11-13
4849,540,271,2,2025-11-18
4850,884,392,4,2024-07-31
4851,583,27,4,2025-06-14
4852,53,119,5,2025-11-15
4853,792,455,3,2025-07-12
4854,201,163,3,2025-05-04
4855,62,119,3,2025-09-30
4856,112,276,1,2025-11-16
4857,512,286,1,2025-01-11
4858,752,389,5,2026-05-08
4859,761,377,3,2025-12-09
4860,773,33,1,2025-02-10
4861,747,399,5,2026-05-03
4862,206,129,4,2026-05-27
4863,471,291,2,2025-05-10
4864,878,383,3,2025-06-14
4865,946,15,4,2024-10-17
4866,922,258,4,2024-09-24
4867,970,214,2,2026-02-13
4868,522,207,5,2025-09-02
4869,253,122,5,2024-08-20
4870,433,440,3,2025-04-02
4871,231,85,4,2025-02-11
4872,244,341,2,2025-07-05
4873,511,203,1,2024-12-07
4874,553,192,1,2025-03-08
4875,340,384,2,2025-02-06
4876,203,384,1,2025-01-08
4877,367,230,2,2025-03-18
4878,136,29,2,2026-03-04
4879,978,387,2,2025-01-13
4880,390,221,5,2026-05-08
4881,870,329,3,2026-06-14
4882,866,138,1,2026-04-16
4883,192,114,3,2024-11-09
4884,124,217,2,2026-01-29
4885,918,278,4,2025-12-31
4886,905,335,5,2024-10-25
4887,887,17,4,2025-05-15
4888,547,61,2,2025-05-31
4889,255,402,4,2026-02-09
4890,497,184,2,2025-10-25
4891,515,231,1,2024-12-02
4892,241,283,5,2024-09-26
4893,909,251,3,2025-09-30
4894,995,30,1,2025-12-21
4895,389,485,2,2026-05-03
4896,959,8,3,2024-10-09
4897,168,70,3,2025-05-10
4898,918,500,5,2026-07-15
4899,550,214,2,2026-07-07
4900,193,327,1,2025-05-25
4901,539,298,2,2025-05-04
4902,936,420,4,2025-12-04
4903,922,194,2,2025-08-04
4904,43,387,2,2024-09-12
4905,904,76,3,2026-03-15
4906,782,491,5,2025-07-15
4907,10,260,5,2024-10-12
4908,426,377,1,2024-11-07
4909,19,85,2,2024-12-01
4910,607,265,3,2024-08-31
4911,828,436,2,2025-01-26
4912,53,117,4,2024-09-15
4913,648,126,2,2025-12-28
4914,481,176,2,2026-07-04
4915,267,155,4,2025-02-28
4916,702,223,2,2025-07-18
4917,766,318,3,2025-10-29
4918,527,265,2,2025-03-12
4919,184,163,2,2025-09-08
4920,463,393,1,2025-08-22
4921,329,135,4,2026-02-14
4922,63,52,3,2025-11-05
4923,7,116,5,2025-10-19
4924,579,115,2,2026-05-02
4925,190,441,2,2025-06-12
4926,61,234,4,2026-04-17
4927,368,454,2,2025-12-08
4928,89,459,1,2025-05-24
4929,601,163,4,2025-08-24
4930,980,30,4,2025-07-30
4931,60,495,4,2025-04-05
4932,563,45,4,2024-12-10
4933,534,474,2,2025-06-29
4934,774,47,3,2025-12-15
4935,605,302,1,2025-11-28
4936,771,39,5,2025-03-05
4937,495,218,5,2024-10-19
4938,486,500,3,2026-06-06
4939,369,438,3,2025-03-26
4940,560,368,5,2025-05-06
4941,864,453,4,2025-11-11
4942,346,297,2,2025-06-27
4943,934,387,5,2025-08-29
4944,716,273,1,2025-07-12
4945,300,159,3,2025-02-22
4946,544,392,3,2025-06-24
4947,956,184,5,2026-06-03
4948,172,96,3,2026-01-28
4949,149,297,4,2025-04-27
4950,484,284,2,2025-01-26
4951,515,479,4,2025-04-06
4952,174,453,4,2025-01-02
4953,817,24,3,2025-01-11
4954,304,337,4,2025-11-09
4955,16,212,3,2024-12-17
4956,150,80,1,2026-02-04
4957,614,315,4,2026-01-31
4958,832,17,4,2025-09-11
4959,592,173,1,2026-03-07
4960,168,459,3,2026-05-18
4961,245,163,2,2026-05-15
4962,206,14,4,2024-10-01
4963,893,475,5,2025-03-16
4964,128,266,3,2024-08-13
4965,400,286,2,2025-03-19
4966,228,54,5,2025-10-26
4967,85,30,4,2025-08-11
4968,241,286,2,2026-02-10
4969,539,446,4,2024-08-03
4970,159,374,5,2026-01-14
4971,28,447,4,2025-08-03
4972,26,410,1,2024-12-09
4973,89,477,5,2025-01-25
4974,728,179,3,2025-08-23
4975,384,153,5,2024-09-25
4976,7,265,3,2025-10-19
4977,119,306,3,2026-01-31
4978,558,350,1,2026-01-20
4979,669,209,3,2024-08-18
4980,587,304,4,2026-04-26
4981,671,63,1,2026-04-08
4982,569,346,1,2025-03-06
4983,929,272,1,2025-04-03
4984,188,112,1,2026-01-04
4985,851,172,4,2025-04-08
4986,979,220,1,2025-09-27
4987,327,214,4,2025-04-19
4988,755,402,4,2026-02-19
4989,327,385,1,2025-12-14
4990,862,475,1,2026-06-16
4991,713,63,5,2024-11-02
4992,289,442,2,2024-12-06
4993,277,448,5,2025-11-13
4994,722,173,5,2025-09-18
4995,756,59,4,2024-12-25
4996,111,149,3,2025-01-12
4997,104,298,5,2026-06-17
4998,783,79,1,2026-02-21
4999,507,318,4,2026-04-11
5000,409,424,5,2024-08-28
5001,541,219,3,2026-04-18
5002,477,249,1,2024-12-31
5003,967,136,5,2025-10-17
5004,123,116,1,2026-06-29
5005,300,236,5,2025-09-11
5006,994,299,2,2025-11-01
5007,670,265,1,2025-02-19
5008,76,471,2,2024-10-22
5009,991,320,5,2024-09-14
5010,576,46,5,2026-05-05
5011,92,156,3,2026-05-02
5012,965,42,3,2025-09-06
5013,595,259,1,2024-09-25
5014,896,462,4,2024-12-02
5015,776,217,4,2026-02-05
5016,696,498,5,2025-04-27
5017,114,280,5,2024-12-20
5018,550,148,5,2025-02-18
5019,47,226,4,2025-01-16
5020,160,181,1,2025-07-04
5021,595,120,2,2025-04-19
5022,772,259,1,2024-12-22
5023,818,184,1,2025-12-25
5024,905,279,3,2024-12-12
5025,437,258,1,2026-05-06
5026,332,234,3,2026-03-31
5027,420,328,3,2026-07-17
5028,151,221,4,2024-08-27
5029,685,96,5,2026-05-21
5030,616,371,4,2025-05-10
5031,901,394,1,2024-11-02
5032,951,77,1,2026-03-07
5033,993,98,5,2025-02-17
5034,437,59,3,2025-07-01
5035,676,364,1,2026-07-18
5036,749,303,1,2025-01-09
5037,492,139,3,2026-02-08
5038,871,32,3,2024-12-03
5039,745,453,1,2026-02-27
5040,929,232,2,2025-03-21
5041,410,101,4,2026-05-01
5042,226,487,4,2025-04-10
5043,369,469,4,2025-02-22
5044,386,75,2,2026-06-10
5045,78,38,4,2025-05-26
5046,82,204,2,2026-06-03
5047,342,115,2,2024-12-17
5048,861,429,5,2026-01-06
5049,684,284,2,2025-04-02
5050,94,21,1,2026-03-26
5051,138,381,1,2024-11-02
5052,748,182,5,2026-05-27
5053,276,165,4,2024-08-23
5054,61,255,4,2025-12-23
5055,502,416,5,2025-06-07
5056,484,70,4,2026-03-24
5057,159,132,1,2025-02-08
5058,221,23,1,2024-12-08
5059,125,367,4,2025-06-18
5060,544,443,5,2024-10-05
5061,631,181,2,2025-02-24
5062,90,266,1,2025-03-10
5063,74,370,4,2026-04-24
5064,451,272,5,2025-02-17
5065,786,352,2,2025-04-20
5066,955,217,1,2025-02-03
5067,261,303,2,2025-07-27
5068,343,446,2,2024-09-28
5069,630,42,4,2025-11-18
5070,490,387,1,2025-01-14
5071,634,261,4,2025-11-15
5072,833,460,2,2025-01-01
5073,682,197,1,2024-08-21
5074,598,145,4,2024-11-27
5075,972,152,2,2025-05-12
5076,319,205,4,2025-05-15
5077,466,470,5,2025-07-03
5078,102,269,1,2024-10-26
5079,153,443,3,2025-12-04
5080,654,499,5,2026-07-20
5081,393,423,5,2025-02-01
5082,939,159,3,2024-12-04
5083,829,437,1,2026-07-08
5084,531,175,4,2025-06-23
5085,171,441,2,2025-07-08
5086,659,497,4,2026-07-14
5087,321,149,4,2025-08-03
5088,221,411,4,2024-08-05
5089,238,33,3,2024-10-11
5090,237,217,1,2025-06-19
5091,789,173,3,2025-05-22
5092,908,217,5,2024-11-04
5093,413,457,3,2024-08-27
5094,50,288,1,2026-07-08
5095,532,94,2,2026-01-05
5096,337,140,3,2024-12-16
5097,218,237,5,2026-03-07
5098,478,332,2,2025-09-24
5099,495,450,3,2025-05-14
5100,715,191,2,2025-05-03
5101,663,325,5,2026-01-01
5102,13,107,2,2026-03-28
5103,328,96,5,2024-10-05
5104,717,321,1,2024-08-13
5105,672,270,2,2026-07-07
5106,538,32,2,2026-02-22
5107,681,206,4,2026-06-29
5108,829,470,3,2026-03-15
5109,649,219,1,2025-07-25
5110,312,233,4,2025-10-21
5111,388,493,1,2025-04-01
5112,559,150,1,2026-06-20
5113,797,5,1,2024-11-04
5114,850,59,1,2024-12-29
5115,863,316,3,2025-06-22
5116,780,326,3,2026-01-15
5117,477,155,2,2025-07-15
5118,955,50,5,2026-05-17
5119,872,183,4,2025-03-02
5120,235,21,2,2025-07-06
5121,302,211,4,2024-08-03
5122,481,59,4,2025-04-01
5123,692,333,5,2025-12-14
5124,453,284,1,2026-01-03
5125,730,190,2,2025-07-08
5126,350,478,3,2025-02-25
5127,186,407,2,2026-06-01
5128,803,238,4,2024-11-12
5129,70,407,5,2025-06-16
5130,284,447,3,2024-08-22
5131,473,300,3,2025-03-19
5132,582,389,4,2025-04-02
5133,285,167,2,2025-07-19
5134,832,381,1,2025-08-21
5135,226,77,3,2025-07-25
5136,880,19,5,2025-10-05
5137,484,129,4,2025-11-03
5138,634,333,1,2026-02-19
5139,593,261,5,2025-05-28
5140,894,52,2,2025-05-07
5141,685,101,5,2025-01-15
5142,396,198,4,2024-11-11
5143,442,103,3,2025-01-14
5144,63,203,4,2026-01-08
5145,54,45,3,2026-04-20
5146,167,188,3,2025-04-10
5147,40,73,2,2024-08-18
5148,400,389,5,2025-01-02
5149,870,276,2,2025-03-13
5150,313,367,1,2025-07-27
5151,423,303,2,2024-07-25
5152,566,302,1,2025-06-24
5153,611,4,3,2025-09-27
5154,231,411,1,2025-06-30
5155,114,165,3,2025-04-18
5156,84,30,4,2024-11-07
5157,750,62,1,2024-07-31
5158,702,68,2,2025-06-21
5159,685,434,1,2025-02-14
5160,443,172,4,2024-12-08
5161,995,195,3,2024-08-24
5162,324,475,5,2025-07-03
5163,488,441,4,2025-04-05
5164,647,375,4,2025-12-23
5165,222,33,3,2025-08-15
5166,475,370,4,2025-07-19
5167,881,116,5,2025-03-08
5168,921,135,3,2026-02-19
5169,700,500,1,2025-07-05
5170,537,462,3,2026-06-18
5171,773,8,5,2026-06-07
5172,809,330,5,2026-07-14
5173,217,418,2,2025-08-09
5174,1,445,3,2025-01-20
5175,259,187,3,2024-11-27
5176,633,175,1,2025-03-06
5177,498,303,2,2025-05-29
5178,73,483,2,2026-06-12
5179,572,372,1,2025-06-10
5180,664,386,2,2025-02-25
5181,219,331,1,2026-05-12
5182,558,201,2,2025-12-20
5183,241,130,2,2025-01-22
5184,2,47,3,2025-04-16
5185,235,10,4,2024-10-04
5186,225,245,5,2024-11-25
5187,772,484,3,2026-01-27
5188,527,386,2,2025-02-16
5189,49,149,5,2026-04-16
5190,297,434,2,2026-03-19
5191,32,348,4,2024-11-05
5192,601,240,1,2024-09-05
5193,466,436,3,2026-07-10
5194,804,92,4,2026-05-31
5195,789,207,3,2025-10-23
5196,878,402,1,2025-08-06
5197,824,301,4,2024-12-25
5198,603,429,2,2026-01-28
5199,546,19,2,2024-08-02
5200,103,235,2,2025-09-10
5201,599,230,2,2026-01-06
5202,477,462,2,2024-09-23
5203,631,388,2,2025-01-04
5204,440,200,1,2025-12-27
5205,558,241,3,2025-05-07
5206,802,87,4,2025-09-10
5207,301,461,5,2026-05-23
5208,777,453,5,2026-01-14
5209,230,338,5,2024-11-14
5210,713,327,1,2025-03-26
5211,324,235,3,2025-06-05
5212,213,373,2,2026-01-06
5213,72,301,2,2025-11-04
5214,547,87,4,2025-06-10
5215,228,31,1,2024-08-17
5216,23,407,4,2026-01-21
5217,860,318,1,2025-11-08
5218,484,320,2,2025-09-24
5219,565,29,3,2025-03-02
5220,406,187,3,2025-05-30
5221,297,476,5,2024-08-30
5222,408,79,5,2024-09-04
5223,484,259,5,2025-06-24
5224,701,291,4,2024-08-11
5225,152,367,3,2026-07-07
5226,355,265,3,2025-12-02
5227,418,454,2,2025-11-22
5228,267,386,2,2024-09-18
5229,477,171,5,2025-01-15
5230,11,393,4,2024-08-24
5231,801,211,1,2024-12-24
5232,383,200,4,2026-01-15
5233,30,357,4,2025-02-14
5234,717,365,1,2025-08-01
5235,406,425,4,2025-12-26
5236,361,66,3,2026-05-18
5237,155,183,3,2025-11-07
5238,693,207,5,2025-03-14
5239,351,205,1,2024-09-12
5240,946,201,4,2026-04-11
5241,71,286,1,2026-01-20
5242,53,402,1,2024-08-20
5243,15,400,2,2026-05-31
5244,824,60,3,2026-06-13
5245,828,250,5,2026-05-31
5246,814,259,3,2025-02-16
5247,381,310,1,2025-07-20
5248,162,308,1,2025-11-10
5249,112,115,3,2026-07-10
5250,414,47,2,2025-11-21
5251,832,14,5,2025-11-30
5252,580,450,2,2026-04-28
5253,146,108,3,2025-08-14
5254,448,11,4,2025-08-26
5255,23,95,2,2025-01-10
5256,649,369,1,2025-09-10
5257,519,140,4,2026-03-14
5258,931,466,2,2024-11-20
5259,692,308,5,2024-07-26
5260,907,306,2,2026-01-15
5261,590,310,1,2025-09-28
5262,996,211,3,2024-10-03
5263,18,194,5,2026-04-20
5264,89,413,2,2025-03-03
5265,25,64,5,2024-08-30
5266,491,415,1,2026-05-27
5267,502,244,1,2025-04-04
5268,961,194,2,2025-10-21
5269,724,345,2,2025-10-14
5270,371,215,3,2026-03-11
5271,825,137,3,2024-09-04
5272,693,437,4,2025-01-11
5273,619,108,1,2025-05-17
5274,171,247,2,2025-11-30
5275,152,486,5,2026-02-09
5276,974,443,4,2026-04-20
5277,771,195,5,2026-01-06
5278,127,182,5,2025-09-27
5279,837,55,5,2026-01-14
5280,768,4,3,2026-06-13
5281,427,26,5,2024-12-18
5282,597,54,4,2025-11-05
5283,40,399,5,2025-06-21
5284,599,47,2,2025-12-22
5285,254,7,2,2026-01-19
5286,745,269,1,2025-03-19
5287,822,304,4,2025-07-11
5288,369,389,2,2024-08-11
5289,101,229,1,2024-08-28
5290,510,367,2,2024-08-13
5291,37,23,2,2025-07-28
5292,177,123,5,2024-10-29
5293,592,397,3,2024-08-14
5294,437,51,4,2025-11-05
5295,289,429,5,2025-06-28
5296,220,197,2,2025-08-13
5297,774,282,2,2026-05-01
5298,746,404,3,2025-01-28
5299,463,439,1,2026-02-25
5300,467,94,3,2025-05-11
5301,254,275,3,2026-04-01
5302,861,50,2,2025-08-13
5303,651,129,3,2024-12-28
5304,277,287,4,2025-11-27
5305,950,415,3,2024-12-06
5306,946,415,1,2025-04-22
5307,861,407,3,2025-01-02
5308,66,359,3,2025-08-12
5309,348,427,5,2026-02-07
5310,941,333,3,2025-05-03
5311,764,137,2,2024-07-25
5312,418,472,5,2025-10-23
5313,841,334,1,2025-02-10
5314,900,76,1,2024-11-26
5315,580,352,5,2024-12-16
5316,869,466,5,2026-03-25
5317,232,433,5,2025-12-14
5318,288,86,4,2024-09-06
5319,43,78,1,2025-12-02
5320,670,226,2,2025-09-02
5321,934,405,2,2025-10-23
5322,959,288,5,2025-09-07
5323,385,218,2,2024-09-12
5324,292,445,1,2026-03-20
5325,688,283,4,2026-07-06
5326,39,157,2,2024-11-18
5327,720,350,3,2025-12-20
5328,797,477,5,2026-06-29
5329,493,467,4,2024-09-25
5330,496,460,2,2025-12-05
5331,127,10,2,2025-05-06
5332,460,435,5,2025-03-09
5333,471,118,5,2026-05-31
5334,135,66,1,2025-06-22
5335,625,259,3,2025-08-10
5336,737,192,5,2024-08-03
5337,759,357,4,2024-07-26
5338,1,290,4,2025-11-08
5339,283,51,2,2025-11-20
5340,526,430,4,2025-10-19
5341,779,281,5,2025-07-24
5342,63,181,4,2024-11-16
5343,597,223,2,2025-01-02
5344,895,299,1,2024-12-15
5345,239,473,4,2025-08-14
5346,214,227,5,2024-07-23
5347,309,271,3,2025-05-23
5348,642,166,3,2025-01-09
5349,803,58,5,2025-11-28
5350,675,482,5,2024-07-23
5351,905,406,3,2026-04-16
5352,998,250,3,2025-05-19
5353,602,196,4,2026-01-19
5354,140,350,4,2025-09-17
5355,273,308,3,2025-04-22
5356,557,218,4,2025-12-11
5357,116,369,5,2025-05-31
5358,422,381,2,2025-05-01
5359,650,327,3,2024-10-23
5360,126,147,4,2025-09-23
5361,412,111,2,2025-05-11
5362,998,366,2,2024-11-11
5363,546,458,2,2025-03-13
5364,492,364,2,2026-01-06
5365,876,316,1,2025-11-07
5366,520,120,3,2025-09-24
5367,827,288,1,2025-05-27
5368,909,61,5,2025-07-16
5369,364,426,2,2026-06-24
5370,554,72,3,2024-08-17
5371,378,202,1,2025-03-07
5372,75,463,1,2024-12-29
5373,906,155,2,2026-05-02
5374,593,204,4,2024-10-13
5375,115,48,3,2025-08-22
5376,198,122,5,2025-04-11
5377,616,140,4,2026-04-30
5378,169,21,1,2025-03-26
5379,560,128,5,2025-10-02
5380,840,497,5,2026-04-06
5381,670,472,2,2024-11-02
5382,347,179,3,2025-03-14
5383,999,75,5,2025-03-25
5384,564,242,5,2024-12-07
5385,306,265,2,2024-11-23
5386,331,497,2,2024-10-09
5387,391,4,1,2026-04-02
5388,511,439,4,2025-11-10
5389,294,119,4,2025-07-12
5390,372,92,3,2025-06-08
5391,333,385,1,2025-03-30
5392,738,291,2,2025-07-04
5393,213,466,5,2024-12-30
5394,946,369,5,2024-12-04
5395,27,96,4,2026-04-27
5396,256,173,5,2025-11-08
5397,410,245,4,2025-10-24
5398,844,4,1,2025-02-12
5399,177,477,4,2025-01-03
5400,768,369,1,2026-03-29
5401,754,58,5,2025-02-05
5402,721,176,4,2024-12-23
5403,905,132,2,2025-03-31
5404,453,51,3,2024-12-28
5405,43,238,1,2026-06-04
5406,47,381,3,2025-01-03
5407,361,456,3,2024-10-12
5408,397,28,1,2026-04-12
5409,706,34,1,2026-07-15
5410,429,75,3,2026-05-28
5411,558,22,5,2026-07-21
5412,251,183,1,2025-11-14
5413,370,419,4,2026-02-18
5414,563,447,2,2025-04-17
5415,279,349,4,2025-01-12
5416,477,448,3,2025-07-25
5417,869,100,1,2025-06-23
5418,154,258,5,2026-02-23
5419,508,52,1,2026-04-23
5420,470,359,1,2026-04-11
5421,219,171,2,2024-12-25
5422,157,367,2,2025-02-23
5423,967,67,3,2024-09-28
5424,656,135,3,2025-01-14
5425,58,423,5,2024-11-26
5426,469,441,3,2025-02-01
5427,369,288,3,2025-12-07
5428,432,308,5,2025-02-09
5429,519,58,4,2025-01-23
5430,174,266,1,2024-10-08
5431,194,446,4,2024-12-11
5432,268,68,5,2026-05-19
5433,397,466,1,2025-08-11
5434,733,194,2,2025-08-13
5435,12,124,3,2024-10-18
5436,945,87,3,2025-08-01
5437,695,15,1,2025-02-03
5438,718,88,1,2026-01-27
5439,189,291,4,2025-08-18
5440,128,492,1,2025-07-08
5441,36,283,2,2025-03-02
5442,272,11,2,2025-07-26
5443,960,84,3,2025-05-28
5444,516,416,5,2024-10-20
5445,486,139,2,2024-12-23
5446,347,366,5,2025-12-20
5447,272,325,5,2025-07-07
5448,68,2,5,2024-11-07
5449,295,441,2,2026-01-10
5450,427,61,1,2024-08-02
5451,74,290,4,2025-05-16
5452,5,42,5,2025-05-22
5453,470,108,4,2025-12-17
5454,501,186,3,2026-05-04
5455,228,60,3,2026-01-14
5456,560,319,2,2024-12-12
5457,945,352,4,2025-01-12
5458,953,33,4,2024-10-06
5459,265,460,1,2026-02-12
5460,475,115,3,2026-02-26
5461,733,395,4,2026-05-21
5462,975,63,1,2024-12-07
5463,675,314,2,2024-11-17
5464,930,228,1,2025-02-16
5465,425,3,4,2025-08-18
5466,415,124,2,2025-08-09
5467,307,195,4,2025-02-09
5468,282,394,2,2026-05-26
5469,462,332,5,2024-09-20
5470,868,200,1,2025-09-21
5471,341,15,5,2025-03-09
5472,830,191,5,2025-02-08
5473,478,64,1,2024-08-10
5474,957,402,5,2025-04-01
5475,689,138,5,2025-11-11
5476,349,91,2,2024-11-16
5477,436,121,5,2025-09-27
5478,816,310,2,2024-11-21
5479,285,1,5,2025-10-08
5480,300,412,1,2025-03-08
5481,809,70,2,2025-04-24
5482,225,41,3,2025-04-05
5483,783,246,1,2025-10-24
5484,392,189,1,2024-11-04
5485,740,461,4,2024-09-20
5486,645,433,4,2025-05-27
5487,664,348,2,2025-08-21
5488,286,418,3,2026-05-09
5489,277,311,1,2025-09-29
5490,509,229,5,2026-01-31
5491,265,244,4,2026-02-16
5492,553,339,3,2025-10-30
5493,448,26,3,2024-10-24
5494,979,456,4,2024-10-29
5495,861,487,5,2024-10-21
5496,292,199,2,2025-01-06
5497,551,357,1,2026-03-19
5498,146,252,2,2024-10-21
5499,917,183,4,2024-10-02
5500,755,140,4,2024-11-14
5501,237,289,3,2026-03-24
5502,523,138,3,2025-10-29
5503,46,419,4,2025-02-20
5504,314,364,2,2026-02-24
5505,616,188,5,2026-03-01
5506,318,77,1,2025-02-03
5507,444,476,3,2025-11-09
5508,703,433,1,2025-10-05
5509,368,272,2,2026-03-11
5510,588,153,3,2025-03-23
5511,452,385,1,2024-10-16
5512,184,337,2,2025-06-24
5513,962,201,3,2024-09-18
5514,514,496,1,2025-10-01
5515,664,96,1,2025-11-03
5516,498,329,5,2025-11-10
5517,619,64,4,2025-06-04
5518,531,465,3,2025-05-06
5519,324,392,5,2025-09-06
5520,826,423,1,2025-01-06
5521,821,264,1,2024-08-15
5522,316,201,2,2026-02-27
5523,403,172,5,2024-08-07
5524,232,421,2,2025-02-08
5525,339,34,1,2025-01-31
5526,997,450,2,2025-09-04
5527,565,315,3,2025-01-27
5528,971,309,3,2025-06-08
5529,818,226,1,2024-09-09
5530,641,463,5,2024-10-02
5531,893,416,3,2024-09-07
5532,832,464,2,2025-04-03
5533,375,473,4,2025-12-01
5534,348,35,3,2025-03-05
5535,704,361,1,2026-01-07
5536,127,358,5,2025-01-30
5537,54,356,4,2025-11-08
5538,235,473,3,2026-03-29
5539,235,378,5,2024-10-06
5540,430,105,1,2026-03-11
5541,540,182,5,2026-03-11
5542,878,407,5,2026-01-30
5543,221,16,2,2024-10-21
5544,678,219,5,2025-04-05
5545,22,310,5,2025-08-29
5546,241,74,2,2025-09-08
5547,376,255,1,2026-02-09
5548,892,97,4,2025-10-25
5549,225,60,2,2026-02-11
5550,733,261,3,2024-10-16
5551,92,136,2,2025-04-01
5552,453,459,3,2024-11-14
5553,239,27,2,2025-03-12
5554,489,405,4,2026-06-17
5555,120,56,4,2025-12-09
5556,977,73,3,2026-07-11
5557,727,390,3,2025-04-26
5558,487,260,4,2025-03-30
5559,593,349,2,2024-12-07
5560,84,185,5,2024-11-03
5561,405,354,5,2024-10-30
5562,693,354,3,2025-12-22
5563,978,189,2,2026-02-06
5564,661,316,2,2026-03-24
5565,177,239,4,2025-05-10
5566,139,154,5,2024-11-10
5567,567,185,3,2025-04-24
5568,877,331,4,2026-01-23
5569,776,290,3,2025-12-02
5570,915,134,4,2024-09-25
5571,992,96,2,2024-12-23
5572,315,6,2,2025-04-03
5573,403,270,3,2025-08-23
5574,625,346,5,2024-10-03
5575,889,123,3,2026-06-16
5576,520,213,1,2025-02-12
5577,97,191,3,2026-05-12
5578,54,297,1,2025-12-11
5579,775,94,4,2026-05-12
5580,189,39,3,2025-07-05
5581,229,451,3,2024-12-07
5582,645,102,4,2025-05-15
5583,531,124,5,2025-01-29
5584,39,171,1,2024-09-21
5585,771,335,5,2025-04-17
5586,259,459,2,2025-07-08
5587,46,37,3,2026-02-05
5588,73,66,1,2024-11-05
5589,887,171,4,2026-06-24
5590,924,131,2,2026-01-01
5591,638,155,4,2026-06-23
5592,155,203,2,2026-02-04
5593,883,289,2,2025-10-23
5594,189,91,2,2026-06-27
5595,588,370,4,2025-04-01
5596,412,342,2,2025-11-07
5597,471,384,4,2024-11-07
5598,854,370,5,2026-07-08
5599,923,172,5,2025-07-29
5600,679,285,3,2025-04-28
5601,896,392,2,2025-03-28
5602,627,445,4,2025-01-12
5603,790,50,1,2026-02-11
5604,195,479,5,2024-08-05
5605,18,459,2,2026-05-21
5606,48,450,5,2024-10-25
5607,784,175,3,2024-10-06
5608,711,167,3,2025-02-11
5609,422,498,2,2025-06-20
5610,494,278,3,2025-11-29
5611,116,405,2,2026-01-11
5612,571,417,3,2024-11-12
5613,906,57,4,2025-11-16
5614,295,32,2,2025-02-16
5615,298,301,2,2026-05-03
5616,937,247,2,2025-09-27
5617,58,138,1,2024-09-26
5618,780,169,3,2026-01-19
5619,504,337,3,2025-04-19
5620,598,31,4,2026-07-05
5621,799,248,5,2024-12-29
5622,183,5,1,2025-01-20
5623,381,44,4,2026-03-03
5624,452,184,2,2025-01-01
5625,947,15,3,2025-12-02
5626,564,329,5,2025-03-03
5627,607,219,2,2025-02-07
5628,242,341,5,2026-02-25
5629,801,284,4,2024-12-15
5630,58,191,3,2025-09-19
5631,446,341,2,2025-04-27
5632,114,101,5,2026-03-06
5633,289,198,5,2026-04-22
5634,33,253,2,2024-10-18
5635,137,16,5,2025-09-03
5636,892,368,3,2025-02-08
5637,351,192,4,2025-05-03
5638,562,355,4,2026-06-13
5639,954,358,5,2026-07-04
5640,721,168,4,2025-06-12
5641,672,135,4,2026-03-12
5642,973,309,2,2026-05-13
5643,486,262,4,2026-04-05
5644,914,158,3,2026-01-19
5645,554,207,3,2025-02-02
5646,726,164,2,2024-08-15
5647,802,176,2,2026-03-23
5648,729,399,4,2024-12-02
5649,976,153,2,2025-12-24
5650,204,228,1,2026-07-17
5651,442,318,5,2026-03-14
5652,452,188,4,2025-07-30
5653,769,439,4,2025-04-19
5654,759,131,2,2025-12-18
5655,360,230,1,2025-07-28
5656,445,442,4,2025-12-20
5657,822,332,3,2026-04-12
5658,416,377,2,2024-11-18
5659,874,466,2,2025-12-16
5660,382,333,1,2025-02-14
5661,657,264,1,2026-03-17
5662,721,443,5,2026-02-19
5663,581,342,1,2026-06-16
5664,175,119,2,2026-05-23
5665,234,21,3,2024-10-27
5666,767,312,1,2025-02-20
5667,94,405,3,2024-08-10
5668,64,269,4,2026-01-08
5669,200,127,2,2024-08-27
5670,589,165,5,2025-01-18
5671,794,480,1,2025-01-31
5672,260,162,1,2025-12-23
5673,540,192,1,2026-05-04
5674,131,326,5,2024-08-12
5675,277,422,5,2025-09-01
5676,590,338,4,2026-04-13
5677,845,434,4,2026-03-17
5678,895,371,4,2024-10-05
5679,598,265,1,2025-04-12
5680,474,418,4,2025-06-19
5681,788,65,5,2025-02-08
5682,742,322,3,2026-04-13
5683,226,214,3,2024-08-28
5684,536,82,3,2025-06-09
5685,619,376,3,2024-10-12
5686,426,315,5,2026-05-15
5687,95,13,1,2025-03-15
5688,830,302,3,2025-07-27
5689,529,146,1,2026-05-15
5690,469,478,3,2025-04-08
5691,195,146,5,2025-01-12
5692,848,105,2,2025-06-25
5693,760,88,3,2024-10-08
5694,719,90,5,2024-11-18
5695,703,45,3,2024-12-30
5696,671,47,5,2026-05-22
5697,473,165,2,2026-05-10
5698,883,236,1,2026-03-28
5699,504,74,3,2025-03-29
5700,203,279,3,2026-04-26
5701,515,205,4,2025-02-16
5702,547,260,1,2026-02-20
5703,946,237,3,2026-03-04
5704,96,445,3,2026-07-09
5705,531,116,5,2026-02-17
5706,29,129,5,2025-02-04
5707,474,187,3,2024-12-19
5708,604,471,5,2026-03-21
5709,181,368,2,2026-01-18
5710,812,347,5,2024-08-28
5711,252,215,3,2025-03-28
5712,466,300,2,2025-07-10
5713,744,36,5,2025-01-29
5714,434,473,2,2025-10-15
5715,421,486,1,2026-07-22
5716,904,324,5,2024-11-16
5717,749,20,1,2026-01-25
5718,339,205,5,2025-11-10
5719,491,229,5,2026-01-24
5720,307,315,4,2024-09-05
5721,855,421,3,2025-06-06
5722,382,457,1,2025-07-10
5723,228,453,4,2026-01-24
5724,677,442,1,2025-11-26
5725,793,396,3,2025-03-07
5726,961,264,1,2025-06-07
5727,222,302,2,2026-06-09
5728,4,278,2,2026-06-28
5729,765,348,5,2026-07-15
5730,401,401,3,2025-10-23
5731,700,90,1,2024-09-01
5732,560,79,3,2025-05-19
5733,976,9,5,2025-06-29
5734,195,139,1,2026-04-16
5735,812,279,3,2024-11-18
5736,97,177,3,2024-11-19
5737,407,120,4,2025-08-23
5738,407,235,2,2026-07-01
5739,516,215,3,2025-04-25
5740,476,10,3,2025-04-06
5741,1,132,5,2024-09-13
5742,877,255,1,2024-09-27
5743,295,102,5,2024-09-26
5744,259,450,5,2025-09-26
5745,592,108,2,2026-07-01
5746,878,385,1,2025-10-25
5747,414,338,4,2025-11-25
5748,760,471,2,2024-11-29
5749,292,276,4,2025-11-05
5750,335,41,4,2024-11-14
5751,597,396,5,2025-12-21
5752,45,416,1,2024-12-03
5753,822,202,3,2026-02-25
5754,203,327,5,2025-04-08
5755,202,289,1,2026-03-03
5756,207,472,4,2026-03-09
5757,410,368,2,2025-10-01
5758,115,24,2,2025-11-26
5759,38,10,5,2025-02-21
5760,928,373,1,2025-11-03
5761,423,271,3,2025-09-06
5762,164,367,5,2025-01-03
5763,414,47,3,2025-07-06
5764,71,135,1,2025-02-25
5765,842,400,5,2025-04-21
5766,676,382,2,2026-01-03
5767,555,146,3,2026-06-29
5768,577,137,5,2026-02-05
5769,226,132,5,2024-07-26
5770,588,54,4,2025-08-27
5771,64,476,5,2025-11-09
5772,815,135,2,2025-08-23
5773,724,87,1,2024-11-15
5774,969,422,3,2026-05-23
5775,936,487,2,2026-03-18
5776,180,358,1,2024-10-24
5777,602,399,1,2026-07-10
5778,888,337,4,2024-07-30
5779,57,150,2,2024-10-14
5780,326,157,1,2025-03-31
5781,463,448,5,2024-09-06
5782,254,220,1,2024-08-23
5783,55,457,2,2025-10-06
5784,327,425,2,2025-04-14
5785,872,281,5,2024-09-16
5786,749,397,3,2026-01-14
5787,109,452,4,2026-01-30
5788,244,293,3,2024-10-24
5789,45,161,4,2026-07-03
5790,952,133,2,2024-11-10
5791,133,411,1,2025-05-08
5792,551,142,5,2025-10-02
5793,981,121,3,2025-10-30
5794,871,391,3,2025-11-22
5795,910,110,2,2025-08-18
5796,725,304,3,2025-03-15
5797,89,83,2,2024-07-24
5798,303,152,2,2025-11-16
5799,548,418,4,2025-03-04
5800,311,283,1,2026-05-19
5801,498,116,4,2025-10-07
5802,159,251,3,2025-06-30
5803,376,469,1,2026-07-12
5804,944,69,3,2024-10-25
5805,591,281,3,2025-12-01
5806,41,261,3,2026-07-19
5807,391,170,1,2025-05-04
5808,382,243,2,2026-07-12
5809,321,183,3,2025-11-10
5810,647,88,3,2025-04-12
5811,567,108,2,2024-07-24
5812,950,67,5,2025-09-28
5813,536,116,4,2026-01-13
5814,53,99,5,2025-07-18
5815,918,13,3,2026-07-12
5816,333,177,4,2025-04-24
5817,503,300,5,2026-01-27
5818,7,67,2,2025-06-14
5819,729,328,4,2025-07-14
5820,945,33,4,2024-09-04
5821,523,119,2,2025-07-14
5822,934,234,3,2025-12-21
5823,363,283,1,2025-05-01
5824,747,435,5,2026-07-09
5825,529,107,1,2025-05-26
5826,376,215,2,2026-07-01
5827,637,413,3,2025-01-13
5828,628,399,3,2024-11-30
5829,167,16,5,2026-05-14
5830,670,481,5,2026-02-16
5831,583,21,1,2025-11-06
5832,157,488,5,2024-12-18
5833,668,350,5,2025-04-16
5834,156,500,4,2026-03-13
5835,640,84,2,2025-02-18
5836,242,381,1,2025-12-02
5837,526,429,2,2025-02-04
5838,886,166,3,2025-06-08
5839,449,306,3,2024-10-24
5840,354,33,4,2025-12-22
5841,251,378,1,2026-06-23
5842,625,138,3,2025-11-14
5843,256,68,2,2026-01-25
5844,170,129,5,2026-01-29
5845,191,312,4,2025-07-07
5846,516,296,1,2025-01-08
5847,722,5,5,2025-01-13
5848,907,172,3,2024-07-24
5849,110,351,3,2026-02-10
5850,478,271,2,2026-03-24
5851,490,281,3,2025-01-26
5852,211,451,2,2025-07-06
5853,808,67,4,2025-07-11
5854,980,479,3,2025-01-17
5855,150,251,5,2026-03-10
5856,950,458,5,2026-06-03
5857,612,176,2,2025-08-15
5858,434,69,5,2024-10-29
5859,285,248,5,2025-10-23
5860,351,93,2,2024-10-31
5861,80,388,3,2025-05-03
5862,435,500,2,2025-09-24
5863,286,231,5,2026-06-02
5864,637,72,3,2025-03-21
5865,666,385,2,2024-12-02
5866,638,114,4,2024-11-05
5867,542,284,2,2025-06-22
5868,115,490,3,2025-03-11
5869,655,52,2,2025-12-04
5870,25,53,3,2026-02-03
5871,79,437,1,2026-01-14
5872,571,396,1,2026-03-27
5873,87,354,5,2026-06-06
5874,127,20,2,2025-07-08
5875,110,399,1,2025-04-06
5876,553,49,2,2025-01-08
5877,48,326,4,2025-10-16
5878,392,351,5,2025-12-02
5879,714,316,1,2026-02-10
5880,387,120,2,2025-04-08
5881,988,163,4,2026-01-23
5882,530,24,2,2025-05-21
5883,192,214,4,2024-11-20
5884,230,414,3,2026-06-05
5885,600,241,1,2024-11-02
5886,550,290,4,2025-04-30
5887,277,101,1,2025-04-16
5888,416,293,1,2025-07-12
5889,979,266,4,2025-02-04
5890,668,41,5,2025-08-11
5891,859,495,4,2026-05-06
5892,363,253,2,2026-01-22
5893,819,212,4,2025-05-05
5894,689,44,2,2025-06-15
5895,26,4,4,2026-04-26
5896,945,34,5,2026-01-08
5897,788,144,4,2026-07-01
5898,230,297,1,2026-02-01
5899,913,313,5,2026-06-12
5900,567,493,4,2025-05-16
5901,637,289,1,2024-10-22
5902,663,128,4,2025-01-21
5903,847,365,3,2024-11-28
5904,96,293,5,2024-10-16
5905,524,322,4,2026-05-08
5906,523,437,3,2026-04-02
5907,874,338,4,2025-06-19
5908,552,348,3,2026-03-22
5909,188,103,4,2025-03-25
5910,475,372,4,2025-03-25
5911,72,297,2,2026-07-05
5912,707,391,4,2025-09-24
5913,985,25,1,2024-12-13
5914,10,494,1,2026-03-13
5915,321,76,5,2026-04-03
5916,826,232,5,2025-10-14
5917,62,132,2,2026-04-12
5918,692,153,2,2025-08-22
5919,965,288,2,2026-03-20
5920,406,29,3,2025-05-24
5921,845,362,5,2025-02-28
5922,196,58,3,2024-10-15
5923,955,262,5,2026-03-05
5924,8,340,4,2025-11-30
5925,341,445,4,2025-09-15
5926,455,342,3,2025-08-04
5927,200,361,5,2026-03-05
5928,600,216,4,2025-05-30
5929,417,4,5,2025-05-26
5930,12,480,3,2026-04-13
5931,270,177,3,2025-11-08
5932,27,88,5,2025-11-18
5933,405,235,2,2024-10-11
5934,37,427,4,2026-05-18
5935,952,390,3,2025-10-04
5936,844,248,5,2025-09-24
5937,926,493,1,2025-03-14
5938,224,86,2,2026-03-31
5939,346,22,4,2025-11-24
5940,501,398,4,2025-01-29
5941,684,346,3,2025-12-05
5942,569,193,3,2026-04-07
5943,226,271,1,2024-10-30
5944,696,113,1,2025-05-26
5945,941,359,1,2025-12-02
5946,702,123,3,2025-05-01
5947,267,46,5,2026-05-08
5948,99,110,4,2025-12-13
5949,993,479,3,2025-01-30
5950,551,226,1,2025-03-10
5951,846,235,5,2025-08-15
5952,418,293,1,2026-05-16
5953,406,259,4,2025-10-31
5954,285,182,4,2025-02-09
5955,480,110,5,2025-08-03
5956,257,38,5,2025-07-20
5957,148,236,4,2025-12-03
5958,592,343,3,2025-01-29
5959,910,381,5,2026-06-26
5960,731,386,3,2026-04-13
5961,700,287,2,2025-08-08
5962,909,384,2,2025-02-16
5963,634,11,4,2025-06-18
5964,928,245,4,2025-01-22
5965,618,299,2,2024-10-10
5966,227,150,1,2026-02-26
5967,470,119,5,2025-09-14
5968,201,284,1,2024-08-01
5969,872,439,3,2025-10-13
5970,463,379,4,2025-08-16
5971,598,444,1,2025-08-01
5972,894,384,2,2026-05-30
5973,831,446,5,2025-01-16
5974,768,353,3,2025-06-02
5975,337,305,1,2024-07-29
5976,283,401,1,2025-06-04
5977,546,146,1,2025-11-01
5978,965,340,3,2026-01-05
5979,279,476,5,2026-04-07
5980,753,447,3,2026-07-11
5981,881,449,2,2025-01-29
5982,249,16,1,2025-06-13
5983,138,394,5,2025-06-22
5984,702,402,1,2025-05-07
5985,850,284,2,2025-10-20
5986,289,368,4,2026-04-21
5987,55,167,5,2026-04-07
5988,340,152,1,2026-05-28
5989,440,327,4,2025-04-23
5990,795,326,3,2025-08-15
5991,959,409,4,2024-12-11
5992,972,349,1,2025-05-20
5993,889,432,5,2025-04-13
5994,533,260,5,2024-10-01
5995,286,246,4,2025-11-20
5996,550,139,5,2026-02-20
5997,556,73,2,2024-09-01
5998,778,117,3,2024-12-02
5999,980,84,2,2025-01-06
6000,54,286,4,2026-06-27
6001,995,89,4,2024-11-17
6002,216,161,1,2025-12-04
6003,268,233,4,2026-01-30
6004,769,86,1,2026-02-06
6005,66,37,2,2024-10-15
6006,995,328,3,2026-07-04
6007,946,141,5,2024-10-24
6008,174,452,1,2025-09-09
6009,76,206,2,2025-02-08
6010,486,304,4,2025-11-16
6011,477,256,5,2024-10-19
6012,423,262,4,2025-04-08
6013,356,54,4,2024-08-09
6014,915,419,2,2024-11-19
6015,27,59,4,2025-04-15
6016,981,47,2,2025-01-27
6017,580,336,3,2025-05-17
6018,788,132,5,2025-10-28
6019,117,384,1,2026-06-26
6020,721,390,5,2025-02-27
6021,560,222,4,2026-07-14
6022,449,394,3,2025-08-22
6023,998,281,3,2024-09-07
6024,19,19,3,2026-02-03
6025,615,385,3,2025-11-23
6026,306,342,2,2026-05-06
6027,576,464,1,2024-08-06
6028,779,308,2,2026-02-10
6029,414,197,3,2025-11-28
6030,336,292,5,2025-01-17
6031,124,272,3,2026-01-31
6032,257,188,3,2025-07-31
6033,417,251,1,2025-02-25
6034,761,333,4,2026-02-11
6035,953,80,1,2026-02-14
6036,153,388,5,2024-12-30
6037,45,311,1,2024-09-19
6038,841,462,5,2025-10-24
6039,763,466,3,2024-08-26
6040,625,385,1,2024-08-24
6041,67,178,4,2025-08-09
6042,515,40,2,2024-12-27
6043,771,292,4,2025-12-19
6044,471,56,1,2026-06-16
6045,911,492,2,2026-03-04
6046,548,290,4,2024-12-01
6047,402,165,4,2025-03-04
6048,403,385,4,2026-01-27
6049,155,55,4,2026-05-24
6050,980,493,3,2026-03-24
6051,17,246,2,2025-11-14
6052,663,279,1,2025-03-14
6053,668,15,4,2026-01-30
6054,669,456,4,2025-07-10
6055,101,244,2,2024-10-27
6056,635,15,2,2025-08-10
6057,316,348,2,2025-01-27
6058,807,308,4,2025-03-15
6059,665,477,4,2026-06-12
6060,159,195,4,2026-02-02
6061,74,309,4,2025-07-25
6062,520,416,1,2025-10-13
6063,836,137,5,2024-08-07
6064,699,257,2,2025-09-14
6065,132,246,1,2025-08-28
6066,351,479,3,2026-03-17
6067,613,17,4,2025-04-12
6068,630,222,1,2026-07-04
6069,749,163,3,2024-09-30
6070,333,166,4,2026-04-28
6071,857,491,3,2026-03-30
6072,173,133,2,2026-01-03
6073,471,353,1,2026-03-14
6074,723,19,1,2026-04-17
6075,14,229,4,2025-07-21
6076,999,81,2,2026-03-19
6077,620,125,5,2025-02-22
6078,226,220,4,2024-09-18
6079,136,150,2,2025-12-02
6080,479,295,3,2025-10-09
6081,92,433,1,2024-11-14
6082,244,422,2,2025-10-05
6083,397,59,1,2025-02-04
6084,338,26,4,2026-03-02
6085,897,344,3,2025-02-28
6086,911,239,4,2025-05-14
6087,698,492,5,2025-11-18
6088,620,474,4,2025-02-10
6089,500,219,5,2024-08-18
6090,327,79,4,2024-08-02
6091,843,218,1,2025-04-18
6092,218,42,4,2025-05-19
6093,121,246,3,2024-12-15
6094,600,471,4,2025-01-22
6095,291,125,2,2024-08-27
6096,482,450,4,2024-10-11
6097,758,295,1,2025-09-30
6098,422,101,5,2024-10-15
6099,538,83,1,2025-07-25
6100,327,229,2,2026-07-22
6101,767,100,2,2026-02-08
6102,346,474,1,2024-09-18
6103,166,283,2,2026-07-17
6104,821,303,5,2025-07-27
6105,985,84,3,2026-05-06
6106,186,126,5,2025-05-13
6107,731,103,1,2026-07-07
6108,952,101,3,2026-05-11
6109,181,13,1,2025-08-08
6110,155,80,1,2026-06-03
6111,568,185,4,2025-11-29
6112,63,493,3,2025-08-19
6113,994,227,3,2026-03-31
6114,399,243,5,2025-05-16
6115,89,30,1,2026-07-06
6116,826,219,1,2025-10-24
6117,487,334,3,2025-11-01
6118,498,71,3,2025-11-06
6119,247,411,2,2026-06-27
6120,284,242,2,2026-04-14
6121,856,267,4,2025-09-29
6122,753,339,3,2024-10-09
6123,283,244,3,2025-01-09
6124,588,266,3,2025-06-12
6125,99,352,5,2024-11-12
6126,48,338,2,2026-01-31
6127,87,135,4,2024-11-13
6128,617,56,4,2025-01-04
6129,331,482,2,2024-08-21
6130,125,51,1,2025-11-05
6131,726,291,1,2024-10-20
6132,625,437,4,2026-04-25
6133,582,137,1,2025-03-08
6134,610,288,1,2025-03-16
6135,996,14,4,2025-10-31
6136,319,171,5,2026-01-04
6137,203,232,2,2026-07-16
6138,399,94,1,2025-05-23
6139,11,385,1,2026-06-28
6140,715,7,1,2025-12-07
6141,478,412,4,2026-07-02
6142,853,143,3,2025-12-13
6143,109,105,3,2024-12-09
6144,792,323,5,2024-10-21
6145,663,432,3,2025-10-08
6146,773,104,4,2026-06-26
6147,69,45,5,2026-01-30
6148,208,247,4,2025-02-07
6149,131,408,4,2026-02-26
6150,2,327,3,2024-12-01
6151,568,127,5,2025-09-16
6152,937,395,5,2026-04-13
6153,602,302,5,2025-10-16
6154,267,311,5,2026-06-12
6155,64,450,4,2024-11-22
6156,778,25,5,2024-09-16
6157,213,102,5,2026-07-02
6158,310,193,1,2025-07-02
6159,997,468,4,2026-02-21
6160,655,439,1,2026-02-10
6161,738,203,1,2024-11-09
6162,71,29,5,2025-07-11
6163,113,32,5,2024-08-26
6164,903,9,1,2025-02-25
6165,575,482,1,2026-02-05
6166,688,423,2,2026-07-11
6167,982,50,4,2025-12-13
6168,607,24,5,2024-08-16
6169,362,133,3,2025-12-09
6170,96,190,2,2024-10-22
6171,914,478,4,2024-12-28
6172,749,477,2,2025-06-01
6173,501,127,1,2026-04-16
6174,972,147,5,2024-09-02
6175,723,281,3,2024-12-30
6176,797,173,5,2025-02-13
6177,357,82,4,2026-03-09
6178,52,46,4,2025-12-14
6179,957,82,1,2025-11-18
6180,521,32,3,2024-08-03
6181,565,147,1,2026-06-20
6182,660,167,1,2024-11-28
6183,539,83,2,2025-11-20
6184,804,384,3,2025-02-15
6185,238,249,4,2025-10-27
6186,967,430,1,2025-08-03
6187,386,152,5,2025-11-25
6188,777,278,3,2025-10-05
6189,538,335,5,2025-04-16
6190,48,462,4,2025-01-26
6191,670,33,5,2025-10-14
6192,868,203,3,2025-05-16
6193,442,196,4,2026-03-13
6194,161,87,2,2025-05-08
6195,58,325,5,2024-09-27
6196,942,274,1,2024-11-24
6197,407,489,3,2024-08-19
6198,890,453,4,2024-11-09
6199,803,279,3,2025-07-05
6200,618,192,1,2026-06-13
6201,807,248,1,2025-06-22
6202,464,268,1,2026-05-26
6203,482,287,2,2024-09-20
6204,222,115,5,2025-05-26
6205,710,181,4,2025-06-19
6206,935,383,2,2025-09-25
6207,272,189,4,2025-10-13
6208,721,20,5,2026-07-16
6209,818,371,4,2025-09-27
6210,541,466,3,2025-03-13
6211,976,18,3,2024-09-23
6212,20,389,5,2025-06-17
6213,861,89,1,2025-04-20
6214,700,388,5,2025-08-24
6215,27,123,2,2025-07-13
6216,635,335,3,2025-01-10
6217,682,351,2,2026-04-14
6218,283,184,2,2025-09-22
6219,832,349,1,2025-05-12
6220,48,152,2,2026-06-12
6221,716,102,5,2025-07-01
6222,473,128,1,2026-02-07
6223,683,337,1,2026-01-31
6224,594,119,2,2025-01-31
6225,195,477,5,2026-07-20
6226,511,46,1,2024-10-16
6227,501,276,1,2025-03-12
6228,867,160,3,2025-07-24
6229,743,191,3,2026-04-11
6230,141,197,3,2025-10-09
6231,586,385,3,2025-01-23
6232,125,168,5,2025-08-14
6233,570,365,1,2025-12-09
6234,200,283,3,2026-05-06
6235,554,17,1,2026-05-05
6236,589,250,2,2025-02-03
6237,862,116,5,2024-12-13
6238,421,350,3,2026-02-24
6239,548,399,2,2026-02-20
6240,299,284,2,2025-08-30
6241,351,310,2,2026-06-30
6242,10,280,3,2026-03-13
6243,172,316,2,2025-10-05
6244,269,281,2,2026-02-13
6245,403,416,1,2025-11-08
6246,500,420,4,2025-12-30
6247,284,314,3,2025-08-16
6248,829,59,3,2025-05-30
6249,962,96,5,2026-02-25
6250,384,67,4,2025-04-23
6251,960,22,3,2025-07-23
6252,458,32,2,2025-07-26
6253,443,287,1,2024-11-04
6254,264,340,1,2026-01-20
6255,708,453,2,2025-03-11
6256,8,207,3,2025-06-16
6257,542,136,5,2024-11-08
6258,128,492,3,2025-08-19
6259,674,182,2,2026-04-27
6260,691,449,1,2026-04-06
6261,529,305,2,2025-11-17
6262,928,417,2,2025-04-08
6263,861,82,4,2026-06-17
6264,42,487,4,2024-12-02
6265,127,135,2,2026-05-20
6266,260,337,3,2026-06-01
6267,64,357,4,2025-11-29
6268,742,281,2,2025-05-16
6269,866,361,1,2025-09-04
6270,555,395,1,2025-08-11
6271,885,170,2,2025-01-10
6272,996,248,1,2025-06-01
6273,145,358,2,2025-05-09
6274,507,55,3,2025-05-26
6275,726,369,2,2025-02-14
6276,163,58,5,2025-01-28
6277,315,233,4,2025-03-04
6278,242,166,5,2025-07-24
6279,271,86,1,2025-01-16
6280,581,441,2,2025-07-05
6281,488,223,5,2026-02-20
6282,996,195,2,2025-07-25
6283,562,491,4,2025-02-14
6284,143,92,1,2025-11-22
6285,900,49,1,2025-05-30
6286,255,345,2,2026-03-04
6287,8,32,3,2026-06-03
6288,438,377,2,2025-08-03
6289,782,249,1,2025-03-02
6290,155,108,2,2025-06-24
6291,880,425,1,2025-04-30
6292,602,345,4,2025-03-26
6293,265,119,5,2026-01-10
6294,344,99,5,2025-10-19
6295,260,42,3,2026-02-14
6296,258,330,4,2024-08-27
6297,236,343,4,2026-05-31
6298,268,158,1,2026-03-08
6299,637,70,1,2024-10-28
6300,853,369,4,2025-03-20
6301,398,244,4,2025-10-26
6302,251,21,5,2024-09-23
6303,101,191,4,2025-03-30
6304,883,167,1,2026-02-23
6305,763,30,2,2024-07-27
6306,410,32,2,2025-06-09
6307,254,439,3,2026-03-05
6308,224,22,2,2026-07-11
6309,821,126,4,2025-10-15
6310,412,473,3,2025-11-05
6311,713,449,3,2024-10-03
6312,659,213,3,2025-05-22
6313,2,190,1,2026-04-13
6314,678,129,4,2025-09-21
6315,390,90,1,2025-05-30
6316,173,358,2,2025-07-19
6317,168,419,4,2024-08-24
6318,140,467,3,2026-04-10
6319,300,154,5,2024-10-07
6320,790,36,1,2024-11-22
6321,789,473,2,2026-01-16
6322,160,484,1,2025-05-25
6323,978,459,3,2025-09-04
6324,596,367,4,2025-11-06
6325,650,128,5,2024-11-29
6326,794,74,4,2026-05-26
6327,698,45,2,2025-01-13
6328,729,88,4,2025-03-01
6329,466,492,3,2025-12-09
6330,985,422,1,2025-09-08
6331,528,26,5,2025-06-10
6332,993,234,5,2025-06-17
6333,217,315,3,2026-03-29
6334,163,454,2,2026-06-10
6335,331,197,3,2026-05-26
6336,420,442,3,2026-05-23
6337,689,201,2,2026-01-10
6338,386,166,3,2026-01-08
6339,48,171,5,2025-10-28
6340,611,124,3,2025-04-17
6341,161,368,2,2026-05-18
6342,508,53,3,2025-10-24
6343,256,218,2,2025-09-26
6344,619,218,2,2025-07-14
6345,822,388,3,2025-12-23
6346,620,364,2,2024-09-06
6347,745,266,1,2026-01-26
6348,226,340,2,2025-03-01
6349,309,392,4,2026-06-30
6350,584,265,2,2025-09-19
6351,637,241,3,2024-07-30
6352,706,116,4,2025-02-03
6353,505,277,2,2025-09-15
6354,592,30,5,2026-01-27
6355,316,136,5,2025-12-07
6356,997,464,3,2024-11-05
6357,347,139,3,2026-05-27
6358,953,314,4,2024-07-31
6359,36,490,1,2024-11-08
6360,378,396,5,2025-11-25
6361,236,490,3,2025-11-10
6362,223,319,1,2026-03-10
6363,681,294,5,2026-01-29
6364,843,415,1,2025-10-04
6365,977,437,2,2025-12-27
6366,309,96,3,2024-10-10
6367,108,180,1,2024-08-13
6368,491,273,3,2026-01-06
6369,448,177,1,2026-03-12
6370,908,470,5,2025-03-21
6371,468,2,1,2025-10-16
6372,166,467,2,2026-05-22
6373,156,444,2,2026-03-21
6374,586,37,3,2025-04-21
6375,685,304,5,2025-11-04
6376,242,79,3,2026-05-03
6377,645,424,5,2025-05-23
6378,600,445,1,2026-07-14
6379,565,312,2,2025-07-10
6380,676,272,5,2024-08-05
6381,446,384,2,2025-05-28
6382,588,34,1,2025-08-11
6383,399,189,3,2025-05-02
6384,189,167,4,2025-12-12
6385,229,401,4,2026-04-28
6386,459,303,4,2026-04-08
6387,549,370,5,2024-11-16
6388,40,179,2,2026-06-08
6389,350,496,1,2025-11-02
6390,187,274,2,2026-02-03
6391,135,210,5,2025-07-23
6392,343,95,3,2025-12-23
6393,34,300,2,2026-07-02
6394,932,420,4,2025-01-15
6395,232,474,2,2025-07-30
6396,907,208,5,2026-02-23
6397,12,30,2,2026-03-16
6398,816,92,5,2026-03-06
6399,18,321,2,2025-03-05
6400,969,472,4,2025-07-08
6401,419,478,1,2025-03-22
6402,642,287,3,2024-08-27
6403,406,293,5,2024-08-15
6404,838,58,3,2025-01-18
6405,476,178,2,2026-02-08
6406,144,296,1,2026-02-25
6407,533,286,2,2026-04-22
6408,210,469,1,2026-01-30
6409,896,96,2,2024-10-16
6410,58,339,3,2025-07-26
6411,686,117,4,2025-03-02
6412,276,486,3,2025-12-31
6413,158,401,3,2024-11-19
6414,766,385,2,2025-02-28
6415,827,238,4,2025-12-21
6416,860,154,3,2025-02-12
6417,445,274,4,2025-04-10
6418,176,485,3,2024-08-16
6419,664,210,4,2026-07-05
6420,17,140,4,2026-04-25
6421,998,395,1,2026-03-30
6422,37,187,1,2025-01-20
6423,954,298,1,2024-09-03
6424,129,307,2,2025-04-13
6425,738,495,4,2025-07-15
6426,425,192,1,2024-08-30
6427,667,156,2,2026-04-04
6428,394,348,3,2025-01-22
6429,261,135,3,2026-07-08
6430,238,1,1,2026-03-01
6431,48,318,3,2025-04-06
6432,395,286,3,2025-01-19
6433,323,117,4,2026-03-31
6434,462,372,2,2024-10-29
6435,607,276,3,2025-02-26
6436,471,389,1,2025-11-06
6437,812,20,4,2025-01-30
6438,997,86,1,2025-04-17
6439,707,230,3,2025-07-12
6440,967,14,2,2025-10-30
6441,678,262,3,2025-10-27
6442,584,60,4,2025-08-24
6443,585,375,4,2026-02-16
6444,969,218,5,2025-12-12
6445,146,193,5,2024-08-27
6446,132,290,3,2025-09-19
6447,660,476,1,2025-07-23
6448,950,109,4,2025-08-31
6449,10,394,3,2025-08-31
6450,890,75,4,2026-04-15
6451,333,92,4,2024-12-18
6452,931,150,1,2025-08-11
6453,427,353,5,2024-12-14
6454,985,77,2,2025-01-10
6455,828,310,3,2025-09-26
6456,227,98,1,2025-01-09
6457,951,437,3,2025-01-04
6458,413,288,4,2025-11-13
6459,881,69,5,2025-10-16
6460,388,312,3,2025-01-27
6461,168,391,1,2026-02-05
6462,402,321,2,2025-06-09
6463,841,118,1,2025-04-12
6464,483,240,1,2024-12-30
6465,281,286,4,2025-08-11
6466,202,81,4,2025-07-19
6467,154,107,5,2025-09-29
6468,757,27,3,2024-09-08
6469,106,156,1,2025-11-15
6470,894,22,2,2026-02-28
6471,992,19,2,2026-02-03
6472,301,276,1,2026-05-20
6473,91,35,2,2025-11-30
6474,411,305,4,2025-01-23
6475,861,178,2,2025-11-06
6476,266,145,3,2024-11-09
6477,680,306,2,2026-02-17
6478,924,258,1,2025-04-22
6479,477,432,1,2024-10-25
6480,776,66,2,2025-11-29
6481,800,68,2,2024-11-08
6482,972,61,5,2025-06-10
6483,591,124,4,2025-05-09
6484,15,316,2,2026-03-20
6485,128,134,3,2026-04-13
6486,820,164,2,2026-02-08
6487,86,469,4,2025-11-28
6488,242,443,1,2025-04-09
6489,167,115,1,2024-10-16
6490,323,156,4,2026-05-06
6491,390,289,3,2025-08-01
6492,28,426,3,2024-08-21
6493,104,424,1,2025-06-26
6494,892,315,2,2025-10-23
6495,456,350,3,2025-10-31
6496,861,57,4,2025-03-16
6497,996,235,4,2025-06-18
6498,839,23,3,2026-03-25
6499,721,411,1,2025-10-03
6500,177,89,5,2025-05-21
6501,850,495,2,2025-01-19
6502,306,477,3,2025-05-22
6503,907,258,4,2025-11-03
6504,31,402,3,2025-12-19
6505,631,172,3,2025-11-17
6506,970,131,4,2025-07-16
6507,290,374,3,2025-07-09
6508,368,442,5,2026-02-06
6509,950,53,1,2025-04-10
6510,511,352,3,2025-04-29
6511,229,323,1,2025-10-25
6512,191,131,3,2026-02-25
6513,285,318,2,2025-11-26
6514,907,24,1,2026-06-15
6515,507,425,4,2024-11-09
6516,395,252,2,2024-09-26
6517,449,328,5,2026-03-16
6518,52,339,1,2025-03-30
6519,165,274,4,2025-10-21
6520,189,487,2,2025-01-19
6521,930,81,2,2025-08-01
6522,884,266,2,2025-02-02
6523,203,452,1,2026-05-24
6524,626,317,2,2025-12-24
6525,781,306,5,2024-08-11
6526,542,370,2,2025-06-17
6527,85,106,2,2026-06-10
6528,39,265,2,2026-04-25
6529,254,26,2,2025-02-08
6530,495,200,2,2024-08-23
6531,646,37,3,2025-10-22
6532,749,376,5,2026-01-25
6533,362,367,1,2025-03-05
6534,459,57,5,2026-01-10
6535,605,494,2,2025-05-25
6536,546,38,4,2024-12-16
6537,255,301,1,2026-01-16
6538,857,204,1,2025-08-27
6539,553,452,4,2026-03-13
6540,389,456,5,2024-09-05
6541,182,275,3,2025-10-18
6542,351,26,1,2024-11-10
6543,747,161,1,2025-06-03
6544,619,358,5,2026-05-07
6545,432,258,4,2025-03-12
6546,360,460,5,2024-10-21
6547,43,392,4,2025-12-13
6548,729,182,2,2024-09-12
6549,413,419,1,2025-08-02
6550,357,221,1,2026-02-17
6551,301,268,2,2026-02-13
6552,971,469,2,2025-06-04
6553,367,477,1,2025-05-04
6554,280,86,2,2025-04-16
6555,625,269,2,2026-01-30
6556,206,220,4,2026-06-22
6557,133,163,5,2026-05-15
6558,818,21,1,2025-01-28
6559,576,333,4,2025-09-25
6560,607,340,3,2025-04-12
6561,38,271,2,2025-04-02
6562,687,120,4,2024-12-30
6563,292,141,2,2026-02-28
6564,724,50,1,2025-03-07
6565,915,125,3,2025-09-19
6566,307,335,4,2024-08-11
6567,549,115,4,2026-04-12
6568,295,464,3,2024-08-19
6569,611,317,2,2026-02-08
6570,513,177,2,2024-08-28
6571,313,137,1,2026-01-21
6572,926,114,5,2025-01-23
6573,866,7,2,2024-11-23
6574,941,400,1,2024-12-26
6575,877,416,5,2026-01-01
6576,338,414,1,2024-09-07
6577,414,338,4,2025-05-27
6578,535,195,5,2025-11-11
6579,429,378,3,2026-04-24
6580,444,329,1,2024-12-02
6581,887,462,4,2026-06-24
6582,180,115,4,2026-06-22
6583,22,221,3,2025-04-06
6584,686,172,3,2026-02-03
6585,59,360,3,2025-06-27
6586,191,375,4,2025-06-01
6587,45,491,3,2024-12-08
6588,623,24,5,2026-07-08
6589,79,171,5,2026-05-12
6590,580,360,1,2025-07-29
6591,942,263,3,2025-07-23
6592,684,204,1,2025-03-13
6593,295,264,4,2024-09-13
6594,801,276,3,2026-05-20
6595,508,111,5,2025-08-15
6596,803,240,1,2025-05-19
6597,271,40,3,2025-10-08
6598,805,129,3,2026-01-17
6599,967,431,3,2024-10-28
6600,54,60,4,2025-12-27
6601,163,300,5,2026-07-12
6602,994,150,2,2026-01-05
6603,679,232,2,2026-06-07
6604,730,115,5,2026-03-02
6605,7,204,4,2025-02-27
6606,297,39,3,2025-03-17
6607,989,103,2,2025-02-01
6608,819,170,2,2024-11-05
6609,471,305,1,2025-10-19
6610,669,277,3,2025-08-10
6611,674,427,2,2025-07-26
6612,504,264,3,2025-10-22
6613,377,491,4,2026-03-11
6614,789,70,2,2025-07-26
6615,571,418,5,2024-11-24
6616,830,198,2,2024-07-31
6617,852,229,4,2025-07-07
6618,762,149,5,2026-07-14
6619,975,390,2,2025-07-06
6620,506,331,2,2026-05-26
6621,892,330,1,2025-04-27
6622,868,431,3,2025-01-20
6623,721,330,1,2025-04-08
6624,592,104,5,2024-07-29
6625,984,499,1,2026-03-10
6626,2,385,5,2025-08-12
6627,59,491,1,2024-11-21
6628,91,406,3,2024-11-12
6629,702,295,5,2024-08-09
6630,12,35,3,2024-12-13
6631,274,378,3,2026-05-10
6632,89,200,2,2024-11-21
6633,319,369,4,2026-03-10
6634,654,41,2,2026-04-05
6635,928,326,4,2025-06-27
6636,82,378,3,2025-04-06
6637,337,35,4,2025-05-17
6638,410,357,2,2025-10-13
6639,790,427,5,2025-11-14
6640,490,461,4,2024-10-20
6641,757,304,1,2026-03-21
6642,917,233,3,2025-11-17
6643,10,479,4,2025-01-05
6644,502,280,2,2025-05-26
6645,670,111,3,2025-01-27
6646,552,339,2,2026-03-12
6647,389,374,2,2025-03-13
6648,78,262,4,2025-05-17
6649,227,255,1,2026-05-18
6650,194,219,1,2025-09-15
6651,344,283,1,2024-08-21
6652,327,32,1,2024-09-19
6653,756,490,2,2025-12-04
6654,612,38,5,2025-02-19
6655,237,44,4,2024-09-21
6656,555,254,3,2025-03-01
6657,226,34,2,2025-05-12
6658,907,113,5,2025-02-12
6659,895,283,5,2025-10-03
6660,517,296,2,2024-10-24
6661,821,24,3,2026-01-23
6662,801,301,3,2025-03-30
6663,811,233,5,2025-11-21
6664,483,106,2,2026-03-27
6665,573,25,5,2024-11-07
6666,789,120,4,2025-12-20
6667,907,212,1,2025-11-28
6668,269,475,3,2026-06-28
6669,517,164,1,2025-10-23
6670,191,170,3,2024-09-15
6671,564,259,4,2025-07-02
6672,162,155,2,2024-12-21
6673,852,394,2,2026-01-14
6674,121,360,3,2026-02-06
6675,756,420,4,2025-07-03
6676,449,436,1,2024-12-29
6677,842,180,4,2025-03-09
6678,59,344,3,2024-11-05
6679,496,126,1,2025-08-15
6680,53,140,2,2024-08-02
6681,578,480,1,2025-10-03
6682,178,221,1,2026-03-05
6683,402,292,3,2024-08-31
6684,460,5,3,2026-03-14
6685,414,441,1,2025-02-03
6686,142,423,2,2025-09-26
6687,42,153,4,2025-12-26
6688,993,7,5,2024-11-29
6689,746,376,4,2025-10-16
6690,370,33,5,2025-07-09
6691,620,75,2,2025-10-27
6692,462,115,1,2025-10-24
6693,623,414,4,2025-01-13
6694,857,26,3,2024-10-06
6695,77,55,4,2026-06-15
6696,663,341,1,2026-04-25
6697,444,227,3,2024-09-05
6698,150,437,3,2025-01-11
6699,168,381,1,2025-02-06
6700,482,36,5,2026-07-08
6701,901,131,1,2025-10-16
6702,995,199,1,2024-11-20
6703,848,200,3,2025-04-02
6704,87,173,3,2025-03-23
6705,778,118,3,2025-03-06
6706,195,163,3,2025-11-15
6707,733,288,4,2024-12-10
6708,814,321,5,2025-02-09
6709,447,308,1,2025-03-11
6710,263,479,4,2024-09-10
6711,236,82,3,2024-08-30
6712,869,210,1,2026-07-16
6713,945,279,5,2025-01-13
6714,120,19,5,2026-01-15
6715,891,11,5,2025-03-27
6716,91,180,5,2026-05-06
6717,502,357,1,2026-03-16
6718,590,21,2,2024-12-09
6719,513,405,3,2024-10-14
6720,849,254,2,2025-01-27
6721,8,497,3,2026-07-06
6722,388,26,4,2024-07-31
6723,129,100,1,2025-03-24
6724,283,120,5,2026-04-04
6725,381,142,4,2025-04-13
6726,498,81,5,2025-10-01
6727,13,298,4,2026-05-08
6728,754,498,1,2025-12-20
6729,329,462,2,2026-01-11
6730,249,256,5,2025-06-01
6731,409,390,1,2025-08-01
6732,291,1,3,2024-11-25
6733,574,429,2,2026-07-04
6734,907,250,1,2025-04-17
6735,532,31,5,2025-02-08
6736,949,22,4,2025-09-29
6737,700,151,1,2025-07-26
6738,214,331,5,2024-09-14
6739,695,484,4,2024-12-15
6740,331,112,3,2025-09-11
6741,265,169,2,2024-10-21
6742,464,472,5,2026-06-13
6743,490,266,2,2025-08-17
6744,366,252,5,2025-10-09
6745,944,109,1,2024-09-12
6746,113,488,3,2026-02-12
6747,162,185,2,2025-02-01
6748,784,110,1,2024-09-06
6749,867,171,1,2024-08-28
6750,467,322,2,2024-08-24
6751,115,213,2,2024-07-31
6752,246,296,4,2025-05-05
6753,617,455,5,2024-08-25
6754,683,348,2,2025-11-10
6755,618,349,4,2026-01-16
6756,266,392,1,2024-11-01
6757,217,148,2,2024-10-08
6758,381,92,4,2026-01-24
6759,666,46,1,2024-12-16
6760,766,35,1,2026-06-12
6761,797,48,4,2024-10-18
6762,601,313,4,2025-06-29
6763,147,67,1,2026-04-13
6764,842,311,5,2025-04-12
6765,822,112,1,2026-06-08
6766,568,256,3,2026-01-26
6767,503,276,5,2025-04-28
6768,980,313,3,2025-05-20
6769,14,115,2,2026-03-24
6770,721,233,1,2024-11-02
6771,380,491,3,2025-10-23
6772,506,494,4,2025-07-06
6773,630,106,5,2025-12-31
6774,354,427,3,2024-11-08
6775,940,124,2,2026-06-21
6776,423,139,1,2025-08-09
6777,628,457,4,2025-05-10
6778,546,287,1,2025-02-18
6779,927,87,3,2025-02-17
6780,706,413,4,2026-06-11
6781,161,277,3,2025-03-17
6782,821,434,2,2026-03-06
6783,899,368,5,2026-03-18
6784,68,162,1,2024-11-10
6785,197,9,2,2024-12-22
6786,999,404,5,2026-01-09
6787,607,112,3,2026-01-30
6788,309,175,3,2026-02-02
6789,304,412,1,2026-07-09
6790,115,179,2,2026-02-16
6791,261,41,4,2026-04-12
6792,819,283,1,2025-10-23
6793,233,150,5,2025-12-12
6794,619,19,2,2026-05-30
6795,980,132,5,2026-02-24
6796,376,378,2,2026-07-12
6797,988,291,4,2025-06-15
6798,814,484,5,2025-06-18
6799,96,169,4,2025-05-13
6800,584,106,2,2025-05-11
6801,549,246,1,2026-05-24
6802,232,349,5,2024-08-14
6803,312,149,3,2025-04-02
6804,17,483,1,2026-04-08
6805,690,42,2,2024-07-27
6806,498,353,5,2026-04-14
6807,803,134,5,2025-05-31
6808,236,475,1,2025-11-16
6809,248,217,1,2025-11-04
6810,596,461,3,2025-11-16
6811,479,107,4,2026-07-23
6812,462,164,4,2026-04-22
6813,229,420,4,2025-03-19
6814,625,332,3,2024-09-14
6815,840,110,3,2025-12-22
6816,228,458,4,2025-07-26
6817,379,17,2,2025-10-16
6818,976,38,3,2024-08-14
6819,240,408,5,2025-04-30
6820,247,422,4,2024-11-01
6821,182,444,5,2025-10-12
6822,171,76,2,2024-10-05
6823,226,358,5,2024-09-11
6824,223,51,2,2025-01-18
6825,50,131,1,2025-05-23
6826,664,28,1,2025-06-28
6827,708,346,2,2025-12-20
6828,295,273,3,2026-07-21
6829,881,164,4,2024-08-24
6830,930,143,3,2025-02-03
6831,658,308,5,2025-05-09
6832,685,212,5,2026-01-19
6833,688,25,2,2025-02-25
6834,594,225,2,2026-03-20
6835,650,435,2,2025-03-12
6836,877,459,2,2024-07-27
6837,310,182,2,2025-09-27
6838,58,129,1,2025-04-12
6839,38,349,5,2026-05-23
6840,458,404,1,2026-05-08
6841,311,62,2,2026-06-01
6842,995,31,4,2025-03-31
6843,664,169,4,2025-10-31
6844,954,361,2,2025-05-19
6845,730,318,1,2025-07-27
6846,107,198,1,2025-06-13
6847,718,254,5,2024-08-22
6848,344,451,4,2024-10-05
6849,446,131,5,2025-11-22
6850,308,399,4,2025-10-01
6851,894,84,5,2025-11-17
6852,204,225,4,2025-07-29
6853,632,325,5,2026-05-11
6854,553,78,5,2026-03-04
6855,557,21,3,2025-12-20
6856,844,268,3,2024-12-05
6857,888,172,1,2025-09-30
6858,10,207,2,2024-10-11
6859,853,71,2,2025-01-21
6860,139,18,5,2025-12-22
6861,527,31,3,2024-11-04
6862,657,449,3,2024-10-09
6863,119,227,3,2025-09-23
6864,706,287,2,2025-08-09
6865,607,473,5,2025-05-26
6866,501,432,2,2025-08-16
6867,64,83,3,2025-08-30
6868,228,64,2,2025-08-03
6869,481,23,5,2024-10-17
6870,4,43,1,2026-05-31
6871,415,81,5,2025-04-05
6872,34,265,1,2026-03-28
6873,175,382,2,2025-09-28
6874,762,259,3,2025-08-20
6875,12,455,4,2026-04-29
6876,454,305,3,2025-09-04
6877,700,340,2,2026-01-18
6878,703,422,5,2025-12-26
6879,174,156,5,2024-08-19
6880,786,335,4,2024-08-08
6881,326,265,2,2025-01-01
6882,740,322,2,2026-04-20
6883,99,211,2,2025-09-02
6884,333,69,2,2025-09-20
6885,812,152,2,2026-02-06
6886,285,398,4,2026-03-25
6887,314,23,1,2026-04-10
6888,143,305,3,2026-05-17
6889,439,244,1,2025-03-19
6890,55,261,3,2025-06-09
6891,756,478,3,2025-01-01
6892,672,275,3,2025-11-18
6893,908,196,5,2025-03-24
6894,884,54,1,2025-10-09
6895,734,94,1,2025-12-31
6896,943,140,3,2024-11-26
6897,630,50,1,2024-10-25
6898,776,230,1,2026-06-05
6899,253,411,5,2025-04-22
6900,632,368,1,2025-10-07
6901,211,61,2,2024-11-04
6902,173,94,5,2024-09-05
6903,188,347,5,2025-10-12
6904,121,319,4,2024-10-17
6905,544,418,1,2024-09-15
6906,96,99,5,2025-12-06
6907,319,193,4,2025-10-17
6908,248,62,1,2025-02-14
6909,305,59,4,2026-02-21
6910,741,190,3,2025-12-07
6911,975,81,5,2025-11-12
6912,53,88,4,2024-09-28
6913,416,23,4,2026-03-27
6914,787,297,2,2025-07-07
6915,108,297,1,2026-07-13
6916,235,348,4,2024-12-07
6917,513,277,4,2026-03-22
6918,622,388,4,2025-10-28
6919,829,433,2,2025-01-21
6920,615,436,5,2024-07-29
6921,848,253,5,2026-02-06
6922,127,355,5,2024-10-20
6923,404,410,5,2025-10-14
6924,424,67,4,2026-05-06
6925,543,35,4,2024-11-19
6926,161,211,1,2025-03-05
6927,995,454,1,2026-03-14
6928,782,355,1,2025-01-13
6929,613,25,1,2026-05-23
6930,850,38,5,2025-02-03
6931,734,444,1,2026-05-25
6932,948,168,4,2025-11-19
6933,472,252,5,2026-04-15
6934,159,146,5,2024-09-24
6935,52,189,5,2025-06-13
6936,33,270,3,2026-04-09
6937,548,220,4,2024-08-03
6938,710,81,3,2025-07-20
6939,528,65,2,2026-03-22
6940,199,457,4,2024-11-03
6941,193,213,2,2026-02-03
6942,698,266,1,2025-09-04
6943,285,458,5,2025-01-26
6944,152,33,5,2024-09-06
6945,747,174,2,2025-09-09
6946,837,367,4,2026-03-05
6947,788,192,1,2024-12-14
6948,561,15,2,2025-01-30
6949,725,184,2,2025-01-13
6950,108,461,1,2025-05-10
6951,357,493,4,2026-06-07
6952,215,339,5,2026-05-01
6953,897,196,3,2025-07-19
6954,276,158,2,2026-07-01
6955,625,20,5,2024-12-12
6956,56,369,5,2024-08-14
6957,228,138,5,2025-12-07
6958,210,183,3,2026-06-18
6959,806,362,1,2026-02-06
6960,595,473,4,2026-05-18
6961,642,114,3,2026-04-07
6962,705,183,4,2024-08-28
6963,634,351,4,2025-12-05
6964,870,403,2,2024-11-21
6965,821,461,4,2025-01-24
6966,610,40,5,2025-12-30
6967,705,95,5,2026-01-23
6968,50,49,1,2026-04-05
6969,83,152,2,2026-02-10
6970,694,372,5,2025-02-04
6971,918,286,3,2026-05-13
6972,694,251,1,2025-05-26
6973,829,144,5,2025-12-28
6974,624,496,5,2025-05-27
6975,923,69,1,2026-03-12
6976,655,219,3,2025-09-21
6977,897,64,5,2025-06-25
6978,44,266,1,2025-05-13
6979,852,338,1,2026-02-19
6980,914,26,1,2026-06-10
6981,563,36,4,2026-05-30
6982,298,167,2,2024-08-08
6983,405,439,5,2026-07-01
6984,862,363,5,2026-06-21
6985,214,102,5,2025-12-13
6986,828,355,2,2025-09-25
6987,946,265,4,2025-04-23
6988,146,212,2,2024-11-13
6989,773,40,2,2025-11-14
6990,230,50,2,2024-10-08
6991,48,22,3,2025-08-24
6992,750,403,4,2025-01-21
6993,449,236,5,2025-08-14
6994,111,317,5,2025-05-25
6995,771,112,2,2026-07-01
6996,490,233,2,2025-10-02
6997,643,387,2,2025-10-24
6998,68,73,1,2025-04-18
6999,30,254,3,2025-01-06
7000,528,189,5,2026-01-27
7001,319,258,4,2026-04-22
7002,840,408,3,2026-02-10
7003,445,442,5,2024-10-27
7004,130,128,1,2025-07-10
7005,200,447,5,2024-08-27
7006,591,8,2,2025-02-11
7007,795,304,2,2026-07-04
7008,397,224,1,2026-03-11
7009,443,166,2,2026-06-30
7010,387,86,5,2026-05-14
7011,366,322,3,2024-08-14
7012,637,106,3,2025-10-05
7013,368,251,3,2025-08-28
7014,654,37,1,2025-12-02
7015,964,418,1,2026-01-06
7016,76,15,2,2024-10-20
7017,477,392,5,2025-12-05
7018,972,193,2,2025-10-02
7019,790,104,5,2025-05-01
7020,994,296,5,2025-06-13
7021,312,158,3,2024-11-15
7022,535,430,4,2026-02-16
7023,822,69,5,2026-07-22
7024,453,199,1,2026-05-11
7025,539,295,3,2026-05-07
7026,91,77,4,2025-02-04
7027,316,473,4,2024-10-25
7028,158,405,3,2025-09-17
7029,871,494,2,2025-03-11
7030,205,237,1,2025-04-07
7031,62,175,4,2024-12-02
7032,742,243,1,2025-12-01
7033,399,485,2,2025-06-27
7034,829,230,4,2025-03-10
7035,591,45,2,2025-10-20
7036,772,132,1,2025-10-22
7037,106,328,2,2024-09-24
7038,833,47,4,2025-05-13
7039,449,473,4,2024-08-06
7040,537,381,3,2026-06-08
7041,857,172,1,2025-08-26
7042,239,253,2,2024-10-20
7043,514,231,5,2025-04-13
7044,422,188,1,2026-04-05
7045,769,175,5,2026-01-14
7046,210,249,3,2026-04-28
7047,49,65,3,2024-12-17
7048,125,57,1,2025-11-27
7049,106,19,3,2025-05-28
7050,906,142,1,2026-04-27
7051,473,93,3,2025-03-20
7052,311,264,5,2025-09-20
7053,464,35,1,2025-08-21
7054,490,184,1,2025-01-13
7055,575,196,3,2026-07-09
7056,414,249,3,2025-03-01
7057,847,488,4,2025-07-24
7058,272,216,2,2026-01-19
7059,755,58,2,2026-02-23
7060,646,275,5,2025-05-25
7061,721,78,4,2025-03-06
7062,837,166,1,2024-12-17
7063,848,275,2,2024-11-18
7064,789,269,5,2025-04-19
7065,115,178,1,2026-03-05
7066,285,312,2,2024-10-30
7067,483,204,4,2024-10-26
7068,861,42,2,2025-06-25
7069,822,408,2,2026-04-06
7070,561,308,4,2026-01-31
7071,32,289,3,2025-04-11
7072,169,200,5,2025-11-17
7073,237,122,4,2026-01-14
7074,457,42,4,2026-07-01
7075,184,158,3,2025-05-16
7076,445,56,1,2024-09-05
7077,362,22,5,2025-09-12
7078,550,271,3,2025-08-16
7079,313,398,1,2025-02-21
7080,913,199,2,2026-06-12
7081,701,357,5,2025-10-23
7082,969,18,3,2025-08-12
7083,518,178,5,2024-07-30
7084,177,497,3,2026-02-10
7085,652,200,3,2025-07-18
7086,442,196,3,2026-06-29
7087,395,246,1,2024-11-28
7088,767,57,2,2026-01-03
7089,350,143,4,2025-10-14
7090,92,304,2,2025-05-07
7091,136,146,4,2025-07-09
7092,156,378,2,2025-12-29
7093,916,469,3,2026-03-30
7094,746,174,5,2025-08-06
7095,302,490,3,2024-10-28
7096,340,189,5,2026-01-04
7097,374,89,3,2025-10-02
7098,347,105,4,2025-07-02
7099,975,121,2,2026-03-25
7100,13,349,3,2024-09-19
7101,751,52,2,2025-09-25
7102,858,360,3,2024-08-26
7103,495,265,1,2025-12-30
7104,210,464,5,2025-08-13
7105,201,70,4,2026-07-16
7106,643,34,4,2025-10-26
7107,48,13,1,2024-11-22
7108,379,493,1,2024-08-28
7109,852,163,2,2024-11-03
7110,63,282,3,2025-11-17
7111,121,141,2,2025-11-10
7112,144,244,1,2024-12-18
7113,868,471,1,2026-03-07
7114,364,366,5,2024-10-13
7115,725,494,4,2025-09-18
7116,868,370,4,2026-07-07
7117,451,302,2,2026-06-30
7118,319,475,4,2026-06-20
7119,717,190,5,2025-01-21
7120,324,338,4,2025-09-03
7121,745,90,3,2025-05-01
7122,508,23,2,2025-09-18
7123,340,215,2,2025-09-29
7124,271,63,2,2024-11-12
7125,605,230,4,2026-04-23
7126,720,56,5,2024-12-31
7127,828,253,4,2025-10-30
7128,200,2,4,2025-01-10
7129,485,182,3,2026-06-14
7130,300,488,4,2025-09-07
7131,672,310,3,2026-04-26
7132,632,400,3,2025-01-24
7133,371,279,5,2025-03-28
7134,631,53,2,2025-09-17
7135,411,96,2,2024-11-23
7136,506,110,3,2025-08-01
7137,287,116,5,2025-08-08
7138,781,467,1,2024-09-17
7139,8,21,4,2025-11-24
7140,357,112,4,2026-06-02
7141,393,41,1,2024-12-18
7142,874,34,3,2024-11-16
7143,235,84,3,2024-12-11
7144,370,331,5,2025-10-21
7145,626,464,1,2025-03-15
7146,314,222,1,2026-05-15
7147,510,396,5,2024-12-16
7148,824,24,1,2026-01-03
7149,539,434,1,2025-04-10
7150,54,2,1,2025-07-31
7151,294,475,3,2026-05-05
7152,737,158,1,2024-10-08
7153,382,240,5,2026-05-22
7154,880,271,3,2025-06-17
7155,830,421,1,2025-09-06
7156,100,496,3,2024-10-01
7157,912,91,3,2026-07-01
7158,124,342,5,2024-10-20
7159,961,141,2,2025-07-20
7160,876,97,1,2026-02-25
7161,420,308,2,2025-06-03
7162,240,380,5,2025-06-28
7163,797,476,5,2024-08-29
7164,481,252,2,2025-11-15
7165,173,76,2,2026-07-19
7166,771,311,4,2026-03-07
7167,890,181,2,2026-03-15
7168,590,68,1,2026-04-18
7169,212,200,2,2025-11-19
7170,651,3,1,2025-03-21
7171,382,494,1,2026-01-28
7172,330,343,1,2025-02-02
7173,532,36,4,2026-02-17
7174,31,316,1,2025-12-14
7175,228,254,5,2026-06-08
7176,227,4,4,2024-08-21
7177,127,257,4,2026-05-23
7178,516,19,3,2024-07-23
7179,172,250,4,2025-08-02
7180,551,52,2,2024-10-31
7181,996,353,4,2026-03-03
7182,506,301,5,2026-01-07
7183,309,263,5,2025-01-12
7184,233,456,4,2024-09-27
7185,70,211,3,2026-06-04
7186,62,3,5,2025-08-17
7187,406,17,5,2026-05-08
7188,351,143,5,2025-12-30
7189,278,382,2,2026-02-12
7190,483,152,1,2025-05-29
7191,152,328,1,2026-02-15
7192,254,208,4,2024-10-29
7193,383,420,5,2025-09-06
7194,208,407,5,2025-12-15
7195,317,65,2,2025-03-15
7196,957,107,1,2024-10-30
7197,100,295,1,2025-06-23
7198,586,451,2,2024-11-03
7199,95,307,3,2026-01-30
7200,169,35,5,2025-09-25
7201,375,349,4,2026-01-13
7202,498,126,2,2024-10-31
7203,490,399,3,2025-09-21
7204,345,349,1,2025-04-19
7205,410,359,1,2025-10-13
7206,185,189,3,2025-09-04
7207,742,191,1,2025-09-16
7208,744,386,1,2025-07-31
7209,226,172,2,2025-07-13
7210,297,443,4,2024-08-16
7211,793,404,5,2025-05-06
7212,487,211,5,2024-12-05
7213,94,310,2,2024-12-07
7214,860,21,3,2026-02-12
7215,42,177,4,2025-01-18
7216,890,359,4,2025-05-03
7217,284,164,3,2025-01-17
7218,838,374,4,2025-09-13
7219,580,203,3,2026-05-26
7220,993,438,1,2025-11-22
7221,430,287,5,2025-09-17
7222,333,127,2,2024-10-24
7223,677,383,2,2025-09-01
7224,602,36,5,2024-12-10
7225,828,234,2,2025-08-27
7226,723,483,5,2026-03-15
7227,339,105,1,2025-10-09
7228,106,306,5,2026-02-02
7229,214,138,3,2026-01-15
7230,905,219,4,2024-09-23
7231,611,371,3,2024-08-22
7232,623,75,5,2025-07-28
7233,433,400,1,2026-06-21
7234,41,224,2,2026-01-05
7235,482,93,4,2025-02-02
7236,467,358,5,2025-11-11
7237,640,193,3,2025-09-19
7238,449,403,4,2024-10-04
7239,624,301,4,2026-04-07
7240,256,294,1,2025-12-30
7241,106,296,5,2026-06-23
7242,931,293,5,2024-09-04
7243,134,168,2,2024-10-29
7244,571,296,1,2026-03-06
7245,158,175,5,2026-03-28
7246,545,366,2,2024-08-13
7247,933,297,1,2025-12-01
7248,932,337,2,2025-05-06
7249,680,201,3,2024-07-29
7250,490,194,1,2025-01-11
7251,499,51,3,2026-04-19
7252,31,322,1,2026-02-06
7253,615,271,3,2024-09-15
7254,614,473,5,2024-10-03
7255,76,126,4,2026-05-09
7256,461,189,5,2025-03-29
7257,706,475,3,2024-09-29
7258,944,129,5,2025-01-31
7259,385,444,5,2025-02-27
7260,166,245,1,2024-10-28
7261,28,305,4,2024-09-24
7262,796,276,1,2026-05-13
7263,178,497,3,2025-03-03
7264,769,293,2,2025-07-04
7265,348,180,4,2025-02-11
7266,558,136,1,2026-05-06
7267,362,11,3,2025-01-05
7268,20,489,5,2025-12-08
7269,230,428,4,2025-04-06
7270,395,220,4,2025-12-14
7271,554,34,3,2026-04-21
7272,835,99,4,2025-04-17
7273,793,115,3,2024-09-24
7274,664,370,2,2025-05-25
7275,368,154,3,2024-11-27
7276,986,250,2,2024-07-23
7277,948,420,5,2025-11-18
7278,844,72,3,2026-07-03
7279,711,129,3,2024-07-31
7280,606,267,4,2026-06-09
7281,214,122,4,2026-02-18
7282,78,78,5,2025-02-09
7283,625,349,5,2026-02-12
7284,566,194,2,2025-06-24
7285,143,284,4,2025-04-19
7286,420,99,1,2024-08-20
7287,873,138,3,2025-09-27
7288,625,290,5,2024-10-18
7289,51,337,4,2026-02-11
7290,642,357,4,2025-04-19
7291,376,344,3,2025-09-26
7292,706,147,4,2025-04-21
7293,915,92,2,2025-03-09
7294,846,354,1,2025-06-13
7295,219,4,4,2026-01-06
7296,135,174,3,2024-09-04
7297,682,222,1,2025-04-17
7298,238,400,2,2025-01-14
7299,830,86,4,2025-10-03
7300,266,408,5,2025-08-18
7301,472,181,1,2026-04-17
7302,978,294,4,2024-12-10
7303,915,196,2,2026-04-19
7304,632,472,3,2026-01-22
7305,353,257,1,2024-08-09
7306,670,329,5,2024-12-05
7307,919,161,3,2026-01-31
7308,222,52,4,2025-02-12
7309,464,20,5,2025-07-09
7310,355,186,3,2026-06-28
7311,24,322,1,2026-03-29
7312,70,287,5,2024-07-30
7313,657,340,4,2025-09-02
7314,826,344,5,2026-01-08
7315,298,88,2,2025-08-09
7316,785,161,5,2025-04-05
7317,946,145,5,2024-09-15
7318,81,73,3,2026-01-18
7319,324,495,4,2024-09-27
7320,688,402,1,2024-12-21
7321,446,126,4,2026-05-01
7322,341,54,4,2026-03-12
7323,319,481,4,2025-07-15
7324,158,444,1,2025-12-18
7325,761,158,4,2025-04-04
7326,340,367,3,2025-06-28
7327,117,365,5,2026-03-07
7328,869,455,1,2024-10-11
7329,298,151,3,2024-12-06
7330,605,181,1,2025-03-10
7331,877,386,1,2026-07-16
7332,915,41,3,2026-03-17
7333,145,136,1,2026-07-05
7334,579,146,5,2025-12-05
7335,70,177,3,2025-08-30
7336,690,435,2,2026-05-12
7337,937,65,5,2024-08-07
7338,878,232,4,2024-12-30
7339,860,74,5,2025-04-15
7340,89,270,3,2025-03-08
7341,726,283,2,2025-06-17
7342,544,415,5,2024-12-01
7343,450,467,3,2024-11-06
7344,39,159,4,2025-06-22
7345,861,184,5,2025-08-07
7346,177,14,5,2025-02-21
7347,740,403,1,2025-03-01
7348,265,221,2,2024-11-14
7349,103,419,3,2025-11-06
7350,831,286,1,2025-03-07
7351,936,263,1,2025-04-27
7352,87,383,5,2024-10-12
7353,668,210,3,2025-03-08
7354,303,51,2,2025-12-01
7355,188,429,3,2025-04-29
7356,355,18,3,2025-05-06
7357,395,436,4,2024-11-22
7358,249,397,2,2024-10-20
7359,249,100,2,2026-04-20
7360,894,85,3,2025-09-02
7361,191,94,3,2026-05-14
7362,94,204,5,2024-10-05
7363,973,341,3,2025-08-15
7364,701,414,3,2025-09-10
7365,647,102,4,2024-11-26
7366,574,343,5,2025-04-14
7367,22,283,2,2024-10-25
7368,260,11,3,2026-05-08
7369,697,461,2,2024-12-06
7370,132,422,4,2025-06-08
7371,489,266,5,2024-07-30
7372,76,215,2,2025-07-19
7373,815,369,3,2025-06-06
7374,701,211,2,2026-07-01
7375,249,85,2,2025-08-13
7376,279,486,2,2026-03-19
7377,681,247,1,2026-05-01
7378,934,199,3,2026-04-08
7379,40,269,2,2025-05-27
7380,590,146,2,2025-01-08
7381,62,420,2,2026-06-10
7382,14,42,1,2026-03-03
7383,497,114,3,2024-08-21
7384,974,476,4,2025-10-09
7385,405,429,5,2026-02-22
7386,110,57,5,2025-04-28
7387,968,438,3,2024-09-05
7388,346,185,3,2026-01-15
7389,854,310,5,2025-05-30
7390,958,397,1,2024-10-13
7391,334,17,4,2025-05-30
7392,402,92,2,2025-03-17
7393,789,191,2,2025-06-15
7394,20,293,5,2025-04-09
7395,962,206,3,2025-10-06
7396,466,140,1,2025-03-02
7397,757,19,1,2024-11-07
7398,455,70,3,2026-02-21
7399,300,157,1,2026-03-13
7400,863,118,4,2025-01-19
7401,307,114,2,2024-11-28
7402,222,266,3,2026-02-25
7403,442,243,5,2025-08-06
7404,903,381,1,2026-01-03
7405,407,5,1,2026-04-27
7406,118,482,5,2024-09-07
7407,663,296,1,2026-06-30
7408,624,361,4,2026-03-01
7409,925,361,5,2025-01-10
7410,827,175,1,2024-08-07
7411,433,47,1,2026-06-30
7412,655,94,4,2025-10-25
7413,501,381,5,2025-01-14
7414,218,210,1,2026-01-11
7415,752,464,2,2025-09-04
7416,196,304,2,2025-06-05
7417,784,498,1,2026-06-29
7418,683,33,3,2025-01-11
7419,358,69,3,2025-03-22
7420,570,213,2,2025-12-16
7421,306,12,4,2025-11-09
7422,661,391,1,2025-09-16
7423,673,208,5,2024-09-04
7424,981,180,2,2025-05-02
7425,895,478,3,2025-10-03
7426,703,316,5,2025-04-01
7427,270,446,1,2024-11-13
7428,281,209,3,2025-08-25
7429,42,73,4,2025-03-13
7430,157,229,1,2024-09-27
7431,859,245,1,2025-12-06
7432,775,133,3,2026-03-04
7433,891,384,3,2025-06-06
7434,310,93,4,2026-06-21
7435,667,111,3,2026-06-29
7436,468,461,5,2025-01-27
7437,766,126,5,2025-03-03
7438,898,114,1,2024-12-23
7439,558,59,2,2025-04-02
7440,769,352,2,2026-07-07
7441,112,374,3,2026-04-01
7442,15,495,2,2024-08-03
7443,393,303,4,2024-10-06
7444,522,82,2,2026-03-24
7445,347,461,1,2025-07-08
7446,731,435,2,2026-01-29
7447,420,59,4,2025-09-16
7448,81,281,4,2024-11-01
7449,422,243,1,2025-01-21
7450,289,315,1,2026-04-13
7451,534,85,3,2024-11-24
7452,450,485,4,2026-01-21
7453,678,217,4,2025-02-26
7454,696,207,3,2025-08-28
7455,969,355,4,2025-03-20
7456,838,110,2,2025-05-02
7457,391,291,4,2025-11-28
7458,791,418,4,2024-08-15
7459,619,225,3,2025-09-13
7460,30,19,3,2025-04-27
7461,98,283,5,2025-06-17
7462,357,373,2,2024-08-02
7463,707,301,5,2026-06-14
7464,507,121,5,2025-08-06
7465,219,135,3,2025-09-30
7466,73,406,2,2024-11-09
7467,651,281,2,2024-08-21
7468,252,481,4,2025-02-23
7469,854,304,1,2026-01-23
7470,600,343,3,2024-12-08
7471,752,32,1,2025-08-04
7472,663,457,4,2024-12-26
7473,683,349,3,2025-09-08
7474,689,302,2,2026-07-08
7475,334,296,2,2025-11-21
7476,591,152,5,2024-08-29
7477,114,335,2,2026-03-15
7478,983,465,5,2026-07-18
7479,929,282,1,2025-06-01
7480,377,375,4,2024-12-25
7481,504,54,1,2026-04-04
7482,373,183,4,2026-02-10
7483,619,116,1,2025-07-30
7484,392,51,5,2026-02-27
7485,866,396,4,2026-05-04
7486,438,359,2,2025-01-05
7487,509,463,1,2025-05-06
7488,851,246,4,2024-12-05
7489,761,127,3,2024-10-24
7490,372,385,3,2024-09-27
7491,150,192,5,2025-06-21
7492,592,221,3,2026-01-28
7493,5,243,5,2025-09-06
7494,741,108,4,2025-08-08
7495,740,495,3,2025-11-29
7496,350,329,2,2026-07-17
7497,839,247,3,2024-11-02
7498,243,131,5,2024-11-18
7499,286,238,5,2026-04-14
7500,760,488,5,2025-08-25
7501,223,30,3,2024-12-08
7502,433,203,1,2025-02-07
7503,45,397,4,2026-01-14
7504,83,33,3,2025-04-14
7505,964,488,2,2024-12-12
7506,135,465,5,2024-07-28
7507,139,270,3,2025-03-06
7508,134,383,3,2025-10-19
7509,685,418,4,2025-12-11
7510,39,59,2,2025-12-07
7511,893,172,3,2025-03-12
7512,898,148,4,2025-09-02
7513,373,150,4,2024-12-17
7514,677,397,2,2026-04-14
7515,657,113,1,2025-05-27
7516,661,480,2,2024-09-04
7517,690,462,5,2026-04-09
7518,544,32,3,2026-03-24
7519,493,51,5,2025-03-21
7520,584,243,1,2024-10-18
7521,660,483,5,2025-07-15
7522,318,294,3,2025-01-27
7523,297,156,5,2024-10-28
7524,354,138,5,2024-12-19
7525,382,398,2,2025-11-14
7526,453,222,1,2026-05-15
7527,873,444,3,2026-01-11
7528,918,230,2,2025-04-01
7529,110,406,1,2025-05-28
7530,836,57,5,2024-10-05
7531,205,62,5,2025-10-12
7532,210,107,2,2025-11-02
7533,11,262,4,2024-12-29
7534,916,426,5,2025-08-19
7535,842,49,2,2026-04-24
7536,20,170,5,2026-05-26
7537,237,97,3,2026-01-14
7538,283,468,2,2024-09-21
7539,978,310,2,2024-10-28
7540,711,391,5,2024-12-15
7541,692,174,4,2025-06-11
7542,935,27,1,2025-07-03
7543,176,334,1,2025-12-09
7544,112,213,3,2025-10-11
7545,691,102,2,2025-02-01
7546,366,214,4,2025-04-19
7547,896,115,1,2025-04-13
7548,961,143,5,2025-03-17
7549,88,237,1,2025-01-11
7550,941,244,5,2025-08-23
7551,134,54,2,2026-05-05
7552,824,273,2,2025-01-26
7553,957,417,2,2025-01-09
7554,102,234,2,2026-03-08
7555,853,142,5,2024-09-14
7556,841,372,3,2024-07-25
7557,982,251,1,2024-09-17
7558,912,457,4,2026-07-05
7559,565,34,3,2025-10-14
7560,738,188,5,2025-10-06
7561,370,158,3,2026-03-04
7562,801,424,3,2026-06-24
7563,776,498,1,2025-09-23
7564,989,158,1,2025-07-25
7565,580,52,1,2025-04-20
7566,12,163,1,2025-04-07
7567,990,265,2,2025-02-26
7568,370,280,3,2025-01-04
7569,854,180,1,2025-12-18
7570,539,187,4,2025-11-04
7571,629,166,4,2026-04-17
7572,737,498,5,2024-08-17
7573,884,154,2,2024-09-29
7574,499,464,5,2025-10-12
7575,132,465,5,2026-02-19
7576,566,316,5,2025-11-17
7577,544,88,5,2025-08-19
7578,526,224,2,2024-11-27
7579,786,150,3,2026-06-15
7580,722,220,2,2026-03-30
7581,81,147,5,2025-05-15
7582,257,101,4,2025-08-28
7583,376,9,1,2025-03-31
7584,30,8,5,2024-11-20
7585,701,361,1,2025-04-16
7586,210,283,5,2025-01-13
7587,323,171,4,2025-06-06
7588,507,381,1,2025-08-22
7589,422,362,2,2026-05-13
7590,49,78,5,2025-04-06
7591,824,489,3,2026-05-10
7592,214,113,3,2025-06-30
7593,860,273,4,2026-01-24
7594,169,455,5,2025-11-27
7595,860,46,2,2026-02-12
7596,781,3,3,2024-12-24
7597,92,397,1,2026-05-10
7598,552,220,4,2026-05-16
7599,666,477,4,2025-10-08
7600,27,373,5,2024-10-29
7601,767,262,1,2025-05-12
7602,419,107,2,2025-03-23
7603,443,293,3,2025-06-10
7604,630,374,1,2024-08-24
7605,324,37,3,2025-07-12
7606,22,328,3,2025-01-17
7607,169,310,2,2024-10-07
7608,499,59,4,2026-02-09
7609,586,126,5,2025-09-23
7610,599,197,2,2025-04-07
7611,191,68,3,2025-05-28
7612,115,24,5,2025-07-06
7613,542,196,1,2025-12-15
7614,478,250,2,2025-05-18
7615,824,472,5,2024-10-24
7616,238,212,5,2025-08-28
7617,503,370,4,2025-04-02
7618,992,392,4,2025-09-22
7619,102,283,1,2026-07-05
7620,731,326,5,2024-09-26
7621,908,428,3,2025-01-05
7622,64,387,1,2025-05-29
7623,437,394,2,2024-10-21
7624,855,148,4,2026-02-22
7625,674,257,1,2025-07-25
7626,494,12,5,2025-06-04
7627,176,418,4,2026-01-23
7628,734,320,3,2024-07-29
7629,805,349,3,2024-08-16
7630,882,464,1,2025-08-04
7631,343,457,5,2025-06-16
7632,659,415,4,2026-05-16
7633,701,379,5,2026-04-04
7634,254,275,1,2026-03-18
7635,804,491,1,2026-03-04
7636,260,482,1,2026-02-16
7637,822,324,4,2024-10-15
7638,403,184,5,2024-11-05
7639,956,280,4,2024-07-25
7640,746,220,3,2024-08-30
7641,531,66,1,2026-01-22
7642,29,54,3,2024-12-10
7643,713,346,1,2025-07-16
7644,64,101,1,2025-03-25
7645,25,180,3,2026-03-03
7646,789,63,1,2026-01-14
7647,476,75,4,2026-06-04
7648,327,375,5,2026-04-05
7649,449,466,4,2025-07-04
7650,880,31,1,2026-06-04
7651,809,398,1,2024-07-23
7652,425,65,5,2025-12-02
7653,175,62,4,2025-03-26
7654,831,466,5,2025-06-29
7655,698,297,4,2025-04-25
7656,524,3,1,2025-04-04
7657,355,450,3,2025-03-06
7658,688,344,5,2026-06-16
7659,901,72,3,2025-01-30
7660,910,23,2,2025-10-04
7661,587,263,2,2026-01-19
7662,187,35,4,2025-02-08
7663,970,103,2,2025-03-14
7664,221,157,3,2025-03-12
7665,986,107,1,2025-04-06
7666,269,330,3,2025-02-07
7667,939,116,5,2025-03-20
7668,89,215,1,2026-04-12
7669,636,415,4,2025-04-26
7670,848,59,1,2026-07-20
7671,823,488,2,2025-01-16
7672,505,378,4,2025-12-01
7673,475,476,1,2026-07-02
7674,436,314,5,2025-01-05
7675,457,236,5,2025-12-26
7676,872,375,4,2025-09-30
7677,355,476,2,2026-07-14
7678,131,251,2,2024-08-21
7679,852,163,3,2024-08-21
7680,171,6,1,2025-11-11
7681,460,479,4,2024-12-18
7682,484,215,1,2025-02-28
7683,949,386,1,2025-09-08
7684,512,438,4,2025-12-31
7685,881,259,5,2024-11-13
7686,834,310,5,2025-12-06
7687,253,17,5,2026-01-19
7688,150,365,5,2026-04-30
7689,186,419,3,2025-05-03
7690,393,88,4,2025-01-28
7691,771,401,1,2024-10-05
7692,9,110,3,2024-10-12
7693,960,325,4,2026-02-24
7694,974,232,5,2024-10-16
7695,330,52,2,2024-08-29
7696,967,316,3,2024-11-30
7697,108,290,1,2026-03-30
7698,514,398,2,2026-04-07
7699,640,31,5,2026-02-01
7700,687,229,2,2024-12-14
7701,307,229,2,2025-05-26
7702,380,450,3,2025-06-26
7703,875,230,3,2026-05-13
7704,987,225,4,2025-03-13
7705,774,489,2,2024-10-24
7706,842,286,3,2026-02-25
7707,3,39,1,2025-12-23
7708,862,466,1,2026-04-21
7709,746,465,2,2026-03-01
7710,667,41,2,2026-01-29
7711,509,309,4,2026-05-04
7712,407,128,3,2025-07-29
7713,193,322,5,2024-08-13
7714,394,31,1,2025-08-18
7715,56,309,1,2026-06-11
7716,412,3,5,2025-12-18
7717,949,68,5,2026-07-19
7718,991,268,4,2025-08-28
7719,398,260,4,2026-03-08
7720,95,190,3,2026-01-12
7721,413,199,5,2026-03-22
7722,559,411,5,2025-02-17
7723,807,264,1,2026-06-24
7724,356,287,4,2026-07-01
7725,870,320,4,2025-10-20
7726,308,148,1,2025-01-26
7727,773,496,3,2026-03-28
7728,173,21,1,2024-11-25
7729,970,115,3,2025-04-12
7730,204,151,5,2025-05-07
7731,859,80,3,2024-09-07
7732,423,22,5,2025-11-27
7733,508,305,1,2026-07-20
7734,833,203,5,2024-10-17
7735,73,77,1,2024-07-27
7736,419,18,4,2026-05-31
7737,277,415,2,2025-10-25
7738,721,246,1,2026-05-18
7739,647,377,4,2025-02-09
7740,662,409,4,2025-11-07
7741,330,141,1,2025-08-11
7742,182,498,4,2025-04-12
7743,883,438,5,2025-05-03
7744,67,128,1,2024-10-20
7745,778,141,2,2026-01-09
7746,873,432,4,2026-04-12
7747,860,63,3,2026-07-17
7748,990,58,5,2026-03-22
7749,249,430,2,2025-03-07
7750,117,234,5,2026-04-07
7751,663,305,2,2024-09-30
7752,557,90,2,2025-03-03
7753,38,462,3,2026-01-01
7754,255,263,5,2026-05-24
7755,286,4,2,2026-03-05
7756,101,130,5,2024-10-31
7757,806,437,3,2025-03-25
7758,503,451,5,2024-08-28
7759,66,305,2,2026-03-06
7760,846,90,2,2025-05-26
7761,218,384,5,2024-09-14
7762,182,121,5,2025-10-19
7763,734,408,1,2025-09-26
7764,316,337,4,2025-02-14
7765,223,244,2,2025-06-13
7766,587,240,2,2024-12-22
7767,627,105,4,2024-08-22
7768,984,319,2,2025-11-12
7769,826,128,5,2025-08-30
7770,862,452,1,2025-03-16
7771,274,153,1,2025-08-19
7772,909,313,5,2025-11-24
7773,795,259,5,2024-08-13
7774,869,106,5,2024-11-28
7775,256,232,4,2025-01-05
7776,503,409,5,2025-12-16
7777,517,198,1,2025-07-02
7778,288,57,4,2025-10-30
7779,806,462,5,2026-03-18
7780,345,106,5,2024-09-21
7781,101,219,5,2024-09-10
7782,608,279,1,2026-03-24
7783,735,329,3,2026-07-04
7784,780,110,4,2026-03-23
7785,543,279,1,2025-01-31
7786,525,394,1,2025-02-27
7787,155,310,4,2025-04-01
7788,765,100,5,2026-04-01
7789,785,435,1,2025-01-12
7790,516,470,2,2025-07-13
7791,247,408,5,2026-01-07
7792,826,402,2,2025-11-09
7793,589,312,4,2025-03-31
7794,225,238,1,2025-01-05
7795,87,253,1,2025-05-18
7796,825,384,5,2024-08-20
7797,269,30,5,2026-04-11
7798,978,393,5,2025-03-10
7799,938,13,1,2026-06-15
7800,916,369,4,2025-12-21
7801,609,199,5,2025-07-23
7802,893,205,3,2025-06-01
7803,757,243,3,2026-06-15
7804,598,27,1,2025-01-11
7805,157,310,3,2026-07-20
7806,1,14,1,2025-07-21
7807,942,358,5,2025-01-15
7808,611,316,2,2025-01-14
7809,434,123,4,2025-04-02
7810,810,44,5,2026-07-23
7811,878,430,5,2025-11-22
7812,629,446,5,2025-11-05
7813,21,379,4,2025-01-16
7814,303,100,5,2025-12-13
7815,479,87,2,2025-05-09
7816,788,134,4,2025-03-26
7817,386,355,2,2026-06-15
7818,53,48,3,2025-04-26
7819,162,304,4,2025-01-04
7820,845,246,5,2025-09-03
7821,17,43,2,2024-11-24
7822,925,255,3,2024-08-20
7823,932,159,3,2025-04-21
7824,906,434,4,2025-05-13
7825,183,185,3,2024-12-20
7826,10,87,5,2025-03-23
7827,466,261,5,2026-01-20
7828,69,470,5,2025-01-11
7829,740,1,2,2026-04-10
7830,131,52,4,2025-08-16
7831,911,264,2,2025-05-17
7832,593,37,2,2025-11-23
7833,708,302,4,2024-10-18
7834,251,348,1,2025-02-11
7835,136,435,3,2024-11-09
7836,928,444,1,2026-03-20
7837,94,226,3,2025-11-16
7838,986,33,3,2025-07-11
7839,75,15,5,2026-06-11
7840,807,344,4,2025-02-02
7841,580,215,3,2025-09-21
7842,28,461,4,2025-07-03
7843,757,475,2,2026-01-04
7844,383,308,1,2025-12-15
7845,479,430,2,2024-12-24
7846,857,7,1,2025-06-03
7847,363,91,4,2025-06-19
7848,21,411,2,2026-06-01
7849,230,109,2,2025-07-21
7850,622,7,4,2024-09-03
7851,909,175,2,2025-04-19
7852,353,338,3,2025-10-03
7853,173,280,1,2025-02-12
7854,809,497,3,2025-12-04
7855,848,449,4,2026-07-05
7856,919,347,4,2026-06-22
7857,743,60,1,2026-03-27
7858,562,386,1,2024-08-17
7859,580,289,5,2026-02-11
7860,611,302,5,2026-04-24
7861,493,497,4,2024-09-03
7862,811,392,5,2025-10-24
7863,445,418,2,2026-02-01
7864,469,295,4,2025-06-26
7865,838,195,1,2026-01-28
7866,698,302,1,2025-06-09
7867,869,21,3,2025-09-03
7868,202,200,3,2024-09-28
7869,314,50,4,2026-05-09
7870,970,181,5,2025-12-22
7871,92,354,1,2025-11-07
7872,939,2,3,2025-02-21
7873,424,3,1,2025-04-27
7874,12,370,5,2024-10-18
7875,35,434,5,2025-02-15
7876,268,27,3,2024-12-13
7877,82,110,4,2025-02-28
7878,943,290,3,2025-02-15
7879,653,258,2,2024-09-17
7880,739,232,4,2024-08-13
7881,541,28,5,2025-06-10
7882,919,398,3,2024-10-02
7883,50,120,3,2024-10-27
7884,15,254,3,2025-04-27
7885,731,318,5,2026-03-02
7886,712,17,5,2025-04-06
7887,576,306,3,2025-11-08
7888,779,334,2,2026-06-28
7889,688,380,3,2026-01-10
7890,575,262,2,2024-10-07
7891,94,231,3,2025-07-06
7892,220,200,1,2024-10-03
7893,341,12,3,2025-09-22
7894,442,277,2,2025-10-21
7895,458,20,2,2025-03-10
7896,568,455,2,2024-10-08
7897,342,5,1,2025-06-02
7898,938,171,3,2026-04-08
7899,103,34,5,2025-12-01
7900,212,267,5,2026-04-27
7901,418,16,4,2026-03-05
7902,194,84,5,2024-10-19
7903,192,62,4,2025-02-09
7904,784,229,5,2026-01-15
7905,37,487,3,2025-03-09
7906,40,68,3,2025-12-22
7907,899,496,5,2025-02-27
7908,884,375,3,2026-01-05
7909,844,237,5,2026-07-17
7910,903,337,3,2025-06-13
7911,581,415,2,2024-12-03
7912,135,421,5,2025-08-08
7913,87,354,2,2025-04-02
7914,883,252,3,2024-10-22
7915,24,477,1,2024-09-10
7916,805,455,1,2025-01-12
7917,995,427,2,2025-01-29
7918,284,262,3,2025-12-08
7919,466,454,1,2025-10-16
7920,235,158,5,2024-09-26
7921,356,213,3,2025-05-28
7922,973,88,4,2026-06-15
7923,998,387,2,2024-09-20
7924,407,411,4,2025-04-24
7925,607,141,3,2024-09-07
7926,522,147,5,2025-01-07
7927,138,351,1,2026-07-15
7928,158,467,3,2025-08-15
7929,129,482,2,2025-03-10
7930,871,333,5,2026-02-14
7931,59,100,2,2026-07-01
7932,550,191,5,2025-07-27
7933,529,319,3,2025-10-27
7934,208,250,2,2025-04-09
7935,472,95,5,2025-04-02
7936,96,162,1,2024-09-27
7937,907,460,2,2025-08-26
7938,785,160,2,2026-04-09
7939,885,222,5,2025-06-26
7940,582,11,1,2024-08-18
7941,358,185,4,2025-12-11
7942,858,121,4,2025-03-30
7943,739,320,4,2026-05-21
7944,670,299,2,2024-09-28
7945,65,197,3,2026-03-20
7946,664,440,2,2025-04-03
7947,868,480,1,2026-06-05
7948,994,287,5,2025-05-22
7949,991,322,1,2025-02-01
7950,725,371,5,2025-10-03
7951,871,297,5,2025-06-06
7952,455,473,3,2025-10-09
7953,369,53,1,2026-02-10
7954,375,179,3,2024-11-09
7955,428,309,3,2025-06-30
7956,861,154,4,2026-05-10
7957,617,144,4,2024-11-03
7958,413,427,4,2025-04-25
7959,790,16,5,2025-09-07
7960,557,299,4,2025-07-15
7961,700,410,4,2024-12-11
7962,937,259,5,2025-04-17
7963,918,290,5,2026-04-08
7964,842,182,5,2025-07-10
7965,660,361,1,2025-04-24
7966,187,483,5,2026-05-07
7967,623,143,4,2025-05-03
7968,17,211,3,2025-09-09
7969,609,260,2,2025-09-22
7970,129,236,5,2026-03-26
7971,522,138,4,2025-11-14
7972,709,496,1,2025-09-23
7973,343,401,2,2025-05-08
7974,520,67,3,2025-07-09
7975,57,19,4,2024-09-29
7976,789,137,5,2025-02-10
7977,382,334,2,2025-07-18
7978,94,454,4,2025-09-22
7979,776,257,5,2025-06-17
7980,378,267,4,2025-11-16
7981,290,256,2,2025-06-18
7982,745,398,4,2025-04-20
7983,767,153,3,2024-09-10
7984,660,328,4,2026-04-18
7985,215,358,3,2025-05-23
7986,460,202,2,2026-02-08
7987,77,315,5,2025-06-05
7988,561,390,2,2026-06-16
7989,933,381,1,2025-02-03
7990,184,279,3,2026-07-04
7991,490,274,2,2024-09-10
7992,122,362,2,2025-09-02
7993,962,323,3,2025-01-05
7994,401,360,5,2024-12-29
7995,870,316,5,2025-09-17
7996,832,39,5,2025-10-02
7997,76,369,2,2026-04-26
7998,56,369,4,2025-08-18
7999,810,149,1,2024-09-13
8000,301,365,4,2025-09-01
8001,932,315,5,2026-02-28
8002,609,129,5,2025-12-18
8003,576,233,2,2026-06-16
8004,354,136,1,2025-06-21
8005,138,103,3,2024-08-05
8006,212,278,3,2025-06-04
8007,309,153,5,2026-03-20
8008,826,255,4,2024-11-10
8009,992,448,3,2026-05-08
8010,158,322,4,2026-03-26
8011,310,195,4,2025-01-24
8012,550,273,4,2026-02-09
8013,379,64,5,2026-03-14
8014,472,151,1,2025-06-24
8015,797,56,1,2025-10-11
8016,640,110,4,2025-06-28
8017,760,202,4,2025-11-14
8018,942,239,5,2024-12-13
8019,91,216,3,2025-11-06
8020,48,76,5,2026-03-27
8021,121,143,1,2026-03-12
8022,437,478,4,2025-02-20
8023,474,230,5,2026-02-10
8024,577,23,1,2026-01-22
8025,177,11,4,2026-06-01
8026,35,355,4,2025-08-02
8027,691,165,2,2026-07-22
8028,587,254,1,2024-12-04
8029,170,278,3,2024-09-16
8030,975,3,3,2025-05-12
8031,957,247,2,2025-01-01
8032,623,405,1,2025-03-01
8033,366,425,2,2025-04-20
8034,320,57,1,2026-03-29
8035,773,247,3,2026-06-07
8036,941,463,1,2026-06-28
8037,530,244,4,2024-11-14
8038,339,211,3,2026-06-02
8039,9,69,5,2026-04-04
8040,144,492,4,2026-07-16
8041,888,458,3,2025-09-15
8042,490,72,2,2026-01-21
8043,8,498,4,2025-09-02
8044,280,238,2,2025-02-08
8045,931,367,4,2024-09-18
8046,239,498,5,2024-11-16
8047,323,164,4,2026-04-19
8048,679,446,3,2024-09-23
8049,934,380,3,2025-10-09
8050,252,258,3,2025-09-10
8051,791,284,3,2025-05-16
8052,584,440,2,2024-08-12
8053,239,168,4,2026-04-12
8054,325,368,1,2025-01-24
8055,191,361,1,2025-05-05
8056,821,321,4,2025-09-12
8057,658,139,4,2024-12-07
8058,63,103,3,2026-01-01
8059,436,150,2,2025-04-09
8060,820,297,3,2024-09-04
8061,268,14,1,2025-12-27
8062,79,453,4,2025-03-31
8063,126,393,2,2025-12-01
8064,725,303,1,2025-09-18
8065,476,161,4,2026-05-18
8066,941,395,3,2026-02-18
8067,150,291,3,2025-12-09
8068,402,253,5,2026-06-22
8069,173,327,3,2026-07-18
8070,800,185,5,2025-10-10
8071,141,296,4,2025-10-18
8072,42,169,5,2026-07-05
8073,860,98,3,2024-12-18
8074,712,205,3,2024-09-24
8075,752,432,5,2025-10-31
8076,519,271,1,2024-07-29
8077,399,45,1,2025-01-08
8078,940,130,3,2025-04-05
8079,748,115,1,2025-11-11
8080,351,211,1,2025-02-19
8081,166,101,1,2026-02-06
8082,266,138,3,2025-01-31
8083,260,283,2,2026-04-02
8084,881,309,2,2025-03-08
8085,730,234,1,2024-09-23
8086,605,343,3,2024-09-13
8087,356,101,2,2025-08-28
8088,161,28,4,2025-06-18
8089,327,227,4,2025-08-30
8090,218,59,4,2024-11-18
8091,493,408,3,2025-06-10
8092,804,100,2,2025-06-18
8093,66,159,5,2026-07-06
8094,690,26,4,2026-01-12
8095,815,121,5,2026-02-03
8096,600,13,4,2025-07-01
8097,326,404,1,2026-06-15
8098,554,328,4,2025-12-01
8099,219,178,3,2026-03-22
8100,244,78,5,2026-02-28
8101,109,288,2,2024-11-20
8102,402,347,3,2026-07-16
8103,438,319,5,2025-01-25
8104,305,88,5,2025-08-10
8105,625,433,5,2026-06-08
8106,405,373,2,2025-12-15
8107,776,283,1,2025-08-09
8108,47,187,4,2025-10-26
8109,203,271,3,2026-04-18
8110,316,189,5,2024-10-27
8111,948,440,2,2025-07-12
8112,769,110,2,2025-03-17
8113,563,265,5,2025-07-01
8114,849,50,4,2024-08-25
8115,568,54,5,2025-08-09
8116,197,445,2,2024-10-16
8117,979,229,4,2024-11-22
8118,623,379,1,2026-04-18
8119,603,146,4,2025-04-05
8120,842,74,3,2024-09-03
8121,362,316,3,2024-09-24
8122,146,39,4,2025-03-14
8123,31,393,3,2026-03-25
8124,262,281,5,2025-01-07
8125,948,405,5,2025-02-21
8126,952,462,2,2024-11-09
8127,122,168,2,2026-06-01
8128,408,90,3,2025-01-31
8129,322,292,2,2025-12-20
8130,427,236,1,2025-11-26
8131,93,388,2,2025-04-15
8132,907,41,2,2026-06-06
8133,175,87,3,2026-05-19
8134,834,78,3,2026-04-28
8135,752,451,3,2026-03-31
8136,8,5,4,2026-04-21
8137,685,482,5,2025-12-25
8138,678,127,5,2025-07-09
8139,774,358,5,2026-06-29
8140,271,170,1,2025-05-24
8141,860,173,2,2024-12-04
8142,377,327,5,2024-08-03
8143,676,49,4,2026-05-03
8144,325,340,1,2024-08-26
8145,626,256,4,2024-08-04
8146,470,140,4,2024-07-25
8147,629,183,1,2024-10-07
8148,178,368,4,2025-09-19
8149,410,271,1,2026-05-26
8150,750,68,3,2026-06-19
8151,190,432,4,2025-06-04
8152,338,154,2,2026-04-11
8153,984,240,4,2026-01-09
8154,311,94,3,2026-01-12
8155,143,63,1,2026-02-06
8156,322,334,4,2025-11-10
8157,128,431,1,2026-05-15
8158,661,143,5,2024-12-21
8159,652,366,2,2025-02-03
8160,169,336,2,2025-04-12
8161,336,81,3,2026-01-24
8162,496,285,2,2025-11-12
8163,836,446,3,2025-01-18
8164,248,344,2,2025-04-08
8165,272,451,4,2026-01-18
8166,512,454,1,2026-05-11
8167,297,168,1,2025-12-29
8168,425,277,5,2025-09-16
8169,466,212,5,2026-05-17
8170,996,302,4,2025-06-06
8171,873,104,2,2024-12-25
8172,272,20,4,2025-12-30
8173,917,156,5,2025-02-27
8174,977,281,1,2026-05-18
8175,585,30,2,2024-08-30
8176,877,406,4,2025-02-01
8177,560,330,4,2026-06-20
8178,676,200,3,2026-01-16
8179,337,12,4,2025-03-11
8180,819,258,3,2026-02-21
8181,965,478,4,2025-05-11
8182,833,227,3,2025-05-25
8183,375,421,2,2025-11-09
8184,613,40,1,2025-08-04
8185,745,135,3,2026-05-01
8186,675,387,5,2026-05-05
8187,708,202,1,2024-08-03
8188,923,478,3,2025-08-29
8189,320,183,5,2026-06-18
8190,251,243,4,2025-09-05
8191,90,375,3,2025-07-16
8192,955,385,5,2024-08-18
8193,541,23,4,2024-10-03
8194,926,328,4,2024-08-29
8195,927,310,3,2025-02-19
8196,450,168,5,2025-11-05
8197,447,281,2,2025-10-25
8198,21,368,1,2024-08-06
8199,921,129,3,2024-10-03
8200,493,54,5,2026-01-26
8201,168,390,1,2026-02-03
8202,456,493,1,2025-02-24
8203,73,180,1,2024-08-26
8204,53,300,3,2025-10-09
8205,202,397,1,2026-01-03
8206,882,236,1,2024-09-02
8207,223,30,1,2026-02-04
8208,440,206,3,2025-07-12
8209,379,2,3,2026-05-28
8210,540,365,5,2026-01-26
8211,639,305,2,2025-05-05
8212,133,125,2,2025-05-13
8213,433,279,2,2025-02-06
8214,437,9,4,2025-10-14
8215,854,245,1,2025-11-18
8216,649,437,1,2025-12-13
8217,413,463,5,2025-06-19
8218,120,56,2,2024-10-27
8219,882,444,4,2025-02-21
8220,22,262,1,2025-03-30
8221,858,8,4,2025-05-29
8222,150,286,5,2024-07-29
8223,184,447,3,2024-07-24
8224,919,399,5,2025-05-06
8225,749,404,3,2024-11-27
8226,152,373,2,2024-09-05
8227,712,432,2,2025-09-06
8228,899,184,3,2025-08-10
8229,726,300,5,2024-08-03
8230,670,392,3,2026-06-18
8231,548,223,1,2025-01-18
8232,689,35,3,2024-10-12
8233,523,148,3,2026-07-05
8234,480,371,3,2025-01-16
8235,548,334,5,2025-11-25
8236,547,178,2,2026-01-16
8237,454,389,2,2025-10-11
8238,910,170,5,2024-12-26
8239,620,207,2,2024-07-27
8240,261,141,5,2024-12-27
8241,563,126,3,2025-09-07
8242,959,73,3,2026-07-06
8243,454,354,3,2024-09-06
8244,297,386,1,2026-07-21
8245,911,453,4,2026-05-31
8246,252,183,3,2025-06-27
8247,238,79,3,2024-12-26
8248,857,148,1,2024-07-23
8249,727,222,5,2025-06-26
8250,663,169,3,2025-08-14
8251,5,281,5,2024-10-13
8252,877,452,1,2026-06-29
8253,192,8,5,2024-07-29
8254,823,455,3,2025-07-01
8255,715,369,5,2025-09-01
8256,490,247,1,2025-05-23
8257,828,74,4,2025-01-28
8258,771,415,4,2024-11-13
8259,714,42,1,2024-08-31
8260,124,420,5,2024-09-12
8261,163,493,1,2025-02-18
8262,573,354,1,2026-03-09
8263,407,148,2,2025-12-20
8264,596,3,5,2024-10-18
8265,789,394,1,2025-02-09
8266,974,118,3,2025-03-06
8267,521,51,1,2025-09-30
8268,979,241,4,2025-08-24
8269,79,166,5,2026-05-15
8270,756,26,3,2024-09-22
8271,211,31,1,2025-04-29
8272,387,347,5,2026-03-09
8273,921,25,4,2025-07-13
8274,634,404,2,2026-06-28
8275,805,109,5,2025-10-13
8276,111,378,5,2026-01-03
8277,75,231,1,2024-07-24
8278,504,327,5,2025-11-29
8279,141,241,4,2024-09-27
8280,869,441,4,2025-10-08
8281,520,332,1,2026-02-07
8282,243,150,1,2026-05-18
8283,957,334,1,2025-04-27
8284,752,49,2,2025-05-05
8285,332,100,2,2026-03-06
8286,119,167,3,2025-10-29
8287,608,174,2,2024-10-02
8288,518,191,4,2024-11-13
8289,975,312,4,2026-02-10
8290,1000,47,5,2026-03-05
8291,537,116,1,2026-05-20
8292,435,213,1,2025-02-18
8293,84,497,4,2026-04-01
8294,425,101,2,2025-09-08
8295,744,15,5,2024-08-02
8296,550,215,1,2025-07-11
8297,577,230,5,2026-04-14
8298,112,300,4,2025-01-04
8299,968,460,2,2026-03-07
8300,790,30,2,2024-10-01
8301,917,348,1,2024-09-30
8302,635,77,5,2025-05-31
8303,223,213,1,2025-05-31
8304,370,223,4,2026-04-04
8305,36,478,1,2025-09-08
8306,25,436,4,2025-03-05
8307,104,87,3,2024-08-16
8308,800,488,1,2024-07-25
8309,260,62,1,2026-07-05
8310,540,168,5,2026-07-22
8311,701,400,5,2024-12-25
8312,954,450,5,2026-06-19
8313,64,437,2,2025-05-26
8314,851,212,5,2025-08-01
8315,267,228,5,2025-09-29
8316,183,184,1,2025-01-13
8317,297,22,5,2024-10-10
8318,275,348,5,2026-03-11
8319,808,76,4,2025-09-11
8320,229,458,1,2025-12-03
8321,361,35,2,2026-07-01
8322,421,204,4,2026-06-01
8323,559,309,3,2025-06-18
8324,264,16,1,2025-09-16
8325,762,158,3,2026-05-30
8326,519,148,1,2026-05-10
8327,792,293,3,2024-12-22
8328,568,60,4,2024-08-11
8329,974,147,2,2026-03-07
8330,837,3,4,2026-04-17
8331,674,10,5,2026-03-15
8332,335,455,4,2025-02-18
8333,255,356,5,2025-07-07
8334,836,325,2,2025-07-27
8335,408,137,2,2025-02-06
8336,276,99,5,2025-02-27
8337,749,397,3,2026-06-10
8338,346,427,2,2026-04-17
8339,344,496,4,2026-07-14
8340,632,160,5,2025-12-23
8341,522,413,3,2026-02-22
8342,484,131,3,2026-03-03
8343,803,86,5,2024-12-08
8344,501,107,1,2025-12-15
8345,244,422,1,2025-11-12
8346,43,135,4,2025-06-04
8347,679,288,2,2025-05-02
8348,539,62,4,2025-01-07
8349,605,228,1,2025-12-15
8350,3,281,2,2025-08-30
8351,506,317,3,2025-01-31
8352,596,219,2,2025-07-17
8353,583,371,4,2025-08-04
8354,443,76,4,2026-03-07
8355,172,43,3,2026-05-15
8356,429,131,4,2025-12-06
8357,563,27,3,2025-04-13
8358,994,101,1,2025-02-10
8359,844,294,3,2025-02-17
8360,865,56,4,2026-07-09
8361,366,91,1,2025-09-28
8362,573,32,1,2026-04-13
8363,140,392,3,2025-02-11
8364,730,57,5,2024-08-21
8365,936,2,5,2026-06-20
8366,951,198,5,2025-07-11
8367,689,194,3,2025-03-31
8368,533,12,4,2025-03-26
8369,163,461,5,2025-07-11
8370,91,369,3,2024-08-04
8371,879,479,3,2025-06-22
8372,453,152,5,2025-07-01
8373,95,167,1,2026-01-10
8374,998,86,2,2025-08-10
8375,471,367,2,2025-04-04
8376,868,124,2,2026-01-12
8377,917,373,4,2026-06-22
8378,147,498,1,2025-11-18
8379,799,476,1,2026-01-28
8380,505,250,4,2026-02-15
8381,214,239,1,2024-12-29
8382,744,417,1,2025-07-02
8383,406,27,1,2026-02-09
8384,418,42,4,2025-08-01
8385,186,113,5,2025-03-27
8386,906,19,2,2025-03-31
8387,46,439,3,2025-02-23
8388,836,81,4,2025-04-25
8389,633,376,3,2024-12-31
8390,897,172,2,2026-03-21
8391,664,330,5,2024-10-28
8392,173,160,3,2025-12-28
8393,991,449,3,2025-08-09
8394,945,381,2,2025-11-23
8395,683,28,2,2024-12-30
8396,997,286,2,2025-08-03
8397,530,196,1,2026-01-28
8398,175,481,2,2025-04-13
8399,361,38,1,2025-09-23
8400,647,215,4,2024-10-30
8401,263,378,5,2025-09-09
8402,910,309,3,2026-02-05
8403,96,450,2,2025-01-24
8404,42,110,5,2025-06-24
8405,101,238,4,2026-04-27
8406,642,121,2,2024-11-26
8407,589,84,3,2026-05-22
8408,126,277,1,2025-07-12
8409,610,335,2,2025-08-27
8410,358,451,4,2026-05-29
8411,746,131,3,2026-02-10
8412,499,175,2,2024-11-05
8413,306,230,4,2025-07-21
8414,523,155,2,2024-12-27
8415,81,184,2,2026-04-07
8416,588,362,1,2024-10-09
8417,90,125,4,2024-08-08
8418,718,438,3,2024-09-27
8419,96,459,4,2025-09-08
8420,420,37,1,2025-07-10
8421,687,59,5,2025-03-28
8422,472,279,5,2025-04-20
8423,450,257,3,2026-05-03
8424,376,352,4,2025-07-25
8425,755,191,1,2024-11-03
8426,692,4,1,2025-04-10
8427,542,5,4,2026-03-12
8428,313,41,1,2025-12-25
8429,465,46,2,2024-07-23
8430,292,377,5,2025-07-02
8431,806,90,5,2025-06-09
8432,491,252,2,2025-02-14
8433,453,160,3,2025-12-22
8434,286,293,3,2026-02-17
8435,693,43,5,2024-10-24
8436,833,186,2,2025-02-16
8437,498,118,5,2026-05-19
8438,253,27,2,2025-07-17
8439,916,195,5,2025-08-01
8440,21,455,2,2024-09-30
8441,540,209,5,2024-08-15
8442,838,155,5,2026-01-03
8443,311,348,1,2026-05-24
8444,154,221,5,2026-03-05
8445,507,479,3,2024-09-02
8446,905,277,5,2026-07-02
8447,527,36,3,2025-12-05
8448,561,211,2,2024-12-15
8449,826,336,1,2025-02-08
8450,171,57,2,2026-01-25
8451,591,84,5,2025-06-28
8452,44,317,4,2026-02-17
8453,838,61,3,2026-06-12
8454,855,218,5,2025-02-10
8455,346,353,2,2026-06-08
8456,766,196,1,2025-04-24
8457,218,442,2,2024-11-11
8458,365,343,2,2025-04-27
8459,875,412,4,2025-02-02
8460,988,423,2,2025-01-02
8461,271,30,5,2024-08-02
8462,353,17,3,2025-03-10
8463,926,168,3,2025-10-19
8464,17,133,2,2024-12-27
8465,416,178,2,2026-01-09
8466,713,238,5,2025-01-19
8467,191,292,4,2025-05-15
8468,88,66,3,2025-05-14
8469,364,453,4,2024-11-30
8470,635,444,1,2025-10-15
8471,926,81,2,2025-01-08
8472,58,92,4,2026-03-26
8473,230,105,4,2026-07-11
8474,706,120,5,2024-08-27
8475,305,258,4,2025-02-16
8476,370,357,2,2025-06-11
8477,401,373,2,2024-08-22
8478,120,127,4,2024-10-01
8479,36,222,3,2025-11-03
8480,585,19,1,2024-11-10
8481,389,60,2,2026-04-12
8482,415,230,2,2025-07-13
8483,376,470,5,2025-10-22
8484,663,174,2,2024-12-13
8485,607,10,5,2024-11-04
8486,347,222,4,2025-01-23
8487,608,203,1,2026-07-03
8488,73,193,2,2025-06-27
8489,420,304,2,2025-04-01
8490,828,395,2,2026-04-08
8491,121,183,5,2025-05-10
8492,627,400,5,2026-06-22
8493,871,272,2,2025-12-16
8494,836,256,1,2025-03-24
8495,787,83,3,2025-07-13
8496,569,245,4,2025-11-26
8497,997,198,3,2025-06-20
8498,333,365,5,2024-11-02
8499,42,149,4,2025-11-23
8500,891,387,2,2025-10-27
8501,931,408,1,2025-08-08
8502,269,218,3,2025-06-30
8503,677,460,2,2025-10-10
8504,473,364,5,2026-01-12
8505,695,447,4,2025-09-18
8506,96,174,5,2025-08-05
8507,61,323,5,2024-12-08
8508,528,214,3,2024-10-08
8509,498,245,4,2026-02-24
8510,819,126,4,2025-10-05
8511,628,104,4,2024-11-21
8512,522,392,2,2025-08-04
8513,395,19,4,2025-05-21
8514,609,231,1,2025-10-01
8515,545,377,1,2025-09-06
8516,577,80,2,2025-04-21
8517,994,341,2,2025-11-26
8518,596,154,2,2026-07-05
8519,717,414,5,2026-01-21
8520,994,116,2,2025-09-08
8521,278,193,3,2024-12-28
8522,312,387,5,2025-10-24
8523,380,271,2,2026-06-30
8524,168,460,1,2026-04-10
8525,312,267,4,2026-06-10
8526,497,402,4,2025-07-13
8527,533,21,4,2025-02-02
8528,874,34,5,2025-07-18
8529,254,110,4,2025-08-28
8530,615,216,2,2024-09-18
8531,380,413,1,2026-07-17
8532,843,499,1,2024-11-18
8533,411,144,4,2024-12-27
8534,440,467,3,2026-07-03
8535,428,69,3,2025-08-20
8536,998,213,3,2024-09-29
8537,862,51,4,2025-02-07
8538,562,219,5,2025-06-21
8539,318,370,1,2024-10-21
8540,509,97,2,2026-05-12
8541,978,127,4,2025-06-05
8542,919,134,3,2024-10-30
8543,973,151,3,2025-10-13
8544,780,483,2,2026-03-21
8545,996,211,2,2024-08-30
8546,645,311,3,2024-10-20
8547,435,425,3,2026-05-04
8548,264,438,5,2026-05-03
8549,54,126,3,2025-09-29
8550,148,74,2,2025-07-17
8551,581,258,2,2025-02-25
8552,980,393,2,2024-07-25
8553,26,412,1,2025-08-25
8554,272,381,5,2025-10-28
8555,381,341,3,2026-05-08
8556,578,323,3,2024-08-06
8557,121,81,1,2025-02-09
8558,600,301,2,2024-10-16
8559,461,25,5,2026-01-24
8560,933,471,5,2025-03-19
8561,612,460,1,2026-03-29
8562,191,108,3,2025-08-19
8563,452,232,5,2026-07-20
8564,158,359,4,2025-07-31
8565,173,443,5,2025-10-05
8566,234,384,1,2024-07-23
8567,460,457,5,2025-06-25
8568,754,65,4,2025-02-05
8569,936,460,3,2025-06-16
8570,749,127,5,2026-04-29
8571,229,78,3,2026-02-02
8572,223,52,4,2026-04-07
8573,501,97,2,2025-05-15
8574,738,485,1,2024-10-26
8575,556,91,4,2026-07-23
8576,839,108,3,2026-07-06
8577,286,202,1,2026-02-14
8578,707,223,5,2025-07-09
8579,958,139,5,2024-12-20
8580,857,181,2,2026-01-26
8581,505,460,4,2026-02-10
8582,27,341,2,2024-09-03
8583,797,120,1,2026-07-11
8584,788,420,5,2025-04-26
8585,106,424,3,2025-11-22
8586,980,435,1,2025-10-31
8587,318,70,4,2026-06-17
8588,397,139,1,2025-01-09
8589,368,318,3,2025-03-28
8590,966,262,5,2026-01-26
8591,351,481,5,2024-11-18
8592,14,154,4,2026-06-13
8593,944,23,3,2024-11-27
8594,960,117,3,2026-03-28
8595,785,361,5,2025-08-01
8596,876,168,1,2026-03-02
8597,29,267,3,2025-05-09
8598,841,266,2,2024-11-04
8599,111,263,2,2024-09-16
8600,696,299,2,2025-09-22
8601,494,72,3,2026-03-07
8602,503,5,3,2025-11-22
8603,345,345,3,2025-08-03
8604,910,232,5,2026-05-21
8605,777,493,1,2024-12-08
8606,461,66,3,2026-01-23
8607,174,371,2,2026-04-03
8608,151,478,1,2025-10-05
8609,391,134,2,2025-07-11
8610,540,386,3,2025-09-20
8611,888,341,4,2026-05-18
8612,262,384,1,2026-04-03
8613,60,37,2,2026-03-14
8614,81,318,1,2025-04-12
8615,513,149,3,2025-10-04
8616,161,209,1,2024-12-09
8617,734,463,1,2025-06-22
8618,397,500,1,2024-09-02
8619,166,299,2,2026-04-28
8620,373,422,3,2026-02-17
8621,414,173,1,2025-01-21
8622,129,72,1,2025-03-20
8623,669,285,5,2025-12-10
8624,336,221,4,2025-11-01
8625,963,486,1,2026-05-31
8626,78,52,5,2024-10-01
8627,216,259,5,2026-03-18
8628,649,48,2,2026-05-31
8629,387,132,1,2024-10-11
8630,956,261,3,2024-10-06
8631,74,83,1,2025-04-27
8632,672,124,1,2025-01-30
8633,739,202,1,2025-04-26
8634,84,419,5,2024-10-19
8635,614,396,3,2025-07-20
8636,551,230,4,2024-11-14
8637,63,172,5,2025-07-04
8638,978,84,1,2026-05-04
8639,182,31,1,2025-04-12
8640,38,164,4,2025-03-15
8641,549,133,4,2026-04-22
8642,809,183,2,2025-01-29
8643,289,396,3,2026-01-02
8644,726,93,4,2025-12-09
8645,722,364,4,2026-04-15
8646,479,252,2,2024-08-22
8647,369,113,2,2025-03-09
8648,496,366,1,2025-12-02
8649,688,291,4,2024-11-19
8650,847,142,4,2026-03-02
8651,523,150,3,2026-01-11
8652,499,6,4,2024-09-16
8653,418,364,3,2024-08-12
8654,558,355,2,2025-05-28
8655,605,103,5,2025-12-01
8656,394,61,1,2026-03-16
8657,733,26,2,2025-03-29
8658,653,2,4,2025-05-06
8659,169,289,3,2025-02-02
8660,181,71,4,2024-09-30
8661,188,390,5,2025-07-26
8662,508,65,5,2025-05-12
8663,423,94,5,2025-04-25
8664,533,282,2,2026-05-11
8665,268,147,1,2025-04-15
8666,671,131,1,2025-08-31
8667,84,330,1,2026-06-13
8668,369,93,3,2024-10-02
8669,569,246,2,2024-09-07
8670,714,455,2,2024-10-12
8671,284,83,3,2024-11-15
8672,41,327,1,2025-10-28
8673,628,20,4,2024-12-27
8674,680,112,4,2025-01-28
8675,192,257,4,2026-05-14
8676,794,242,1,2025-05-31
8677,514,416,4,2024-07-29
8678,867,5,1,2025-10-23
8679,187,43,1,2026-07-02
8680,171,106,5,2024-08-14
8681,739,352,5,2025-06-05
8682,652,333,2,2026-07-17
8683,176,308,4,2024-11-12
8684,718,488,3,2026-06-28
8685,712,49,2,2025-02-22
8686,32,69,5,2024-10-01
8687,930,433,2,2025-08-25
8688,744,485,5,2026-02-24
8689,170,164,4,2025-08-05
8690,599,315,3,2026-06-29
8691,214,260,5,2025-11-25
8692,690,453,1,2025-05-16
8693,281,29,5,2025-12-04
8694,641,414,3,2025-10-18
8695,675,256,1,2024-09-30
8696,903,76,2,2025-02-21
8697,777,38,2,2024-11-16
8698,57,21,2,2025-01-22
8699,568,55,1,2026-04-29
8700,467,238,4,2025-10-31
8701,787,367,3,2024-10-23
8702,418,62,3,2025-01-29
8703,383,329,1,2025-05-30
8704,78,290,1,2025-05-26
8705,862,234,1,2024-09-23
8706,94,425,1,2026-04-20
8707,524,287,3,2024-08-10
8708,707,456,2,2025-03-26
8709,75,15,2,2026-05-06
8710,496,498,3,2025-06-30
8711,278,11,4,2026-02-22
8712,434,158,5,2026-02-19
8713,779,381,4,2026-05-24
8714,30,69,1,2025-10-30
8715,7,6,2,2025-07-08
8716,487,213,5,2026-06-08
8717,658,267,1,2025-10-25
8718,463,284,2,2025-08-31
8719,136,172,3,2025-12-04
8720,175,125,4,2024-08-07
8721,441,303,1,2025-09-19
8722,764,189,5,2025-03-03
8723,579,403,4,2026-03-25
8724,905,345,1,2025-02-25
8725,575,485,5,2026-04-18
8726,788,114,4,2025-01-05
8727,435,107,5,2025-05-30
8728,740,180,4,2025-07-22
8729,671,102,2,2024-11-01
8730,729,276,4,2024-08-17
8731,740,251,1,2026-07-14
8732,643,311,3,2024-08-31
8733,766,230,5,2025-01-02
8734,976,422,2,2024-12-27
8735,392,123,4,2026-03-07
8736,129,173,1,2024-12-03
8737,493,435,2,2025-04-02
8738,54,460,5,2025-02-03
8739,613,328,5,2024-08-06
8740,895,473,5,2025-07-30
8741,297,442,1,2025-04-14
8742,300,317,4,2024-12-16
8743,70,491,1,2025-01-20
8744,652,368,5,2024-11-28
8745,801,51,5,2025-01-09
8746,589,203,4,2024-09-24
8747,658,250,1,2025-05-10
8748,131,353,4,2025-05-05
8749,980,273,5,2024-10-28
8750,544,138,4,2024-10-01
8751,470,207,5,2025-10-19
8752,899,433,4,2025-06-24
8753,764,11,2,2024-09-19
8754,628,285,3,2025-08-28
8755,150,34,1,2025-04-25
8756,763,487,2,2026-04-04
8757,957,73,4,2024-12-10
8758,462,499,2,2025-10-02
8759,756,90,1,2026-03-22
8760,65,164,4,2025-01-15
8761,76,126,3,2026-03-13
8762,957,410,4,2025-03-28
8763,230,47,2,2026-05-03
8764,894,497,4,2025-08-27
8765,772,456,5,2026-01-11
8766,589,178,1,2025-12-15
8767,385,303,2,2024-10-02
8768,500,101,3,2026-05-06
8769,377,27,4,2024-10-28
8770,739,497,4,2025-07-24
8771,314,129,2,2025-04-12
8772,545,330,5,2025-08-14
8773,710,320,4,2025-06-01
8774,524,424,5,2025-02-12
8775,440,47,4,2025-07-15
8776,223,38,4,2024-10-19
8777,703,136,5,2024-08-26
8778,552,7,1,2025-04-14
8779,20,228,3,2026-02-25
8780,934,351,2,2026-04-24
8781,325,488,2,2025-01-13
8782,457,109,3,2026-05-20
8783,506,241,3,2026-03-05
8784,588,139,2,2025-06-10
8785,9,486,4,2025-01-28
8786,186,314,5,2024-12-16
8787,702,154,2,2024-08-30
8788,251,60,1,2024-08-24
8789,885,318,1,2026-03-17
8790,205,427,4,2026-04-23
8791,345,365,5,2026-01-29
8792,358,294,3,2026-07-15
8793,972,124,5,2026-02-08
8794,605,269,5,2024-12-01
8795,310,176,4,2025-01-09
8796,689,48,4,2024-12-14
8797,699,26,3,2025-07-27
8798,13,472,3,2026-03-15
8799,187,222,5,2025-06-20
8800,93,490,2,2024-08-08
8801,114,14,2,2025-03-09
8802,924,53,3,2024-10-25
8803,718,378,4,2025-11-27
8804,894,416,2,2024-09-14
8805,604,363,4,2026-06-23
8806,651,158,4,2026-06-28
8807,928,74,2,2025-05-08
8808,337,445,3,2025-11-03
8809,825,448,1,2024-08-16
8810,134,108,5,2026-01-28
8811,753,48,3,2025-09-25
8812,820,156,4,2025-06-05
8813,371,332,3,2025-07-11
8814,564,125,5,2024-08-25
8815,459,482,4,2026-03-21
8816,589,267,1,2025-10-05
8817,961,159,2,2026-04-27
8818,765,412,5,2026-07-11
8819,664,296,5,2025-08-13
8820,906,413,3,2025-09-14
8821,865,166,2,2025-04-21
8822,705,373,5,2026-05-27
8823,525,477,3,2024-10-12
8824,41,126,1,2026-02-09
8825,547,24,5,2024-09-09
8826,673,224,1,2025-01-01
8827,11,62,2,2026-03-21
8828,54,205,4,2025-11-06
8829,970,222,1,2026-01-27
8830,746,164,3,2025-09-19
8831,930,9,2,2024-12-19
8832,940,12,5,2025-06-13
8833,127,38,1,2025-07-30
8834,595,254,5,2026-05-15
8835,184,435,5,2025-12-31
8836,63,285,3,2025-04-04
8837,420,11,4,2025-01-24
8838,857,155,2,2025-04-27
8839,708,402,5,2025-05-07
8840,658,217,1,2025-04-17
8841,947,145,2,2025-10-29
8842,140,91,1,2025-08-29
8843,742,442,4,2024-11-06
8844,790,292,4,2025-11-02
8845,60,165,1,2025-01-27
8846,271,409,5,2025-03-06
8847,754,499,2,2024-08-06
8848,980,388,3,2026-03-05
8849,576,75,4,2025-09-29
8850,665,315,2,2025-09-03
8851,726,82,1,2025-11-06
8852,867,292,1,2025-03-11
8853,514,321,5,2025-01-12
8854,85,221,5,2024-12-04
8855,730,333,5,2024-11-01
8856,67,131,1,2025-11-26
8857,720,218,5,2026-05-26
8858,408,460,3,2026-03-09
8859,418,410,5,2025-06-04
8860,571,36,1,2025-05-27
8861,49,351,1,2025-09-27
8862,49,250,4,2025-12-03
8863,809,498,1,2025-12-14
8864,727,97,1,2024-10-11
8865,100,260,2,2025-09-04
8866,869,469,3,2025-02-26
8867,370,215,3,2025-03-03
8868,191,248,1,2024-12-19
8869,235,167,4,2025-10-14
8870,677,410,2,2025-11-06
8871,721,13,4,2026-02-10
8872,598,417,2,2025-04-13
8873,614,89,4,2026-07-17
8874,664,224,1,2025-06-13
8875,328,412,2,2025-08-07
8876,882,203,5,2026-03-30
8877,443,83,4,2025-03-17
8878,64,152,1,2025-03-15
8879,668,139,4,2025-12-08
8880,111,214,2,2025-07-12
8881,661,343,5,2026-05-10
8882,945,195,1,2024-08-01
8883,289,420,2,2026-06-17
8884,611,74,2,2026-01-12
8885,152,33,3,2025-02-19
8886,336,4,5,2025-08-24
8887,617,356,3,2026-03-05
8888,623,274,5,2025-08-26
8889,986,67,3,2026-02-17
8890,925,462,5,2024-11-22
8891,511,71,5,2026-01-12
8892,662,294,5,2024-09-07
8893,734,228,2,2026-01-16
8894,399,209,5,2025-09-10
8895,252,174,4,2025-12-30
8896,371,124,2,2025-05-11
8897,344,331,2,2026-05-30
8898,121,248,2,2025-09-14
8899,44,89,5,2025-08-07
8900,377,62,1,2025-02-23
8901,776,203,4,2025-08-17
8902,662,408,2,2025-03-14
8903,970,132,5,2025-05-12
8904,352,402,2,2025-04-03
8905,331,212,3,2025-02-09
8906,409,484,1,2024-12-16
8907,805,500,4,2025-10-17
8908,274,154,2,2026-04-04
8909,534,235,5,2026-06-06
8910,265,359,4,2025-11-03
8911,977,163,4,2024-11-14
8912,586,322,4,2025-05-25
8913,916,128,2,2026-01-25
8914,603,115,4,2026-04-24
8915,858,491,5,2024-12-01
8916,661,343,3,2024-12-24
8917,627,476,1,2026-05-29
8918,501,2,3,2024-08-08
8919,758,333,1,2025-03-07
8920,675,316,1,2024-08-17
8921,489,260,4,2025-05-18
8922,551,289,2,2024-11-04
8923,633,392,2,2026-07-03
8924,960,59,3,2024-12-02
8925,379,303,1,2025-06-01
8926,312,254,3,2025-01-16
8927,313,135,3,2026-02-07
8928,887,411,2,2026-04-05
8929,745,55,4,2026-03-24
8930,593,204,4,2024-08-24
8931,743,59,4,2026-01-04
8932,469,54,5,2025-12-25
8933,519,295,4,2025-07-02
8934,909,138,3,2026-04-02
8935,841,387,2,2026-01-04
8936,364,353,4,2025-06-17
8937,738,104,4,2024-11-24
8938,273,18,2,2026-07-04
8939,728,485,4,2026-02-10
8940,31,329,3,2024-08-01
8941,387,92,2,2026-07-08
8942,989,379,2,2025-12-25
8943,253,108,5,2025-04-15
8944,404,411,2,2026-07-03
8945,155,413,4,2026-07-10
8946,891,213,1,2025-06-15
8947,883,185,2,2025-08-10
8948,468,266,2,2024-09-25
8949,821,123,5,2026-05-18
8950,872,154,1,2025-04-17
8951,347,471,2,2024-11-17
8952,41,85,3,2025-01-22
8953,92,45,3,2026-01-07
8954,384,212,5,2026-03-03
8955,384,407,4,2026-01-14
8956,133,237,1,2024-12-24
8957,355,390,2,2025-08-06
8958,290,202,4,2025-08-07
8959,830,462,4,2026-05-13
8960,770,429,2,2025-04-26
8961,940,401,5,2026-06-09
8962,872,124,4,2025-06-18
8963,858,481,3,2025-03-16
8964,636,412,2,2025-05-22
8965,817,257,1,2025-12-16
8966,698,341,3,2026-05-06
8967,73,134,2,2025-11-03
8968,971,282,5,2025-06-09
8969,691,446,3,2026-01-01
8970,604,74,3,2024-11-17
8971,469,494,3,2024-09-02
8972,558,441,3,2025-08-29
8973,206,316,5,2025-09-05
8974,174,324,3,2025-06-09
8975,529,475,5,2025-04-06
8976,268,91,5,2025-01-01
8977,983,226,3,2025-05-17
8978,806,451,3,2026-04-22
8979,737,211,3,2026-01-13
8980,349,331,3,2025-09-04
8981,462,196,4,2025-07-05
8982,760,137,4,2025-11-10
8983,178,66,4,2026-02-02
8984,636,476,1,2025-05-12
8985,196,140,2,2025-09-13
8986,135,500,3,2025-08-10
8987,852,341,1,2025-11-26
8988,241,398,2,2025-03-08
8989,336,459,3,2024-12-05
8990,504,2,4,2024-11-30
8991,227,290,1,2024-10-03
8992,388,2,1,2026-01-07
8993,191,131,3,2025-03-12
8994,890,38,3,2025-01-03
8995,854,138,1,2025-12-29
8996,275,37,5,2025-06-22
8997,215,142,3,2025-07-03
8998,447,59,2,2025-06-07
8999,734,207,5,2025-10-18
9000,992,253,2,2026-03-07
9001,486,295,5,2025-06-22
9002,187,195,5,2025-04-15
9003,504,353,5,2024-12-04
9004,33,16,3,2025-06-10
9005,271,64,5,2025-06-22
9006,749,468,3,2026-02-09
9007,900,89,4,2025-05-23
9008,890,3,4,2025-09-25
9009,58,180,5,2025-02-01
9010,693,83,4,2025-04-20
9011,190,51,4,2025-07-10
9012,97,135,3,2025-08-21
9013,42,294,3,2026-04-08
9014,781,164,3,2025-11-17
9015,334,211,2,2024-10-23
9016,72,218,4,2025-07-26
9017,852,332,1,2026-06-07
9018,434,468,4,2025-03-10
9019,581,83,3,2026-06-02
9020,608,67,3,2025-02-01
9021,929,102,4,2026-03-30
9022,179,150,4,2025-07-03
9023,290,453,3,2024-09-23
9024,978,356,3,2025-06-11
9025,514,121,2,2025-08-22
9026,784,250,1,2026-03-28
9027,533,137,1,2024-08-19
9028,405,100,2,2025-04-24
9029,771,380,5,2026-02-17
9030,279,102,5,2025-08-16
9031,823,8,2,2026-03-12
9032,322,134,5,2025-01-01
9033,943,231,5,2025-11-15
9034,295,297,4,2025-03-06
9035,516,31,5,2024-11-15
9036,338,8,5,2025-02-03
9037,936,78,4,2026-04-12
9038,697,273,3,2025-02-04
9039,944,491,2,2026-03-07
9040,796,337,4,2024-08-18
9041,918,382,5,2026-05-12
9042,729,63,5,2025-12-28
9043,469,387,3,2026-06-11
9044,271,427,4,2025-09-05
9045,272,472,4,2025-02-15
9046,832,286,1,2025-10-29
9047,200,107,3,2025-06-11
9048,750,476,4,2025-05-06
9049,216,464,5,2024-10-23
9050,710,68,1,2024-09-28
9051,263,235,1,2025-04-23
9052,637,81,2,2025-01-09
9053,205,37,2,2025-09-28
9054,779,296,4,2026-04-28
9055,27,341,2,2025-06-14
9056,912,219,2,2026-01-06
9057,429,30,5,2025-01-26
9058,868,490,3,2025-12-22
9059,525,408,2,2025-03-02
9060,95,194,5,2025-06-01
9061,229,248,3,2026-01-31
9062,91,200,3,2025-03-05
9063,184,344,1,2026-04-25
9064,623,230,3,2025-09-13
9065,284,449,3,2025-04-21
9066,843,387,5,2025-08-14
9067,161,361,5,2024-10-03
9068,920,292,1,2025-11-02
9069,49,490,5,2025-01-18
9070,719,324,1,2024-12-27
9071,52,258,2,2024-12-04
9072,996,291,2,2025-05-08
9073,77,31,4,2025-02-26
9074,844,136,4,2025-10-24
9075,881,417,1,2026-02-20
9076,327,415,3,2025-06-11
9077,547,154,4,2025-09-19
9078,636,327,1,2026-06-05
9079,810,124,1,2024-08-01
9080,606,429,5,2024-11-02
9081,867,471,2,2025-12-10
9082,890,240,5,2025-02-25
9083,171,296,4,2024-10-08
9084,756,189,1,2024-08-24
9085,447,287,5,2024-09-20
9086,476,84,5,2025-02-26
9087,237,187,4,2026-06-01
9088,714,312,2,2026-05-05
9089,150,119,5,2025-12-10
9090,288,355,5,2025-09-10
9091,137,148,3,2025-10-19
9092,932,219,3,2024-09-25
9093,490,273,4,2024-10-02
9094,25,435,1,2025-02-06
9095,876,226,2,2025-10-16
9096,205,48,1,2026-07-04
9097,971,488,3,2025-01-22
9098,827,85,3,2025-10-31
9099,543,290,3,2024-10-22
9100,571,304,3,2024-09-14
9101,854,338,3,2026-04-14
9102,335,380,4,2025-08-08
9103,804,184,4,2024-12-24
9104,11,174,3,2025-06-03
9105,332,58,1,2025-05-20
9106,364,477,5,2024-11-18
9107,940,5,5,2026-03-03
9108,515,222,4,2025-03-05
9109,555,136,1,2026-03-02
9110,260,2,1,2026-03-14
9111,511,6,3,2026-05-05
9112,121,234,5,2025-04-04
9113,596,153,5,2024-12-18
9114,800,406,4,2024-10-25
9115,776,401,2,2025-09-29
9116,340,176,2,2025-05-16
9117,688,38,5,2026-04-05
9118,674,344,3,2026-03-02
9119,571,70,4,2025-02-10
9120,491,366,1,2026-03-07
9121,371,73,3,2026-03-20
9122,840,267,4,2025-10-14
9123,928,55,3,2025-07-23
9124,201,125,3,2026-03-04
9125,286,8,3,2025-05-30
9126,860,391,1,2025-03-18
9127,662,124,3,2025-12-17
9128,552,55,5,2025-10-11
9129,75,377,2,2025-11-03
9130,407,267,2,2025-07-11
9131,498,17,2,2025-08-11
9132,627,217,3,2025-11-01
9133,95,23,1,2025-02-27
9134,737,261,1,2024-11-27
9135,697,212,4,2026-02-12
9136,315,332,5,2024-08-02
9137,91,499,1,2025-11-13
9138,749,141,1,2025-06-20
9139,750,328,4,2024-08-10
9140,602,235,1,2026-06-02
9141,889,69,2,2025-12-10
9142,300,291,4,2025-03-18
9143,468,338,5,2026-01-07
9144,966,168,4,2026-02-04
9145,91,212,2,2024-12-01
9146,420,315,5,2025-02-04
9147,723,342,4,2025-04-13
9148,807,460,1,2025-11-11
9149,120,228,3,2025-07-03
9150,526,44,4,2024-11-30
9151,992,141,3,2024-11-30
9152,130,144,4,2025-11-01
9153,873,100,5,2025-05-30
9154,46,376,4,2025-10-13
9155,374,212,4,2026-07-18
9156,297,491,1,2025-12-27
9157,327,2,2,2024-09-15
9158,776,402,2,2026-07-01
9159,742,221,4,2024-10-12
9160,317,244,5,2025-09-27
9161,852,88,5,2025-06-02
9162,577,299,1,2026-03-08
9163,931,437,5,2026-07-21
9164,34,499,1,2026-07-07
9165,649,401,2,2024-09-17
9166,340,132,1,2025-03-05
9167,892,429,3,2026-02-13
9168,884,434,2,2025-06-24
9169,682,389,5,2025-10-18
9170,249,163,5,2026-06-12
9171,614,291,1,2025-04-20
9172,143,460,5,2026-03-11
9173,92,83,1,2024-10-13
9174,146,136,1,2025-10-04
9175,71,184,2,2025-11-21
9176,514,398,3,2025-06-18
9177,241,236,5,2025-12-13
9178,591,469,3,2025-09-17
9179,723,412,4,2026-01-15
9180,927,155,3,2025-03-16
9181,199,220,5,2025-02-20
9182,291,12,5,2026-01-16
9183,292,479,3,2025-02-23
9184,296,294,1,2025-04-23
9185,709,236,5,2025-12-03
9186,418,293,4,2025-07-31
9187,541,126,5,2025-10-08
9188,185,383,5,2025-07-09
9189,141,200,2,2026-07-13
9190,662,260,1,2026-07-18
9191,307,496,5,2025-02-02
9192,769,74,3,2026-05-12
9193,224,2,2,2025-04-22
9194,743,137,5,2025-10-05
9195,320,52,3,2026-03-10
9196,623,160,2,2025-12-05
9197,643,272,2,2025-02-10
9198,497,122,5,2026-05-12
9199,491,331,5,2025-08-20
9200,643,266,4,2026-06-14
9201,159,402,3,2025-04-01
9202,718,459,1,2026-02-16
9203,747,78,3,2024-08-03
9204,755,225,5,2025-04-27
9205,163,96,4,2025-04-23
9206,341,45,1,2025-11-12
9207,104,400,5,2024-08-25
9208,609,172,2,2025-06-12
9209,753,134,1,2026-03-18
9210,973,123,1,2025-01-16
9211,631,181,5,2025-04-18
9212,40,409,1,2024-12-26
9213,27,333,4,2024-11-14
9214,691,175,4,2025-01-29
9215,785,459,1,2024-09-21
9216,678,216,4,2026-02-25
9217,571,126,5,2025-05-06
9218,497,185,4,2024-11-27
9219,896,397,1,2025-04-13
9220,352,243,1,2025-11-14
9221,806,126,5,2026-06-08
9222,813,360,4,2024-08-19
9223,187,285,4,2024-11-04
9224,612,437,3,2026-02-11
9225,283,313,4,2025-12-03
9226,139,146,3,2024-10-15
9227,904,353,4,2025-04-01
9228,542,471,3,2025-07-23
9229,873,97,4,2026-06-21
9230,604,108,5,2026-01-13
9231,331,114,1,2024-10-04
9232,40,99,2,2026-06-25
9233,398,88,2,2026-05-12
9234,330,364,5,2025-04-18
9235,397,473,4,2025-07-04
9236,971,249,5,2025-04-15
9237,329,191,1,2024-11-25
9238,478,394,3,2025-05-24
9239,786,318,3,2025-09-08
9240,688,72,2,2026-02-12
9241,997,442,1,2024-09-30
9242,398,97,5,2026-06-03
9243,405,151,5,2025-07-02
9244,135,209,1,2026-04-28
9245,187,340,5,2026-06-18
9246,370,162,5,2025-02-19
9247,493,171,4,2025-11-28
9248,723,400,3,2026-01-05
9249,601,134,1,2025-07-20
9250,434,448,5,2024-09-08
9251,619,153,5,2025-01-20
9252,75,7,3,2026-04-06
9253,120,362,4,2025-08-07
9254,390,35,2,2026-02-28
9255,782,496,5,2024-07-27
9256,640,345,1,2025-10-02
9257,999,212,5,2025-08-03
9258,185,428,1,2024-10-02
9259,263,219,5,2026-05-06
9260,865,286,2,2024-08-16
9261,943,186,4,2025-06-10
9262,462,13,4,2025-06-15
9263,474,383,4,2025-08-19
9264,576,71,5,2025-02-04
9265,435,81,2,2024-11-13
9266,649,336,4,2024-12-04
9267,798,32,1,2025-07-22
9268,236,169,1,2024-10-29
9269,92,259,2,2025-05-05
9270,652,382,5,2025-12-08
9271,828,262,5,2026-06-07
9272,351,341,4,2025-06-02
9273,382,337,1,2026-06-28
9274,218,199,3,2026-05-21
9275,458,174,5,2025-07-04
9276,977,45,4,2025-03-09
9277,714,223,1,2026-04-30
9278,472,150,2,2025-07-11
9279,271,94,3,2025-04-29
9280,305,495,2,2026-04-01
9281,163,152,5,2024-10-25
9282,186,290,4,2025-09-05
9283,857,31,4,2024-07-23
9284,507,367,5,2025-10-20
9285,141,174,5,2026-04-02
9286,177,78,4,2026-04-24
9287,541,208,4,2025-12-09
9288,128,484,3,2026-02-10
9289,298,457,1,2024-09-09
9290,690,275,4,2025-03-24
9291,931,307,2,2026-03-27
9292,560,27,4,2025-01-18
9293,874,369,1,2026-04-07
9294,538,59,3,2026-03-29
9295,388,92,3,2025-07-30
9296,69,152,4,2026-01-13
9297,169,442,5,2026-05-30
9298,195,315,4,2024-09-01
9299,226,120,3,2025-07-29
9300,80,345,3,2025-04-17
9301,417,180,4,2025-03-15
9302,11,79,3,2025-03-14
9303,627,33,4,2026-07-13
9304,455,340,1,2026-02-03
9305,925,48,2,2025-07-06
9306,703,314,1,2025-03-04
9307,34,458,3,2025-02-08
9308,897,491,4,2025-10-04
9309,730,410,1,2024-12-27
9310,456,46,4,2025-02-25
9311,40,194,2,2025-10-26
9312,126,139,3,2026-01-10
9313,634,293,4,2025-12-02
9314,13,91,2,2025-07-19
9315,314,402,4,2024-07-23
9316,879,453,1,2025-03-23
9317,834,63,5,2025-12-30
9318,677,345,5,2025-07-31
9319,34,478,5,2026-04-15
9320,546,435,2,2026-02-24
9321,557,497,5,2026-01-21
9322,938,402,4,2025-05-29
9323,320,137,5,2025-06-12
9324,12,170,4,2024-09-29
9325,570,106,5,2024-12-23
9326,577,403,4,2026-06-03
9327,713,124,4,2025-01-08
9328,448,385,4,2026-04-02
9329,55,172,4,2024-09-30
9330,708,85,4,2026-01-22
9331,470,58,2,2026-05-04
9332,578,25,3,2025-01-02
9333,224,214,3,2025-04-20
9334,276,275,4,2026-06-12
9335,832,78,3,2026-01-14
9336,21,465,1,2026-07-11
9337,824,125,5,2026-01-22
9338,267,195,4,2025-04-01
9339,685,192,4,2025-06-14
9340,469,78,3,2026-05-24
9341,542,306,1,2025-02-06
9342,475,335,4,2026-07-22
9343,849,160,3,2026-05-04
9344,193,417,3,2025-09-06
9345,100,117,5,2024-08-30
9346,979,281,4,2026-04-19
9347,643,491,3,2026-01-05
9348,175,453,5,2026-05-05
9349,652,20,2,2026-05-20
9350,546,174,5,2026-04-17
9351,990,297,1,2024-10-01
9352,801,258,5,2025-08-30
9353,143,398,1,2025-04-09
9354,904,108,4,2026-03-30
9355,231,429,1,2024-12-13
9356,961,395,3,2025-02-13
9357,189,309,3,2026-04-07
9358,493,124,2,2026-04-12
9359,313,139,3,2025-10-03
9360,960,198,1,2024-12-15
9361,209,465,3,2026-03-30
9362,582,314,1,2026-05-04
9363,424,381,4,2026-02-21
9364,232,498,5,2025-07-29
9365,699,109,3,2025-07-12
9366,470,262,4,2025-04-09
9367,354,330,1,2026-06-09
9368,840,102,4,2024-12-14
9369,127,292,4,2024-11-30
9370,914,51,1,2025-03-25
9371,762,172,2,2024-11-11
9372,475,292,4,2025-10-17
9373,538,436,3,2025-10-23
9374,796,477,4,2024-08-29
9375,713,22,3,2024-10-21
9376,651,210,1,2026-02-28
9377,916,48,5,2025-07-18
9378,957,198,5,2024-12-03
9379,872,59,2,2025-07-24
9380,219,405,3,2026-05-07
9381,345,494,5,2026-01-16
9382,938,270,4,2025-02-02
9383,49,369,4,2025-09-08
9384,454,440,2,2025-12-29
9385,649,3,2,2025-09-30
9386,937,383,3,2024-12-17
9387,721,493,5,2026-04-30
9388,451,15,2,2026-06-18
9389,642,112,3,2026-03-27
9390,624,435,1,2025-07-03
9391,72,450,5,2025-10-04
9392,805,165,5,2024-09-03
9393,294,180,1,2026-06-16
9394,158,86,3,2025-10-27
9395,462,360,2,2026-06-22
9396,287,449,5,2026-02-25
9397,961,110,5,2025-05-05
9398,516,264,2,2026-06-20
9399,88,253,1,2026-01-10
9400,349,19,2,2025-05-30
9401,691,84,5,2026-02-20
9402,757,141,5,2025-04-09
9403,268,430,2,2025-01-02
9404,975,491,2,2024-12-07
9405,839,358,5,2026-02-17
9406,884,177,3,2024-11-29
9407,71,134,3,2025-07-15
9408,837,199,2,2026-05-13
9409,719,26,4,2024-08-25
9410,647,446,4,2025-01-29
9411,398,430,3,2025-10-10
9412,132,416,1,2025-05-02
9413,8,75,3,2025-11-05
9414,650,223,1,2025-12-16
9415,30,341,2,2026-02-07
9416,863,207,3,2024-08-19
9417,832,86,2,2025-08-19
9418,733,156,2,2024-11-05
9419,184,198,1,2024-08-06
9420,744,39,2,2025-04-02
9421,896,174,2,2024-12-16
9422,784,313,2,2025-02-24
9423,895,236,2,2025-03-26
9424,108,460,3,2026-01-02
9425,186,320,2,2024-11-19
9426,324,481,3,2024-09-30
9427,449,160,3,2025-12-09
9428,755,439,2,2025-12-19
9429,909,98,3,2024-08-23
9430,210,236,4,2026-05-14
9431,376,358,5,2024-12-15
9432,286,298,4,2025-07-30
9433,161,59,1,2025-03-18
9434,682,145,2,2025-03-26
9435,184,176,4,2024-08-06
9436,263,425,4,2026-03-18
9437,975,81,4,2026-02-17
9438,978,474,1,2026-06-07
9439,951,336,1,2026-06-14
9440,229,313,5,2026-06-13
9441,378,371,5,2024-09-28
9442,870,197,1,2026-06-15
9443,977,331,1,2026-01-25
9444,714,294,2,2026-05-24
9445,543,264,4,2026-04-13
9446,766,135,4,2025-07-08
9447,933,173,3,2025-05-16
9448,214,170,1,2025-01-26
9449,88,306,3,2024-10-15
9450,160,473,2,2024-10-26
9451,235,346,5,2024-12-12
9452,712,44,1,2024-07-30
9453,404,396,3,2025-08-10
9454,760,395,2,2024-10-07
9455,536,494,2,2026-05-26
9456,878,242,2,2025-06-26
9457,663,89,1,2024-11-08
9458,359,2,4,2025-07-07
9459,34,205,5,2024-11-08
9460,88,113,4,2025-11-25
9461,176,88,3,2024-11-13
9462,331,80,4,2025-11-22
9463,274,97,1,2026-05-05
9464,230,200,3,2025-04-07
9465,298,55,1,2024-10-21
9466,407,390,4,2025-12-10
9467,744,65,3,2025-05-10
9468,961,399,1,2025-10-18
9469,600,335,3,2025-12-14
9470,877,184,5,2025-06-14
9471,668,65,1,2024-12-25
9472,602,154,2,2025-07-05
9473,778,406,5,2025-11-21
9474,514,135,3,2024-11-22
9475,686,285,2,2025-03-16
9476,501,212,3,2026-03-21
9477,400,216,1,2025-03-07
9478,715,398,2,2025-09-20
9479,636,234,4,2026-05-24
9480,823,148,4,2026-05-19
9481,155,60,3,2025-04-09
9482,891,266,3,2024-09-10
9483,620,62,1,2025-11-19
9484,211,436,5,2025-12-16
9485,512,262,4,2025-01-03
9486,782,406,3,2025-01-09
9487,825,222,1,2025-03-20
9488,959,294,3,2024-10-25
9489,201,332,5,2026-03-09
9490,378,36,2,2025-04-11
9491,891,101,4,2024-11-07
9492,157,462,2,2026-05-12
9493,676,4,5,2026-02-24
9494,629,246,3,2025-10-22
9495,517,302,3,2025-11-17
9496,245,171,5,2025-12-11
9497,896,134,4,2024-10-22
9498,357,404,1,2024-11-23
9499,844,290,1,2025-11-01
9500,3,314,5,2024-11-15
9501,97,146,4,2025-08-09
9502,858,68,1,2025-04-22
9503,294,294,5,2025-05-08
9504,788,344,4,2025-05-28
9505,403,326,2,2024-12-24
9506,729,96,1,2024-12-09
9507,424,435,2,2025-01-24
9508,226,210,3,2026-04-24
9509,418,121,2,2024-11-14
9510,85,364,4,2026-05-11
9511,131,441,4,2025-01-08
9512,918,312,2,2024-10-31
9513,264,151,3,2025-07-26
9514,616,231,1,2026-03-19
9515,570,369,3,2026-07-03
9516,329,106,3,2025-07-04
9517,819,418,4,2026-05-07
9518,621,236,5,2024-10-01
9519,377,100,4,2025-01-30
9520,1000,277,5,2025-07-28
9521,496,131,4,2025-12-03
9522,902,27,4,2024-10-03
9523,378,235,1,2025-12-14
9524,3,365,2,2026-01-25
9525,546,333,4,2025-01-07
9526,143,40,2,2024-12-29
9527,539,118,4,2024-12-04
9528,881,439,4,2026-07-05
9529,67,325,3,2025-11-17
9530,808,342,5,2026-05-16
9531,7,351,3,2025-04-08
9532,111,136,3,2026-03-27
9533,873,76,4,2025-12-01
9534,883,324,4,2026-02-15
9535,978,430,5,2025-04-02
9536,891,285,5,2025-06-25
9537,647,114,3,2026-01-07
9538,279,346,1,2024-09-13
9539,68,31,2,2025-02-03
9540,760,432,1,2024-09-19
9541,587,163,2,2025-01-08
9542,717,71,5,2024-09-08
9543,801,358,5,2025-01-30
9544,395,491,1,2024-08-26
9545,189,119,2,2025-06-03
9546,528,485,5,2025-06-14
9547,2,376,3,2024-09-13
9548,252,211,1,2025-08-02
9549,689,157,4,2026-04-18
9550,959,443,2,2025-03-30
9551,670,30,1,2025-11-25
9552,938,27,4,2025-10-13
9553,61,306,5,2025-01-22
9554,648,432,5,2025-05-09
9555,565,230,3,2024-09-28
9556,260,211,4,2026-05-30
9557,680,483,4,2025-08-21
9558,837,228,2,2024-08-10
9559,690,404,5,2025-06-16
9560,886,269,5,2025-12-27
9561,618,220,1,2025-12-21
9562,315,389,1,2025-04-10
9563,900,397,3,2025-08-20
9564,337,77,5,2025-02-21
9565,543,268,1,2026-06-19
9566,328,154,5,2026-05-28
9567,887,269,4,2024-12-12
9568,981,401,1,2026-04-09
9569,734,261,5,2024-09-02
9570,225,315,2,2025-04-29
9571,170,198,5,2026-03-08
9572,242,436,1,2025-01-13
9573,908,464,3,2024-10-07
9574,296,497,5,2025-03-03
9575,330,50,3,2024-09-27
9576,128,251,4,2025-02-17
9577,185,104,2,2024-07-23
9578,95,431,5,2026-05-11
9579,989,151,3,2024-08-13
9580,92,117,2,2025-02-22
9581,921,445,1,2024-08-21
9582,832,193,1,2024-09-19
9583,620,458,4,2024-09-03
9584,329,42,1,2026-04-16
9585,601,341,2,2024-10-14
9586,414,11,1,2025-10-20
9587,562,51,1,2024-08-28
9588,151,203,3,2026-04-01
9589,499,484,2,2025-10-14
9590,878,357,4,2026-07-09
9591,824,499,4,2025-03-12
9592,935,323,1,2025-02-05
9593,735,260,5,2026-05-18
9594,357,164,1,2024-09-09
9595,785,310,4,2026-04-15
9596,35,206,5,2026-06-26
9597,958,220,4,2025-01-30
9598,24,302,1,2024-10-30
9599,550,380,1,2025-07-19
9600,129,463,2,2025-02-15
9601,180,260,4,2025-01-04
9602,128,166,5,2025-09-06
9603,873,423,5,2026-03-08
9604,737,31,2,2024-11-17
9605,288,168,5,2026-01-27
9606,20,205,4,2024-09-02
9607,685,17,3,2026-07-21
9608,229,365,2,2025-08-02
9609,208,229,2,2024-09-07
9610,726,147,5,2025-02-19
9611,626,421,4,2024-11-14
9612,14,456,4,2024-08-03
9613,968,281,3,2026-02-16
9614,125,322,5,2026-07-10
9615,792,185,1,2026-05-21
9616,478,289,5,2025-03-30
9617,920,484,5,2026-02-02
9618,872,86,4,2026-02-24
9619,828,38,4,2026-03-15
9620,713,293,2,2025-02-05
9621,809,147,5,2026-03-18
9622,605,253,4,2024-12-25
9623,382,312,4,2026-03-24
9624,765,177,4,2025-06-02
9625,292,209,3,2025-05-09
9626,770,108,5,2026-04-27
9627,234,473,1,2025-06-13
9628,275,455,1,2025-12-28
9629,372,266,2,2025-08-10
9630,975,496,1,2025-01-17
9631,154,466,5,2026-07-09
9632,366,51,2,2025-08-11
9633,183,256,5,2025-03-01
9634,914,458,2,2024-12-30
9635,738,479,4,2025-09-02
9636,230,246,5,2025-04-27
9637,55,179,4,2025-03-24
9638,10,379,2,2024-11-22
9639,168,208,2,2024-09-07
9640,559,71,3,2026-07-21
9641,498,345,3,2026-03-06
9642,49,236,5,2025-08-14
9643,48,233,1,2025-03-20
9644,809,1,2,2024-12-14
9645,718,418,2,2024-11-17
9646,491,165,5,2026-03-12
9647,27,374,1,2026-07-20
9648,690,489,4,2026-02-19
9649,596,208,5,2024-08-20
9650,232,487,3,2024-08-02
9651,459,325,1,2025-03-13
9652,81,174,2,2026-01-28
9653,565,54,3,2024-09-01
9654,315,23,3,2025-04-05
9655,931,242,5,2026-07-22
9656,842,464,4,2025-03-13
9657,373,241,2,2025-03-26
9658,671,408,2,2025-01-18
9659,96,209,3,2024-12-11
9660,317,21,2,2024-12-13
9661,86,98,1,2025-03-29
9662,747,3,1,2026-01-05
9663,913,87,5,2025-04-01
9664,653,268,4,2025-03-10
9665,658,86,5,2025-01-20
9666,231,484,4,2025-03-02
9667,170,51,3,2025-09-30
9668,901,459,4,2025-11-08
9669,514,160,3,2025-03-01
9670,707,215,4,2025-10-27
9671,550,93,3,2025-06-28
9672,766,50,3,2026-07-08
9673,973,189,4,2024-10-05
9674,900,122,3,2025-06-17
9675,1000,75,3,2025-09-26
9676,602,354,3,2024-12-29
9677,119,264,3,2026-06-26
9678,559,116,5,2025-04-25
9679,300,73,1,2025-05-10
9680,860,359,2,2024-09-28
9681,707,120,1,2026-05-24
9682,951,249,4,2025-08-03
9683,187,93,1,2026-02-16
9684,182,109,1,2025-01-25
9685,129,449,5,2025-04-04
9686,617,47,3,2026-04-03
9687,590,285,1,2024-07-25
9688,438,353,2,2024-11-20
9689,513,56,1,2024-11-13
9690,2,206,4,2024-10-19
9691,602,4,1,2026-03-15
9692,893,212,2,2025-02-17
9693,875,202,5,2025-02-16
9694,795,498,3,2025-08-04
9695,600,119,3,2025-10-27
9696,728,416,1,2025-07-09
9697,146,133,5,2025-10-13
9698,55,14,1,2025-01-31
9699,564,268,2,2026-07-10
9700,882,353,4,2024-09-27
9701,867,183,5,2025-09-20
9702,464,82,1,2026-04-06
9703,365,337,1,2025-12-10
9704,547,348,4,2026-01-23
9705,688,77,1,2025-12-21
9706,887,355,1,2024-10-05
9707,905,407,5,2025-11-19
9708,649,187,2,2026-02-28
9709,589,471,2,2024-10-11
9710,152,264,2,2026-04-19
9711,957,412,2,2025-05-02
9712,590,176,3,2025-10-03
9713,860,300,4,2025-10-04
9714,809,142,2,2026-07-15
9715,694,463,3,2025-01-16
9716,281,27,3,2025-08-15
9717,520,120,1,2024-10-23
9718,825,308,1,2025-07-04
9719,433,8,3,2026-06-23
9720,944,50,5,2025-09-05
9721,612,499,4,2026-02-27
9722,282,50,4,2025-11-15
9723,917,471,4,2026-06-13
9724,839,55,3,2025-05-31
9725,119,122,4,2024-08-09
9726,56,448,1,2025-08-15
9727,527,229,1,2024-09-28
9728,34,446,5,2025-01-30
9729,433,390,2,2026-06-24
9730,729,238,4,2025-06-16
9731,828,484,4,2025-09-01
9732,954,18,5,2025-05-04
9733,614,56,1,2025-11-08
9734,481,120,3,2025-05-23
9735,53,449,3,2025-06-20
9736,882,500,4,2025-05-09
9737,974,314,3,2024-11-07
9738,809,357,2,2025-09-05
9739,63,176,3,2025-10-12
9740,842,55,5,2025-01-30
9741,410,384,4,2025-04-03
9742,750,264,5,2025-12-17
9743,780,82,2,2026-03-06
9744,778,476,4,2025-10-02
9745,932,419,2,2025-07-24
9746,914,131,4,2024-10-28
9747,271,421,5,2024-11-25
9748,103,356,5,2025-08-12
9749,679,302,1,2025-05-13
9750,474,397,4,2025-05-10
9751,376,399,5,2026-03-03
9752,293,184,3,2024-09-11
9753,534,97,1,2026-04-08
9754,543,301,1,2026-02-03
9755,765,66,4,2026-02-20
9756,903,37,3,2026-03-12
9757,315,123,1,2024-10-30
9758,435,485,4,2026-04-28
9759,45,442,1,2024-08-24
9760,67,425,1,2025-01-07
9761,380,230,1,2025-09-10
9762,465,497,2,2026-01-16
9763,835,316,1,2024-09-09
9764,699,167,2,2025-03-18
9765,805,323,3,2025-02-09
9766,475,219,5,2025-06-26
9767,636,499,5,2026-02-03
9768,894,498,4,2024-08-28
9769,705,444,2,2024-09-02
9770,405,340,5,2025-12-17
9771,764,338,3,2026-04-02
9772,903,98,5,2025-01-13
9773,853,158,4,2025-12-15
9774,287,91,4,2026-05-09
9775,1,492,4,2025-03-31
9776,960,136,5,2026-05-19
9777,663,413,1,2024-09-30
9778,874,81,4,2025-03-12
9779,401,161,3,2025-07-06
9780,419,355,1,2025-10-07
9781,486,115,4,2024-11-02
9782,161,245,2,2024-10-29
9783,632,290,2,2026-03-23
9784,725,67,2,2024-12-25
9785,391,111,4,2025-04-10
9786,835,490,3,2025-02-27
9787,757,212,3,2025-02-05
9788,11,257,4,2024-11-27
9789,192,229,2,2024-08-19
9790,860,148,4,2025-09-25
9791,224,433,4,2026-02-15
9792,197,132,2,2025-03-17
9793,671,441,3,2026-05-20
9794,436,10,5,2025-11-09
9795,868,195,5,2025-12-22
9796,13,56,3,2026-05-02
9797,13,387,1,2024-09-22
9798,456,246,4,2026-01-20
9799,31,334,1,2026-06-23
9800,602,159,1,2024-12-04
9801,782,469,3,2025-03-05
9802,838,81,4,2026-04-26
9803,777,20,3,2026-07-04
9804,187,94,3,2024-10-18
9805,350,231,3,2025-12-08
9806,711,151,5,2025-02-07
9807,492,51,3,2024-09-20
9808,998,216,3,2025-10-29
9809,128,127,4,2025-10-04
9810,900,400,2,2025-03-10
9811,905,216,5,2025-05-02
9812,837,110,5,2024-11-23
9813,430,27,1,2026-05-15
9814,381,194,4,2025-09-09
9815,597,142,1,2024-07-31
9816,318,130,4,2025-12-19
9817,719,456,2,2024-10-14
9818,950,375,1,2026-05-23
9819,800,214,5,2026-06-17
9820,127,283,4,2026-01-14
9821,78,478,2,2025-10-26
9822,461,449,1,2025-06-22
9823,968,48,4,2025-07-06
9824,467,487,3,2026-05-31
9825,148,105,1,2024-12-08
9826,344,164,2,2025-12-08
9827,67,172,2,2025-01-06
9828,106,331,5,2026-07-19
9829,302,333,1,2025-12-12
9830,704,230,2,2026-07-05
9831,702,421,5,2025-09-30
9832,418,210,5,2025-10-13
9833,286,38,3,2025-12-09
9834,168,168,2,2025-04-07
9835,428,368,2,2025-05-12
9836,527,246,2,2025-06-03
9837,413,58,4,2025-02-28
9838,939,214,5,2025-06-15
9839,973,346,5,2024-09-09
9840,201,40,3,2025-11-11
9841,638,103,1,2026-05-09
9842,814,112,5,2025-09-22
9843,593,129,5,2025-05-13
9844,230,66,2,2026-04-06
9845,94,241,1,2025-08-12
9846,113,355,4,2025-01-02
9847,190,426,5,2026-06-06
9848,802,296,5,2026-05-25
9849,1000,313,5,2026-02-10
9850,618,284,1,2025-09-12
9851,610,82,3,2025-04-24
9852,495,392,1,2024-09-02
9853,496,161,3,2024-10-12
9854,813,315,2,2025-05-17
9855,161,381,5,2025-02-27
9856,396,122,3,2026-07-21
9857,745,165,4,2025-09-16
9858,796,479,1,2026-03-28
9859,762,198,2,2026-07-03
9860,669,394,5,2025-11-25
9861,902,306,2,2025-11-20
9862,135,278,4,2025-03-14
9863,269,155,3,2024-09-23
9864,791,144,4,2024-10-27
9865,811,328,3,2025-12-30
9866,85,91,5,2025-10-31
9867,300,105,5,2024-11-30
9868,585,474,4,2024-11-13
9869,193,249,4,2024-07-25
9870,796,53,3,2025-10-23
9871,578,91,3,2025-03-14
9872,201,89,5,2025-09-12
9873,619,446,4,2026-01-19
9874,389,317,5,2025-06-28
9875,480,180,1,2025-04-01
9876,61,2,3,2024-10-19
9877,869,252,5,2025-07-13
9878,730,64,4,2024-07-24
9879,800,26,4,2025-09-06
9880,567,438,3,2025-05-23
9881,113,324,3,2026-01-21
9882,554,346,2,2025-01-03
9883,573,429,1,2025-07-26
9884,343,61,2,2025-10-26
9885,222,226,3,2026-07-12
9886,72,155,3,2026-07-20
9887,662,39,5,2026-06-14
9888,503,48,4,2026-01-19
9889,145,331,3,2025-10-19
9890,521,108,1,2025-08-28
9891,786,139,3,2024-10-15
9892,398,104,2,2026-03-12
9893,990,114,2,2025-10-10
9894,335,236,5,2026-06-26
9895,187,287,1,2026-01-01
9896,603,27,5,2025-05-26
9897,342,381,5,2025-07-13
9898,264,10,4,2025-10-09
9899,262,493,5,2026-04-19
9900,327,99,2,2025-07-26
9901,223,55,4,2025-09-20
9902,796,148,1,2025-05-11
9903,319,179,4,2026-07-12
9904,299,9,4,2025-07-06
9905,573,128,3,2026-02-07
9906,414,231,5,2025-05-19
9907,346,218,4,2026-02-25
9908,837,373,3,2024-12-22
9909,448,47,2,2026-02-14
9910,808,236,3,2025-11-23
9911,474,296,2,2026-02-12
9912,748,135,5,2024-07-31
9913,653,124,4,2025-07-30
9914,482,50,2,2025-03-26
9915,552,153,2,2024-08-07
9916,678,246,1,2024-09-27
9917,172,101,4,2025-04-01
9918,160,295,2,2024-09-09
9919,335,415,2,2025-12-23
9920,505,403,1,2025-12-08
9921,689,119,5,2026-05-10
9922,849,51,2,2024-09-01
9923,839,164,3,2025-04-21
9924,318,232,5,2024-09-18
9925,498,309,2,2025-11-07
9926,676,411,5,2025-08-28
9927,780,373,1,2025-10-14
9928,703,341,4,2025-06-20
9929,912,332,3,2026-02-01
9930,575,439,4,2026-07-22
9931,479,406,4,2025-09-11
9932,275,11,3,2025-03-11
9933,765,152,2,2026-06-26
9934,789,449,3,2025-09-20
9935,167,71,3,2026-04-26
9936,754,281,1,2025-06-20
9937,440,381,4,2026-06-19
9938,622,371,4,2025-10-08
9939,870,247,4,2025-09-26
9940,650,469,5,2025-04-18
9941,840,242,2,2025-11-08
9942,750,31,5,2025-05-07
9943,16,180,3,2025-03-25
9944,9,200,3,2024-10-19
9945,114,478,5,2025-10-20
9946,706,89,3,2026-01-26
9947,789,238,2,2024-10-11
9948,897,420,4,2024-12-02
9949,760,482,3,2025-11-20
9950,247,491,5,2024-10-16
9951,378,454,1,2024-12-29
9952,996,264,1,2026-01-30
9953,600,411,2,2025-05-23
9954,358,326,1,2025-06-27
9955,182,371,3,2025-04-28
9956,9,17,4,2025-12-25
9957,963,51,4,2025-05-17
9958,85,425,2,2026-06-25
9959,956,40,1,2024-12-07
9960,521,259,4,2026-01-31
9961,623,288,2,2025-04-08
9962,244,223,4,2024-11-18
9963,595,361,5,2025-01-09
9964,668,465,4,2025-06-06
9965,110,429,4,2025-05-30
9966,270,198,2,2025-12-06
9967,879,175,1,2024-10-04
9968,563,482,4,2026-02-27
9969,329,430,5,2026-03-19
9970,877,481,4,2024-08-31
9971,98,211,1,2026-04-18
9972,824,366,3,2026-04-16
9973,230,130,3,2025-03-19
9974,559,385,5,2026-07-21
9975,889,372,3,2025-07-12
9976,186,120,1,2024-11-28
9977,715,66,3,2025-03-12
9978,965,269,4,2025-04-25
9979,470,363,2,2025-08-29
9980,832,454,4,2025-12-19
9981,776,314,3,2025-10-20
9982,665,59,3,2025-07-23
9983,185,455,2,2024-08-16
9984,421,343,3,2025-06-02
9985,73,402,2,2025-07-07
9986,858,88,5,2025-09-18
9987,592,279,5,2025-01-28
9988,527,440,3,2024-10-17
9989,680,368,5,2025-01-03
9990,750,92,4,2025-03-15
9991,343,365,1,2025-08-02
9992,416,194,1,2025-06-08
9993,598,139,3,2025-08-31
9994,81,412,1,2024-11-09
9995,640,369,5,2025-09-24
9996,240,484,5,2025-05-23
9997,526,20,3,2026-04-17
9998,207,258,3,2026-04-25
9999,909,462,4,2026-04-10
10000,231,345,3,2025-12-29
10001,107,228,3,2025-08-25
10002,512,465,1,2024-07-28
10003,624,458,4,2025-10-02
10004,222,100,3,2025-06-01
10005,881,289,3,2024-11-24
10006,437,299,2,2025-05-20
10007,274,168,4,2025-01-09
10008,94,283,2,2024-12-18
10009,349,400,3,2026-06-08
10010,335,180,5,2026-01-08
10011,553,166,3,2025-07-09
10012,617,418,3,2024-09-27
10013,943,450,4,2026-05-26
10014,816,420,1,2024-12-05
10015,945,208,3,2026-03-20
10016,134,272,1,2025-10-11
10017,272,396,5,2026-02-01
10018,677,54,3,2025-02-27
10019,682,404,5,2025-09-19
10020,883,276,4,2025-04-06
10021,109,194,2,2026-06-27
10022,932,307,3,2024-12-26
10023,495,225,2,2025-12-26
10024,283,322,2,2024-08-27
10025,57,332,1,2024-12-30
10026,996,414,3,2026-07-17
10027,119,201,3,2024-11-21
10028,697,73,3,2025-12-09
10029,977,308,3,2024-11-13
10030,573,139,1,2025-04-13
10031,479,84,3,2025-05-15
10032,201,332,2,2025-01-16
10033,152,382,4,2024-10-12
10034,790,433,3,2025-07-29
10035,950,14,4,2025-05-08
10036,677,298,4,2026-02-06
10037,564,487,5,2024-10-16
10038,385,446,2,2025-04-02
10039,848,263,1,2026-05-13
10040,963,96,3,2024-08-28
10041,893,484,3,2025-10-25
10042,56,377,4,2026-07-15
10043,562,230,5,2025-01-28
10044,776,271,3,2024-10-17
10045,346,252,3,2024-11-17
10046,718,230,3,2026-05-16
10047,831,191,5,2025-03-09
10048,603,407,2,2025-03-23
10049,302,364,4,2025-05-18
10050,117,181,4,2024-09-22
10051,920,158,5,2024-10-21
10052,201,466,5,2026-05-28
10053,822,299,4,2024-10-11
10054,625,83,1,2024-11-18
10055,180,314,5,2026-06-21
10056,878,469,5,2025-08-27
10057,834,314,5,2026-06-16
10058,5,16,1,2026-06-20
10059,152,382,4,2024-09-08
10060,891,219,3,2024-12-21
10061,176,285,2,2025-01-28
10062,297,314,3,2025-01-09
10063,88,177,4,2025-10-14
10064,416,237,5,2025-08-10
10065,282,175,5,2026-05-25
10066,760,480,3,2025-06-12
10067,363,203,1,2024-07-24
10068,426,82,4,2025-06-11
10069,83,357,4,2026-01-29
10070,217,113,5,2024-11-14
10071,393,314,5,2025-10-15
10072,455,272,1,2026-02-15
10073,283,339,1,2025-08-06
10074,388,41,5,2025-08-01
10075,104,193,2,2025-09-14
10076,923,261,1,2024-09-13
10077,177,244,1,2026-01-20
10078,825,79,1,2025-07-05
10079,161,249,1,2024-11-14
10080,462,496,5,2025-11-02
10081,252,153,2,2025-07-03
10082,722,477,2,2026-05-23
10083,86,238,4,2026-04-02
10084,695,438,5,2026-02-18
10085,959,271,2,2026-04-03
10086,438,60,4,2025-10-06
10087,786,245,1,2025-08-16
10088,759,88,2,2024-11-29
10089,355,236,2,2025-05-14
10090,702,444,4,2025-04-07
10091,89,289,2,2024-09-05
10092,441,172,1,2025-10-21
10093,677,420,2,2024-10-06
10094,530,384,4,2025-09-09
10095,189,198,5,2025-05-20
10096,896,205,4,2025-01-04
10097,626,297,1,2025-09-15
10098,503,364,2,2025-12-23
10099,940,304,2,2025-04-18
10100,836,244,1,2025-04-12
10101,123,442,1,2024-08-22
10102,509,395,4,2025-01-10
10103,16,317,5,2025-02-20
10104,863,97,5,2026-03-25
10105,596,270,2,2024-12-11
10106,843,288,5,2025-07-04
10107,761,271,2,2026-06-07
10108,383,209,4,2025-11-27
10109,710,108,5,2024-10-02
10110,791,467,3,2025-12-09
10111,305,283,3,2024-09-05
10112,10,260,1,2025-06-22
10113,902,226,1,2024-09-07
10114,832,80,2,2025-08-21
10115,840,181,5,2025-01-21
10116,36,329,2,2026-03-02
10117,267,500,3,2024-11-08
10118,954,266,3,2026-03-12
10119,973,435,2,2025-01-28
10120,830,333,1,2026-07-16
10121,405,29,1,2026-05-10
10122,124,13,5,2025-11-09
10123,652,480,1,2025-01-15
10124,115,321,5,2025-02-19
10125,921,305,5,2026-06-21
10126,594,264,3,2024-11-01
10127,799,420,5,2025-10-17
10128,463,291,4,2024-12-13
10129,319,484,1,2025-01-15
10130,117,433,3,2024-12-24
10131,898,330,3,2025-02-24
10132,139,458,4,2026-05-22
10133,189,420,3,2026-02-23
10134,504,443,4,2025-08-01
10135,327,92,3,2024-10-12
10136,986,95,3,2026-01-31
10137,453,345,1,2025-06-10
10138,540,237,3,2025-04-26
10139,320,17,3,2026-04-05
10140,20,225,5,2026-05-08
10141,200,373,4,2024-09-15
10142,958,91,2,2025-01-19
10143,530,309,5,2024-12-17
10144,619,314,1,2025-11-07
10145,519,125,1,2025-06-22
10146,156,367,2,2025-11-18
10147,791,427,3,2026-07-22
10148,601,178,1,2024-10-05
10149,219,299,1,2025-03-15
10150,794,4,2,2024-09-20
10151,839,149,4,2026-04-06
10152,494,496,2,2025-08-30
10153,866,308,5,2025-06-27
10154,808,419,3,2025-05-08
10155,633,449,2,2024-11-02
10156,568,421,5,2025-06-22
10157,260,436,5,2026-01-02
10158,524,198,4,2026-03-19
10159,184,271,5,2026-06-30
10160,179,325,1,2026-04-10
10161,262,441,4,2026-05-10
10162,856,403,4,2024-11-20
10163,228,84,4,2026-04-18
10164,535,381,4,2024-09-18
10165,52,482,5,2025-09-16
10166,773,7,1,2025-05-29
10167,660,248,5,2026-01-21
10168,674,256,3,2025-07-15
10169,310,162,1,2025-08-08
10170,58,414,5,2025-09-01
10171,809,143,4,2025-09-27
10172,26,69,1,2024-07-29
10173,223,160,4,2026-02-20
10174,406,81,1,2024-08-01
10175,331,146,1,2025-12-14
10176,635,258,2,2025-03-04
10177,446,46,1,2026-01-15
10178,575,255,5,2026-01-21
10179,563,127,5,2025-08-24
10180,928,317,2,2025-06-17
10181,834,407,1,2025-12-05
10182,785,348,2,2025-03-09
10183,540,22,3,2026-02-21
10184,849,19,2,2026-03-03
10185,824,497,2,2026-07-13
10186,562,324,1,2025-09-04
10187,128,19,5,2026-01-17
10188,356,309,2,2024-08-12
10189,264,75,1,2026-02-17
10190,652,453,4,2025-06-02
10191,371,257,5,2025-05-15
10192,191,75,3,2024-09-09
10193,27,28,1,2026-02-08
10194,829,384,5,2025-03-08
10195,991,237,1,2025-09-26
10196,670,25,5,2025-10-20
10197,409,25,3,2026-06-14
10198,813,442,1,2026-06-21
10199,738,493,5,2026-05-01
10200,244,464,2,2024-09-10
10201,57,342,1,2025-12-23
10202,602,309,5,2026-04-19
10203,92,197,1,2025-04-05
10204,467,497,5,2026-02-20
10205,998,52,5,2025-11-03
10206,742,23,5,2025-07-11
10207,160,86,5,2024-08-18
10208,148,308,2,2024-11-27
10209,262,192,3,2025-06-17
10210,801,264,5,2026-03-31
10211,175,314,3,2025-11-11
10212,401,303,2,2025-07-16
10213,358,408,3,2025-07-13
10214,94,262,2,2026-07-23
10215,984,13,3,2025-05-08
10216,656,439,3,2024-10-17
10217,411,388,5,2026-05-16
10218,163,219,4,2025-12-02
10219,667,317,4,2024-08-08
10220,995,87,4,2024-11-10
10221,183,493,5,2024-08-03
10222,681,213,4,2025-07-26
10223,219,346,3,2025-08-25
10224,546,273,1,2025-10-05
10225,467,391,3,2025-03-28
10226,231,403,3,2026-06-23
10227,112,21,3,2025-03-18
10228,802,474,4,2025-10-28
10229,195,458,4,2025-09-01
10230,901,249,3,2025-01-24
10231,496,255,1,2024-09-09
10232,349,151,4,2025-04-01
10233,261,455,2,2025-02-22
10234,782,155,2,2024-11-26
10235,629,483,4,2024-08-08
10236,403,458,1,2026-02-09
10237,516,456,4,2024-11-16
10238,736,88,5,2024-11-18
10239,574,167,1,2025-02-19
10240,409,496,4,2025-03-17
10241,162,470,2,2024-09-19
10242,854,404,2,2025-12-24
10243,990,137,1,2025-12-01
10244,699,115,5,2024-10-31
10245,235,131,5,2025-03-03
10246,13,95,1,2024-10-16
10247,899,456,2,2026-04-30
10248,193,405,3,2024-10-19
10249,933,312,3,2024-09-21
10250,491,402,1,2024-12-17
10251,380,97,2,2025-04-20
10252,849,191,3,2026-06-28
10253,541,434,3,2026-01-08
10254,814,269,5,2026-06-09
10255,875,330,2,2025-08-28
10256,93,19,3,2024-10-14
10257,855,254,3,2025-08-30
10258,751,294,5,2024-09-02
10259,211,174,3,2026-04-01
10260,330,165,4,2026-05-27
10261,778,135,5,2025-02-17
10262,730,359,1,2025-10-29
10263,643,100,4,2025-02-22
10264,758,441,5,2025-04-21
10265,465,385,4,2025-01-01
10266,305,288,2,2024-08-12
10267,478,71,5,2024-10-02
10268,151,233,2,2024-09-04
10269,662,76,1,2026-04-16
10270,889,198,4,2026-04-06
10271,582,309,1,2025-10-10
10272,651,466,2,2026-07-17
10273,842,199,5,2026-01-06
10274,302,55,5,2026-04-12
10275,326,329,2,2025-06-03
10276,537,375,1,2025-01-13
10277,918,82,5,2026-05-25
10278,232,94,1,2026-05-02
10279,680,108,2,2025-07-07
10280,362,175,3,2025-05-31
10281,942,415,1,2026-03-17
10282,23,54,3,2024-08-28
10283,693,174,4,2026-03-16
10284,573,213,1,2024-08-06
10285,156,401,1,2024-09-10
10286,301,360,5,2024-08-02
10287,865,493,4,2024-08-09
10288,326,493,1,2025-08-28
10289,820,293,5,2025-05-04
10290,541,210,4,2025-05-30
10291,385,431,5,2025-11-28
10292,720,464,1,2025-07-17
10293,59,427,1,2024-09-05
10294,645,120,3,2024-11-18
10295,606,163,5,2025-07-13
10296,557,118,1,2025-04-18
10297,554,40,3,2025-02-20
10298,20,241,1,2026-02-12
10299,591,170,3,2025-05-02
10300,784,482,4,2025-01-16
10301,295,180,1,2025-06-20
10302,642,74,4,2025-01-28
10303,531,326,5,2024-11-28
10304,590,401,3,2025-01-28
10305,494,29,5,2024-10-29
10306,309,1,1,2025-09-19
10307,579,258,1,2025-08-16
10308,398,401,2,2025-02-26
10309,677,451,4,2025-11-25
10310,429,180,5,2026-02-10
10311,531,320,1,2024-09-02
10312,462,214,1,2025-12-01
10313,225,288,4,2024-07-31
10314,227,115,4,2025-11-26
10315,474,18,4,2026-05-24
10316,169,102,5,2025-07-19
10317,457,456,4,2025-08-23
10318,8,80,5,2026-03-14
10319,643,15,1,2026-06-21
10320,284,308,5,2025-01-30
10321,360,312,3,2025-01-22
10322,774,387,4,2026-05-29
10323,30,277,4,2026-07-16
10324,693,347,4,2025-05-11
10325,75,425,4,2025-09-02
10326,185,467,5,2025-06-14
10327,366,446,2,2026-07-12
10328,45,192,5,2024-09-06
10329,565,463,3,2025-06-05
10330,871,58,5,2025-12-28
10331,722,198,2,2025-11-21
10332,921,238,1,2026-06-29
10333,682,109,5,2024-09-08
10334,275,375,4,2026-01-27
10335,580,310,5,2025-12-09
10336,156,166,2,2026-05-09
10337,169,213,5,2025-02-21
10338,384,226,3,2026-06-04
10339,729,409,3,2025-06-20
10340,146,385,2,2024-10-31
10341,242,17,2,2026-02-25
10342,538,216,3,2025-09-08
10343,755,241,2,2024-09-01
10344,949,368,1,2024-12-22
10345,772,404,2,2025-12-21
10346,758,89,5,2025-11-15
10347,298,249,1,2024-11-09
10348,417,7,3,2024-11-21
10349,16,276,3,2026-06-28
10350,126,24,1,2025-08-17
10351,50,72,2,2025-05-23
10352,649,357,5,2026-06-18
10353,201,162,3,2026-06-21
10354,779,173,4,2025-04-01
10355,387,49,1,2025-03-02
10356,287,387,5,2025-05-05
10357,507,206,3,2026-01-09
10358,14,228,2,2026-07-12
10359,380,126,4,2024-12-17
10360,162,467,2,2024-08-28
10361,177,478,4,2025-03-19
10362,492,231,4,2024-11-26
10363,296,427,4,2025-06-13
10364,814,48,2,2025-02-22
10365,421,85,2,2026-07-21
10366,242,172,3,2025-10-20
10367,227,249,2,2024-10-24
10368,634,113,4,2024-12-14
10369,228,269,5,2026-01-20
10370,967,88,1,2025-09-18
10371,910,365,3,2025-06-13
10372,748,19,2,2024-11-02
10373,448,312,4,2025-07-07
10374,983,211,5,2025-10-03
10375,177,207,2,2026-05-05
10376,183,306,3,2025-03-08
10377,92,335,3,2026-03-12
10378,565,75,4,2025-11-22
10379,556,237,3,2025-10-05
10380,908,192,5,2024-10-18
10381,224,327,4,2025-07-26
10382,851,226,1,2026-03-31
10383,88,292,5,2024-12-03
10384,898,51,1,2025-10-31
10385,808,47,1,2025-04-30
10386,349,171,3,2025-07-09
10387,884,23,1,2026-03-14
10388,797,286,1,2026-04-22
10389,950,238,1,2024-11-21
10390,27,279,4,2026-04-27
10391,791,21,3,2025-10-22
10392,988,53,4,2025-08-14
10393,186,436,5,2026-07-10
10394,732,487,3,2024-09-24
10395,661,344,2,2025-09-14
10396,230,123,4,2024-11-10
10397,755,57,1,2025-10-30
10398,35,451,4,2024-10-22
10399,597,237,5,2026-03-31
10400,887,143,3,2026-01-15
10401,564,336,4,2025-11-13
10402,640,263,3,2026-06-10
10403,953,297,3,2025-04-30
10404,971,389,2,2026-06-17
10405,84,453,5,2025-05-31
10406,586,382,1,2024-12-04
10407,862,224,3,2026-02-18
10408,776,297,1,2025-01-05
10409,845,202,1,2025-07-18
10410,429,452,3,2025-04-21
10411,697,395,2,2025-08-16
10412,946,127,2,2026-04-14
10413,912,211,3,2026-05-18
10414,722,395,4,2025-04-06
10415,649,400,2,2025-08-19
10416,812,462,5,2024-09-17
10417,166,432,3,2024-10-24
10418,924,391,1,2024-09-19
10419,405,60,3,2026-07-07
10420,802,94,1,2025-02-19
10421,449,424,3,2025-07-02
10422,176,92,4,2025-07-23
10423,515,341,1,2025-03-26
10424,111,313,4,2025-08-04
10425,858,279,4,2025-07-12
10426,119,1,2,2026-05-13
10427,458,271,2,2024-12-23
10428,225,286,3,2024-12-27
10429,256,67,4,2025-06-14
10430,348,215,3,2025-02-18
10431,957,17,4,2024-10-03
10432,567,96,3,2025-11-11
10433,383,95,1,2024-11-02
10434,35,11,5,2025-05-31
10435,467,207,2,2026-02-12
10436,606,468,4,2024-10-29
10437,116,75,3,2026-04-20
10438,102,262,4,2025-05-08
10439,759,166,5,2026-01-27
10440,914,113,5,2024-08-24
10441,470,137,1,2025-10-09
10442,979,94,3,2026-02-14
10443,808,248,3,2024-11-03
10444,356,65,4,2026-02-09
10445,189,433,1,2025-12-28
10446,372,93,5,2026-01-10
10447,876,394,4,2026-06-14
10448,569,384,2,2026-05-27
10449,344,211,3,2025-06-04
10450,161,211,1,2025-09-27
10451,496,42,4,2025-11-28
10452,934,36,1,2026-04-16
10453,962,397,3,2025-10-17
10454,820,154,2,2026-05-11
10455,928,386,5,2026-03-27
10456,177,226,5,2026-07-08
10457,517,204,5,2025-05-03
10458,723,283,4,2024-11-11
10459,15,8,5,2025-05-14
10460,456,77,4,2025-09-28
10461,309,111,4,2025-04-28
10462,445,410,3,2025-09-01
10463,969,184,4,2025-03-26
10464,389,348,2,2024-11-29
10465,941,221,3,2025-06-15
10466,54,54,1,2025-08-18
10467,100,27,3,2024-11-03
10468,95,194,5,2025-03-15
10469,215,167,1,2024-12-27
10470,646,243,4,2025-06-23
10471,936,74,3,2024-11-08
10472,305,207,2,2025-01-08
10473,119,339,1,2025-05-18
10474,53,225,1,2025-04-17
10475,454,415,2,2025-10-07
10476,622,48,5,2025-08-25
10477,261,423,4,2026-07-05
10478,443,335,4,2025-04-03
10479,116,116,3,2025-05-06
10480,919,412,1,2025-02-16
10481,25,368,2,2026-01-03
10482,767,153,5,2025-01-28
10483,801,324,1,2025-07-24
10484,654,109,5,2025-02-20
10485,719,358,4,2024-08-29
10486,524,93,2,2025-01-29
10487,985,430,5,2026-03-31
10488,446,447,2,2025-12-23
10489,321,232,3,2025-09-15
10490,92,314,4,2025-04-17
10491,514,376,2,2025-04-02
10492,451,195,2,2025-05-30
10493,370,168,1,2025-06-05
10494,643,122,3,2024-12-21
10495,243,192,2,2025-04-02
10496,981,194,4,2025-01-21
10497,913,400,1,2026-05-22
10498,172,140,5,2025-10-21
10499,734,155,5,2025-05-19
10500,723,290,2,2024-11-16
10501,604,191,4,2024-10-28
10502,648,384,1,2026-03-24
10503,740,494,5,2026-07-05
10504,857,54,3,2026-06-10
10505,599,115,1,2025-02-19
10506,734,365,4,2024-09-17
10507,801,455,4,2026-05-14
10508,748,255,5,2025-12-31
10509,775,119,3,2025-04-17
10510,119,25,5,2024-10-08
10511,504,186,2,2025-05-25
10512,84,198,2,2025-09-13
10513,762,93,1,2026-07-15
10514,872,161,3,2026-05-13
10515,955,374,1,2026-05-12
10516,919,98,3,2025-06-02
10517,362,142,1,2026-07-15
10518,249,45,1,2025-04-28
10519,844,104,3,2026-02-22
10520,458,32,3,2025-12-15
10521,283,147,2,2025-05-19
10522,240,462,4,2026-03-26
10523,466,202,5,2026-04-19
10524,934,278,2,2025-10-15
10525,510,223,1,2026-03-15
10526,37,332,2,2025-07-24
10527,318,105,4,2025-10-25
10528,331,122,2,2025-03-10
10529,859,462,5,2024-10-21
10530,2,142,3,2024-11-29
10531,173,134,3,2025-04-05
10532,835,299,3,2025-12-15
10533,296,215,5,2024-12-19
10534,617,399,3,2026-01-08
10535,29,199,3,2024-09-01
10536,862,154,1,2024-10-28
10537,683,8,3,2026-04-25
10538,451,31,2,2026-02-09
10539,135,439,2,2025-02-20
10540,820,142,2,2025-10-12
10541,148,13,4,2026-04-10
10542,584,176,5,2025-08-07
10543,764,417,3,2025-08-16
10544,455,103,3,2024-08-21
10545,121,220,2,2025-11-09
10546,966,76,4,2024-07-28
10547,970,43,2,2026-06-07
10548,595,47,4,2024-11-15
10549,4,29,5,2025-12-16
10550,277,440,5,2025-10-26
10551,942,459,1,2025-06-22
10552,260,297,4,2025-08-16
10553,132,223,3,2026-02-15
10554,981,113,5,2026-03-28
10555,722,244,1,2026-06-19
10556,219,290,2,2025-01-05
10557,566,430,5,2025-07-06
10558,3,213,5,2024-10-22
10559,247,112,4,2025-05-09
10560,947,348,1,2025-02-16
10561,911,373,4,2026-06-14
10562,605,60,4,2025-05-04
10563,946,356,4,2025-08-14
10564,878,69,4,2026-07-02
10565,845,183,3,2026-05-19
10566,992,327,3,2025-03-16
10567,472,345,1,2025-12-08
10568,33,26,2,2025-12-09
10569,936,109,2,2024-11-29
10570,194,91,4,2025-09-23
10571,97,204,5,2026-02-14
10572,91,382,4,2026-02-07
10573,417,299,2,2025-06-24
10574,771,15,1,2026-06-05
10575,952,207,1,2025-04-28
10576,709,178,4,2026-07-10
10577,162,464,3,2026-03-25
10578,438,375,4,2026-01-28
10579,237,137,1,2024-07-26
10580,594,151,5,2025-02-18
10581,848,180,2,2026-06-30
10582,809,466,3,2025-06-29
10583,728,2,2,2024-11-20
10584,725,98,1,2025-03-08
10585,145,97,4,2025-04-12
10586,635,249,3,2024-11-18
10587,78,403,4,2024-12-20
10588,222,466,2,2024-10-26
10589,208,46,3,2025-10-28
10590,838,3,3,2026-01-29
10591,835,191,2,2026-01-25
10592,925,2,3,2025-09-20
10593,214,52,2,2026-04-22
10594,707,442,1,2026-06-01
10595,97,197,3,2025-08-25
10596,308,404,5,2024-11-13
10597,599,37,5,2024-09-07
10598,89,169,1,2025-12-10
10599,942,107,4,2026-02-25
10600,734,207,5,2025-02-22
10601,593,488,4,2025-01-17
10602,201,236,3,2026-02-26
10603,307,256,2,2025-01-24
10604,494,76,1,2024-07-29
10605,972,495,1,2025-01-19
10606,261,323,5,2025-10-22
10607,927,315,3,2024-10-06
10608,73,168,5,2026-03-02
10609,429,491,3,2025-08-02
10610,121,461,1,2024-10-22
10611,469,153,1,2025-04-05
10612,28,192,4,2025-11-21
10613,648,57,5,2025-02-16
10614,665,383,5,2025-03-17
10615,319,360,4,2026-05-15
10616,128,354,1,2026-06-19
10617,71,463,5,2025-06-27
10618,978,235,1,2025-03-25
10619,143,151,1,2025-05-13
10620,550,296,4,2025-06-26
10621,146,107,3,2024-10-02
10622,734,412,3,2025-03-15
10623,387,140,4,2026-02-03
10624,177,413,2,2026-02-19
10625,366,37,3,2025-01-14
10626,682,333,5,2024-08-06
10627,837,51,1,2025-01-29
10628,489,431,3,2026-04-09
10629,682,390,1,2025-08-13
10630,881,43,2,2025-03-24
10631,385,151,1,2024-10-15
10632,139,15,1,2026-05-17
10633,953,38,2,2025-04-26
10634,79,140,5,2024-09-20
10635,363,370,1,2026-05-28
10636,958,266,4,2025-11-09
10637,786,1,3,2025-03-19
10638,301,476,2,2025-06-23
10639,577,429,3,2024-07-26
10640,279,72,3,2025-10-25
10641,270,495,1,2024-07-23
10642,582,117,4,2024-12-05
10643,19,496,4,2026-06-21
10644,624,91,4,2025-10-05
10645,567,398,4,2024-09-04
10646,383,143,5,2025-09-30
10647,215,293,4,2025-06-19
10648,295,201,3,2025-12-02
10649,742,425,4,2025-11-25
10650,391,158,1,2025-06-01
10651,880,281,2,2025-04-17
10652,931,428,2,2025-08-11
10653,992,479,5,2025-11-04
10654,995,21,2,2026-02-03
10655,2,254,3,2024-09-09
10656,731,272,1,2025-02-18
10657,907,30,1,2025-11-25
10658,27,392,1,2024-09-18
10659,983,67,1,2025-06-05
10660,336,337,4,2025-07-05
10661,243,23,1,2026-02-12
10662,627,368,5,2024-09-17
10663,510,266,2,2025-07-01
10664,70,152,3,2026-06-16
10665,628,62,3,2026-02-13
10666,354,11,2,2025-08-15
10667,578,310,4,2025-04-11
10668,844,222,2,2025-05-30
10669,945,462,3,2025-04-24
10670,188,87,4,2024-09-04
10671,142,407,3,2025-01-06
10672,167,4,2,2025-11-15
10673,954,160,3,2024-11-12
10674,779,148,1,2025-04-04
10675,144,337,4,2025-08-27
10676,898,3,5,2024-12-25
10677,768,28,1,2026-04-24
10678,140,310,5,2024-12-15
10679,746,208,1,2026-03-06
10680,139,378,2,2024-11-14
10681,316,18,3,2025-12-22
10682,634,256,3,2025-12-13
10683,410,309,2,2024-09-26
10684,416,430,3,2025-12-12
10685,156,129,2,2025-11-14
10686,247,187,1,2025-10-19
10687,823,109,2,2025-04-18
10688,11,162,4,2025-03-27
10689,639,376,3,2024-12-28
10690,389,401,5,2026-02-11
10691,401,467,4,2024-11-07
10692,332,86,3,2024-08-05
10693,863,41,5,2025-05-04
10694,402,7,3,2025-10-05
10695,236,349,4,2025-02-17
10696,400,134,1,2025-06-23
10697,11,494,4,2026-01-07
10698,228,333,1,2024-12-03
10699,222,132,5,2025-05-15
10700,629,27,1,2025-02-27
10701,815,230,4,2025-03-30
10702,423,174,3,2025-02-13
10703,555,390,2,2026-01-04
10704,734,446,4,2024-12-24
10705,434,353,1,2024-07-31
10706,602,64,4,2024-09-19
10707,48,38,1,2025-06-05
10708,992,459,2,2025-03-12
10709,108,468,4,2025-07-16
10710,381,131,4,2025-07-25
10711,137,473,3,2026-07-09
10712,535,365,2,2024-08-03
10713,187,160,5,2025-11-24
10714,357,117,1,2026-06-04
10715,614,182,1,2026-04-19
10716,724,402,1,2026-02-05
10717,373,273,2,2026-06-13
10718,534,458,3,2025-06-30
10719,387,414,1,2024-09-04
10720,434,211,4,2025-09-24
10721,568,198,5,2024-09-13
10722,429,39,3,2024-10-01
10723,709,480,2,2025-03-23
10724,872,446,5,2024-11-17
10725,592,96,1,2025-07-26
10726,923,425,1,2025-09-21
10727,718,494,5,2024-12-02
10728,502,87,4,2026-04-03
10729,119,442,4,2024-09-09
10730,119,193,2,2025-05-20
10731,644,197,3,2024-09-23
10732,27,345,2,2024-11-02
10733,400,57,2,2024-10-01
10734,440,190,2,2025-03-19
10735,155,361,2,2024-07-28
10736,250,424,4,2025-08-26
10737,169,286,5,2025-07-09
10738,954,275,4,2026-02-15
10739,400,79,2,2025-03-02
10740,56,498,2,2025-09-22
10741,495,61,5,2025-01-10
10742,765,422,2,2025-08-14
10743,992,102,4,2025-09-01
10744,575,416,4,2025-04-21
10745,835,13,1,2026-06-14
10746,55,159,4,2024-10-01
10747,277,466,3,2025-04-08
10748,484,303,5,2025-05-26
10749,188,304,2,2026-05-13
10750,868,250,2,2025-05-18
10751,739,383,2,2024-10-14
10752,808,211,2,2024-10-04
10753,485,464,1,2026-01-09
10754,698,416,5,2025-04-06
10755,951,83,2,2025-09-25
10756,668,178,1,2026-07-20
10757,238,252,4,2025-08-03
10758,952,42,3,2026-04-03
10759,171,421,4,2025-08-18
10760,729,325,2,2026-02-26
10761,397,80,2,2025-06-30
10762,421,398,4,2024-09-04
10763,231,185,2,2025-10-24
10764,499,234,3,2026-07-21
10765,348,459,4,2025-04-29
10766,446,374,3,2025-05-22
10767,599,65,2,2024-11-29
10768,932,439,5,2026-07-03
10769,333,150,5,2025-07-29
10770,929,310,4,2024-09-17
10771,700,170,3,2025-07-31
10772,720,461,3,2025-05-10
10773,100,95,5,2026-01-01
10774,288,487,5,2024-07-23
10775,609,194,1,2025-11-27
10776,18,205,5,2025-06-17
10777,908,187,5,2024-12-23
10778,419,63,4,2025-05-20
10779,426,19,4,2026-04-16
10780,279,430,1,2026-05-26
10781,711,187,3,2025-11-07
10782,542,182,4,2024-09-29
10783,766,24,3,2025-09-30
10784,857,61,1,2025-06-25
10785,69,10,2,2025-04-08
10786,815,214,3,2024-09-19
10787,694,403,1,2025-07-26
10788,537,112,2,2025-03-15
10789,478,250,5,2025-03-21
10790,389,256,4,2026-03-22
10791,635,189,2,2025-12-01
10792,384,438,3,2024-10-04
10793,312,304,1,2025-02-09
10794,167,279,4,2024-10-10
10795,480,349,5,2025-12-29
10796,199,353,3,2025-05-24
10797,26,160,4,2025-07-23
10798,969,287,4,2026-03-18
10799,172,486,1,2024-09-04
10800,460,439,1,2026-01-06
10801,506,387,3,2025-11-27
10802,385,91,2,2024-10-25
10803,75,360,5,2024-10-07
10804,624,319,3,2025-10-04
10805,457,81,3,2025-10-13
10806,13,365,1,2025-05-29
10807,126,173,1,2024-12-17
10808,192,493,2,2024-12-16
10809,647,168,4,2026-01-01
10810,169,126,3,2024-10-18
10811,169,400,5,2024-11-25
10812,244,57,1,2024-12-13
10813,366,32,1,2025-05-07
10814,987,20,2,2024-12-01
10815,922,458,2,2026-03-16
10816,271,306,3,2024-10-07
10817,144,206,1,2024-10-11
10818,13,122,2,2026-04-25
10819,500,95,4,2024-11-25
10820,710,119,5,2024-09-01
10821,270,242,2,2024-12-22
10822,437,52,2,2025-12-19
10823,790,495,3,2025-08-31
10824,755,454,4,2025-09-20
10825,882,43,1,2024-11-27
10826,695,239,4,2026-01-21
10827,489,440,5,2026-01-23
10828,639,234,5,2024-09-08
10829,584,459,5,2026-05-27
10830,720,116,2,2025-07-03
10831,134,61,5,2025-09-20
10832,558,316,2,2026-03-17
10833,522,46,5,2025-02-18
10834,935,157,4,2025-11-28
10835,643,207,1,2025-01-04
10836,804,197,4,2024-10-30
10837,142,126,3,2024-12-14
10838,316,10,3,2025-12-31
10839,551,110,5,2024-10-08
10840,953,230,2,2026-01-14
10841,116,82,5,2025-02-13
10842,640,61,4,2026-05-20
10843,575,399,2,2024-08-06
10844,921,381,4,2024-09-07
10845,241,182,3,2026-04-08
10846,193,330,1,2026-01-20
10847,486,309,3,2025-07-13
10848,68,120,2,2026-06-06
10849,569,485,4,2024-09-21
10850,216,395,3,2025-01-23
10851,691,179,2,2025-04-05
10852,706,490,1,2025-04-06
10853,836,428,2,2026-05-10
10854,280,238,3,2026-01-07
10855,743,375,4,2024-08-12
10856,922,275,3,2026-07-11
10857,867,411,5,2025-05-09
10858,71,79,3,2026-05-26
10859,444,318,4,2026-01-08
10860,35,44,4,2026-06-25
10861,720,29,3,2026-06-19
10862,456,219,1,2024-10-02
10863,32,389,1,2024-08-31
10864,97,203,2,2025-04-03
10865,462,17,1,2025-02-05
10866,7,229,2,2024-08-09
10867,724,47,1,2026-04-09
10868,988,236,4,2025-04-28
10869,644,11,2,2025-03-04
10870,729,145,5,2026-01-29
10871,749,373,2,2025-02-10
10872,811,304,5,2026-02-25
10873,887,406,2,2026-06-02
10874,564,218,1,2025-08-02
10875,417,75,4,2026-06-25
10876,448,181,5,2025-02-02
10877,266,279,2,2025-10-24
10878,258,256,1,2026-02-11
10879,546,151,3,2025-04-12
10880,283,369,5,2025-05-13
10881,902,275,3,2025-05-03
10882,348,227,2,2025-12-27
10883,999,430,1,2025-06-17
10884,386,447,3,2025-10-08
10885,999,323,5,2025-01-13
10886,625,111,1,2025-01-16
10887,558,475,3,2024-09-30
10888,990,496,5,2025-11-22
10889,92,233,2,2024-11-01
10890,670,256,3,2026-01-28
10891,660,5,5,2025-08-15
10892,838,497,1,2024-08-03
10893,527,302,3,2024-11-21
10894,634,164,5,2025-09-15
10895,864,90,3,2025-09-25
10896,152,91,1,2025-01-15
10897,988,199,1,2024-11-29
10898,34,397,1,2026-04-15
10899,217,287,3,2025-09-14
10900,334,450,4,2025-03-17
10901,571,320,2,2026-02-05
10902,585,267,1,2024-11-01
10903,359,311,1,2025-04-11
10904,684,108,2,2024-09-02
10905,439,239,4,2026-05-08
10906,359,432,2,2025-09-08
10907,456,340,5,2026-05-16
10908,531,443,2,2025-09-27
10909,952,500,3,2026-01-23
10910,912,233,1,2024-12-25
10911,905,95,1,2025-05-02
10912,513,392,2,2026-07-14
10913,142,13,5,2025-09-07
10914,776,426,3,2025-07-26
10915,714,174,1,2025-06-04
10916,739,78,5,2025-04-05
10917,90,162,2,2024-09-14
10918,103,429,4,2025-06-17
10919,307,189,4,2025-12-24
10920,88,226,5,2024-08-23
10921,613,490,4,2025-07-21
10922,866,340,5,2024-10-21
10923,623,219,5,2025-02-06
10924,354,443,3,2025-05-13
10925,202,34,2,2025-06-22
10926,900,154,5,2025-12-05
10927,580,21,5,2024-08-04
10928,97,471,1,2025-10-02
10929,813,334,1,2025-09-11
10930,635,228,3,2024-12-25
10931,198,381,1,2025-09-11
10932,626,60,2,2024-10-19
10933,882,447,4,2025-12-14
10934,430,215,1,2025-10-02
10935,263,299,5,2024-11-03
10936,896,420,4,2024-10-11
10937,789,91,5,2026-06-28
10938,671,207,5,2025-03-06
10939,614,482,2,2025-09-15
10940,769,461,1,2024-11-27
10941,332,305,3,2024-09-26
10942,563,69,2,2025-07-19
10943,523,87,5,2025-07-14
10944,236,9,3,2025-11-30
10945,15,314,3,2024-07-24
10946,69,220,5,2025-09-24
10947,673,339,1,2025-05-11
10948,374,93,1,2025-06-17
10949,189,362,2,2025-03-16
10950,488,110,5,2025-08-22
10951,602,187,1,2025-01-18
10952,815,376,4,2025-03-20
10953,197,350,1,2025-04-02
10954,129,428,5,2024-08-19
10955,550,68,1,2025-07-18
10956,886,351,2,2025-09-26
10957,343,92,2,2025-05-05
10958,753,471,5,2025-11-08
10959,964,3,5,2025-09-28
10960,621,485,2,2026-04-29
10961,835,183,3,2024-10-24
10962,972,197,4,2026-01-15
10963,358,453,5,2025-10-25
10964,676,372,4,2024-08-02
10965,619,211,1,2025-06-05
10966,35,204,2,2025-05-06
10967,783,215,1,2025-05-27
10968,1000,129,3,2025-03-22
10969,354,138,2,2024-11-08
10970,470,111,2,2026-06-18
10971,830,88,5,2026-06-11
10972,236,148,4,2026-01-29
10973,652,277,4,2024-09-17
10974,599,76,1,2024-11-26
10975,367,214,5,2026-05-15
10976,160,118,2,2026-06-23
10977,599,217,5,2026-04-10
10978,56,465,5,2024-08-13
10979,811,188,4,2024-10-31
10980,820,278,3,2026-01-14
10981,552,162,3,2026-04-08
10982,36,171,3,2026-01-12
10983,748,415,5,2026-04-10
10984,53,316,3,2024-08-22
10985,646,314,4,2024-09-28
10986,145,395,2,2025-07-08
10987,87,11,5,2024-08-15
10988,790,129,5,2025-11-14
10989,93,169,5,2026-03-25
10990,865,223,1,2024-09-28
10991,463,206,1,2025-09-24
10992,99,97,4,2025-07-30
10993,108,329,3,2025-02-10
10994,741,92,2,2025-07-07
10995,479,302,4,2026-06-17
10996,162,42,1,2025-09-19
10997,821,284,1,2026-07-19
10998,966,62,5,2025-11-24
10999,875,387,4,2024-09-30
11000,22,343,1,2024-07-26
11001,557,43,2,2026-06-29
11002,67,420,3,2026-01-22
11003,169,87,2,2026-02-21
11004,661,462,5,2026-06-15
11005,658,31,2,2026-03-08
11006,206,308,4,2025-10-10
11007,441,465,5,2024-11-04
11008,59,432,3,2026-04-07
11009,904,282,3,2024-12-15
11010,111,263,5,2025-07-12
11011,734,432,1,2025-11-20
11012,980,261,2,2026-01-05
11013,624,285,5,2026-04-14
11014,209,82,3,2025-12-30
11015,528,289,3,2025-04-26
11016,744,472,3,2026-02-16
11017,449,120,4,2024-10-16
11018,991,386,1,2026-07-17
11019,728,14,4,2024-09-12
11020,494,112,4,2024-12-18
11021,723,469,5,2025-11-01
11022,30,465,5,2025-09-11
11023,940,120,5,2025-12-02
11024,339,295,5,2026-02-10
11025,323,179,1,2024-10-13
11026,470,194,5,2025-07-09
11027,742,374,2,2024-12-03
11028,160,460,3,2024-09-01
11029,102,341,1,2025-11-18
11030,198,428,1,2026-02-20
11031,21,22,3,2025-09-25
11032,979,288,2,2025-02-09
11033,291,416,3,2025-01-01
11034,884,449,3,2025-02-19
11035,192,43,4,2025-01-07
11036,263,412,1,2026-04-14
11037,682,239,4,2024-12-24
11038,47,6,3,2024-12-22
11039,667,50,2,2024-12-01
11040,71,250,2,2024-10-31
11041,142,44,1,2025-12-15
11042,686,496,5,2025-03-04
11043,104,151,3,2026-01-11
11044,349,247,1,2025-05-27
11045,400,340,4,2026-04-17
11046,740,247,4,2025-05-18
11047,457,269,5,2025-01-08
11048,261,441,2,2026-02-06
11049,303,210,4,2024-08-15
11050,642,426,4,2024-11-25
11051,618,226,4,2024-12-25
11052,992,444,3,2026-02-09
11053,757,440,3,2025-10-04
11054,650,453,1,2024-07-29
11055,197,370,5,2025-12-04
11056,944,197,2,2025-10-18
11057,790,134,3,2026-07-01
11058,677,193,2,2025-11-05
11059,454,35,2,2026-04-01
11060,305,107,1,2024-12-19
11061,217,127,3,2025-10-24
11062,863,224,3,2025-08-16
11063,20,209,5,2025-01-28
11064,167,429,1,2024-11-02
11065,64,255,3,2026-03-27
11066,84,272,4,2024-12-22
11067,987,331,5,2026-01-17
11068,708,452,2,2025-05-01
11069,590,490,1,2025-11-10
11070,805,413,3,2025-06-05
11071,68,196,1,2026-03-02
11072,375,133,1,2025-03-20
11073,529,379,1,2024-10-17
11074,515,92,3,2026-06-11
11075,674,81,3,2025-09-13
11076,777,229,5,2024-12-04
11077,774,474,1,2026-01-25
11078,316,402,4,2026-01-08
11079,124,147,2,2026-02-02
11080,316,26,4,2024-09-14
11081,350,257,3,2026-04-30
11082,585,219,3,2025-09-05
11083,973,204,4,2026-01-16
11084,169,459,3,2025-08-26
11085,180,394,5,2025-04-30
11086,592,14,3,2026-01-29
11087,662,415,1,2026-05-21
11088,693,173,3,2025-11-24
11089,122,245,3,2025-08-01
11090,6,250,4,2025-04-10
11091,812,362,2,2024-12-04
11092,775,495,4,2026-03-28
11093,415,406,4,2025-09-20
11094,550,337,2,2025-11-12
11095,272,96,4,2025-07-01
11096,254,356,3,2026-03-23
11097,509,104,4,2025-08-14
11098,205,204,4,2026-04-24
11099,610,484,3,2025-04-19
11100,498,5,2,2026-07-23
11101,203,242,4,2025-06-23
11102,961,174,5,2024-12-20
11103,99,69,1,2025-01-08
11104,748,428,1,2025-06-21
11105,297,264,3,2026-03-03
11106,445,45,1,2026-02-27
11107,343,408,3,2025-09-27
11108,340,98,5,2026-01-12
11109,504,429,4,2025-12-29
11110,450,142,3,2026-03-23
11111,412,242,3,2025-11-20
11112,101,462,4,2024-09-19
11113,2,234,5,2025-04-04
11114,870,172,4,2024-08-07
11115,781,417,5,2025-03-16
11116,217,87,4,2024-10-04
11117,261,333,1,2025-04-07
11118,516,132,1,2025-07-15
11119,299,9,3,2025-01-05
11120,538,499,2,2025-06-05
11121,910,396,5,2024-12-08
11122,744,71,3,2025-12-17
11123,675,97,5,2025-02-10
11124,447,158,3,2024-10-21
11125,709,388,3,2024-09-24
11126,6,142,3,2025-01-29
11127,736,369,5,2025-03-23
11128,486,325,1,2025-01-18
11129,431,80,5,2025-08-03
11130,201,220,2,2024-11-11
11131,373,328,1,2025-12-01
11132,63,334,3,2025-08-22
11133,230,193,5,2025-07-16
11134,672,310,4,2024-08-26
11135,143,77,1,2024-12-04
11136,126,97,3,2025-06-20
11137,190,424,4,2025-10-04
11138,180,119,4,2026-04-19
11139,454,149,2,2025-06-07
11140,111,427,5,2024-08-09
11141,21,364,2,2025-09-04
11142,805,19,2,2024-10-25
11143,764,324,1,2024-08-19
11144,980,244,1,2025-10-31
11145,27,57,4,2025-01-30
11146,69,361,5,2025-08-18
11147,779,484,3,2025-05-26
11148,128,98,3,2025-07-12
11149,320,346,4,2026-07-15
11150,715,80,1,2024-12-22
11151,344,476,5,2026-06-10
11152,312,409,3,2024-11-25
11153,620,261,3,2024-08-09
11154,817,192,2,2024-10-21
11155,505,80,1,2025-08-15
11156,194,218,5,2026-03-09
11157,53,372,2,2024-12-26
11158,988,181,5,2026-05-29
11159,448,473,5,2025-02-27
11160,648,295,2,2025-06-12
11161,218,204,2,2024-10-14
11162,92,273,1,2026-04-09
11163,425,96,4,2025-05-07
11164,731,354,2,2026-02-16
11165,404,163,1,2026-02-06
11166,226,142,5,2025-09-22
11167,442,70,2,2026-07-20
11168,236,427,3,2025-09-09
11169,853,162,2,2026-05-08
11170,965,235,3,2025-06-11
11171,303,338,3,2026-05-24
11172,50,363,3,2025-10-10
11173,694,27,1,2026-02-20
11174,330,176,3,2025-11-02
11175,462,102,2,2024-12-15
11176,859,418,5,2025-09-29
11177,323,66,5,2025-02-05
11178,572,424,2,2026-01-27
11179,56,152,2,2025-05-04
11180,793,464,2,2026-05-17
11181,763,302,5,2026-03-07
11182,985,261,5,2024-07-31
11183,616,119,1,2024-12-06
11184,105,236,5,2025-02-27
11185,882,319,5,2026-01-18
11186,543,24,5,2025-10-20
11187,884,68,1,2025-05-20
11188,975,27,2,2024-11-01
11189,923,497,3,2025-05-24
11190,658,186,4,2024-10-30
11191,668,389,4,2024-10-28
11192,182,115,2,2025-07-05
11193,195,127,5,2024-10-21
11194,173,156,3,2024-10-31
11195,594,186,5,2025-11-20
11196,787,336,1,2025-06-26
11197,750,272,1,2024-09-09
11198,74,62,5,2025-01-23
11199,222,89,2,2024-08-21
11200,655,203,1,2024-08-18
11201,571,400,3,2025-05-24
11202,454,180,4,2025-02-15
11203,265,19,3,2025-02-15
11204,793,479,4,2026-01-28
11205,355,483,2,2024-10-11
11206,795,58,3,2026-07-22
11207,381,133,5,2025-04-26
11208,145,250,1,2025-12-12
11209,576,261,5,2025-01-18
11210,512,327,1,2025-05-08
11211,18,448,4,2024-10-27
11212,54,374,4,2024-08-18
11213,40,463,1,2025-06-15
11214,773,423,4,2026-02-17
11215,505,144,2,2025-01-22
11216,306,227,3,2024-07-28
11217,240,308,3,2024-10-11
11218,702,60,4,2024-08-18
11219,134,20,3,2026-07-01
11220,581,496,5,2024-10-10
11221,842,369,5,2025-10-19
11222,301,19,5,2025-11-21
11223,707,5,5,2024-10-20
11224,9,499,5,2025-11-03
11225,837,225,5,2024-11-09
11226,854,17,1,2025-08-20
11227,255,370,4,2026-01-30
11228,78,310,1,2025-08-05
11229,611,377,1,2025-04-24
11230,138,381,3,2025-08-06
11231,648,107,4,2025-04-29
11232,510,81,1,2025-02-01
11233,227,398,3,2024-10-22
11234,737,104,2,2025-05-13
11235,838,272,1,2026-03-05
11236,211,379,3,2025-12-14
11237,817,447,5,2025-06-08
11238,568,10,2,2025-09-27
11239,768,139,1,2025-09-15
11240,917,478,1,2024-12-10
11241,73,48,5,2026-03-28
11242,747,47,1,2024-08-30
11243,234,189,5,2026-04-21
11244,857,107,2,2026-06-23
11245,210,357,1,2024-10-15
11246,614,277,2,2024-11-04
11247,501,77,3,2025-01-13
11248,444,246,4,2025-09-09
11249,625,292,2,2025-09-07
11250,321,107,5,2024-09-11
11251,270,272,2,2024-12-20
11252,131,55,1,2024-11-22
11253,867,38,2,2026-04-27
11254,605,326,1,2024-12-30
11255,142,113,1,2025-07-16
11256,967,179,3,2024-10-18
11257,255,266,1,2025-12-12
11258,539,64,4,2025-10-22
11259,505,346,1,2025-10-10
11260,66,400,4,2024-09-12
11261,213,336,4,2025-12-25
11262,833,398,2,2025-01-17
11263,293,177,5,2025-12-09
11264,793,34,3,2026-04-28
11265,903,149,1,2026-06-30
11266,27,361,1,2026-05-13
11267,638,387,4,2025-05-31
11268,33,498,2,2026-06-25
11269,109,332,5,2025-07-18
11270,405,5,3,2026-02-03
11271,44,331,5,2024-10-24
11272,472,180,4,2025-04-15
11273,605,80,4,2026-02-04
11274,78,313,2,2024-09-07
11275,477,379,4,2025-01-31
11276,148,311,5,2026-02-11
11277,957,260,4,2024-07-31
11278,549,460,5,2025-12-13
11279,534,173,2,2026-04-19
11280,322,413,2,2026-01-19
11281,667,336,4,2025-02-10
11282,441,91,4,2024-10-21
11283,694,220,3,2025-09-26
11284,108,204,3,2025-05-13
11285,211,383,4,2025-09-14
11286,458,22,4,2025-05-20
11287,77,438,4,2025-04-23
11288,246,474,4,2025-05-12
11289,763,443,5,2025-07-08
11290,865,387,2,2024-10-20
11291,68,181,4,2026-07-16
11292,181,137,3,2026-01-29
11293,106,47,4,2024-10-04
11294,63,468,2,2024-11-20
11295,825,478,5,2024-09-29
11296,469,202,4,2025-04-13
11297,374,349,2,2025-10-12
11298,854,188,5,2025-01-24
11299,558,159,4,2025-11-24
11300,195,492,4,2025-04-02
11301,698,305,2,2025-09-01
11302,202,298,2,2024-10-12
11303,627,1,2,2025-12-07
11304,535,169,2,2025-01-16
11305,918,10,2,2024-08-09
11306,511,291,2,2025-03-16
11307,549,254,2,2026-03-01
11308,598,134,2,2026-06-06
11309,677,375,1,2025-07-25
11310,353,341,2,2024-09-11
11311,741,269,1,2025-12-12
11312,812,38,2,2025-03-12
11313,803,154,2,2026-04-06
11314,423,486,4,2025-02-27
11315,783,237,3,2025-08-04
11316,61,309,3,2026-07-19
11317,955,329,2,2026-03-29
11318,298,48,3,2026-06-05
11319,546,17,4,2025-03-11
11320,535,116,2,2024-10-22
11321,184,199,3,2025-02-26
11322,175,382,3,2026-04-27
11323,983,234,3,2025-07-13
11324,82,495,2,2025-10-12
11325,769,336,1,2025-01-31
11326,246,331,1,2026-05-27
11327,853,499,2,2025-06-16
11328,494,378,2,2025-12-07
11329,784,8,5,2025-05-10
11330,673,70,3,2025-08-25
11331,268,360,4,2026-03-31
11332,903,500,5,2024-11-27
11333,121,119,5,2024-08-09
11334,806,157,5,2024-08-09
11335,225,316,3,2025-06-17
11336,374,480,2,2025-04-01
11337,837,147,1,2026-03-09
11338,330,385,5,2026-03-27
11339,402,144,5,2024-11-07
11340,481,423,1,2025-03-02
11341,228,286,1,2025-11-03
11342,270,59,4,2025-06-25
11343,657,291,5,2025-12-28
11344,129,129,1,2025-08-19
11345,147,55,5,2025-06-15
11346,917,421,4,2025-02-19
11347,54,431,2,2025-12-03
11348,481,153,1,2026-06-05
11349,478,233,4,2026-02-04
11350,668,301,4,2026-05-12
11351,124,43,1,2025-12-11
11352,488,320,5,2025-12-05
11353,965,476,1,2025-10-10
11354,194,257,5,2024-11-20
11355,954,160,1,2025-03-20
11356,811,326,1,2025-11-02
11357,28,35,2,2026-03-30
11358,24,339,4,2025-06-13
11359,557,112,2,2025-02-22
11360,835,345,4,2025-05-19
11361,200,499,5,2024-08-25
11362,148,391,5,2024-10-07
11363,733,230,3,2025-04-25
11364,247,36,3,2025-09-19
11365,602,119,2,2025-10-24
11366,458,195,2,2026-02-23
11367,843,122,2,2025-06-04
11368,474,478,4,2024-10-27
11369,515,230,1,2024-11-10
11370,897,64,4,2025-08-24
11371,594,450,4,2026-07-04
11372,9,159,4,2024-09-28
11373,419,129,5,2025-06-07
11374,648,367,5,2024-12-12
11375,118,341,1,2024-09-23
11376,766,118,4,2025-06-24
11377,861,375,2,2025-09-06
11378,414,259,5,2026-05-31
11379,155,124,2,2025-04-13
11380,646,306,2,2025-08-29
11381,592,123,2,2025-06-10
11382,621,384,2,2024-11-27
11383,740,414,5,2024-12-06
11384,112,360,1,2024-08-20
11385,14,389,4,2025-01-30
11386,543,131,5,2025-11-18
11387,661,264,4,2025-12-19
11388,817,130,5,2026-06-24
11389,680,458,2,2024-12-20
11390,815,430,4,2025-12-20
11391,339,55,2,2026-01-12
11392,580,56,3,2025-05-09
11393,227,65,2,2024-11-27
11394,175,241,2,2025-02-03
11395,12,287,2,2024-10-17
11396,730,11,3,2026-04-22
11397,524,434,1,2025-05-13
11398,936,26,1,2025-07-11
11399,184,173,2,2025-09-09
11400,14,363,2,2024-10-23
11401,540,215,4,2024-11-05
11402,489,123,3,2025-07-12
11403,306,349,2,2025-03-04
11404,911,225,4,2025-06-28
11405,77,103,1,2024-11-10
11406,949,349,2,2026-05-27
11407,417,335,5,2025-11-14
11408,201,19,3,2025-12-27
11409,178,150,1,2024-10-26
11410,842,218,3,2026-03-10
11411,22,297,2,2024-12-29
11412,36,97,2,2025-05-08
11413,832,272,3,2026-07-23
11414,107,491,1,2025-11-06
11415,223,95,3,2026-06-02
11416,46,385,3,2025-02-06
11417,305,265,2,2026-05-31
11418,286,36,2,2026-04-04
11419,144,124,5,2025-04-28
11420,27,441,2,2024-11-14
11421,22,222,5,2024-12-14
11422,446,275,1,2024-10-14
11423,205,205,2,2025-05-09
11424,952,440,3,2025-09-01
11425,986,233,2,2025-04-03
11426,181,192,4,2024-10-23
11427,982,462,4,2025-10-02
11428,821,468,1,2026-06-08
11429,591,347,5,2025-04-19
11430,606,257,3,2025-02-16
11431,396,389,4,2025-08-18
11432,187,208,1,2026-05-28
11433,683,448,3,2025-11-25
11434,304,356,3,2025-07-31
11435,153,221,3,2024-08-27
11436,206,145,3,2025-09-25
11437,484,183,3,2025-07-11
11438,244,476,1,2024-10-31
11439,581,454,3,2025-03-08
11440,975,328,5,2025-10-11
11441,328,435,1,2024-09-23
11442,524,17,3,2024-08-27
11443,527,322,1,2025-04-16
11444,964,118,3,2026-06-06
11445,466,431,5,2025-06-20
11446,328,40,3,2026-02-08
11447,633,42,4,2025-07-09
11448,945,315,3,2025-10-01
11449,266,44,1,2025-10-07
11450,800,363,2,2025-07-01
11451,374,281,3,2026-02-17
11452,87,496,5,2024-07-28
11453,719,241,3,2026-03-19
11454,160,281,4,2025-03-03
11455,907,114,3,2026-01-10
11456,477,143,3,2025-05-30
11457,472,450,5,2025-09-08
11458,989,36,2,2025-01-21
11459,196,42,5,2026-05-21
11460,389,21,5,2025-10-09
11461,758,165,5,2024-08-07
11462,702,78,2,2025-07-05
11463,952,166,1,2025-11-10
11464,210,491,1,2024-09-19
11465,539,404,5,2024-09-30
11466,284,93,4,2025-02-16
11467,336,201,5,2025-01-24
11468,767,382,2,2024-10-03
11469,470,190,3,2026-04-12
11470,134,339,1,2025-12-17
11471,453,190,3,2025-11-28
11472,457,397,1,2026-01-02
11473,354,67,3,2026-04-26
11474,54,437,1,2026-02-20
11475,395,175,3,2025-01-25
11476,111,413,2,2026-07-05
11477,490,145,2,2024-09-29
11478,963,316,3,2026-05-13
11479,690,322,5,2025-02-19
11480,560,319,5,2025-06-30
11481,690,455,1,2024-10-25
11482,820,135,1,2025-12-27
11483,292,159,4,2025-08-15
11484,633,440,1,2024-09-25
11485,68,249,4,2025-01-02
11486,550,46,1,2025-04-05
11487,739,319,5,2024-09-13
11488,213,115,3,2026-04-20
11489,493,39,2,2026-02-26
11490,933,472,1,2024-08-25
11491,947,130,5,2025-02-06
11492,170,217,4,2026-05-30
11493,165,432,1,2024-12-05
11494,726,370,5,2025-09-11
11495,786,141,1,2025-09-05
11496,312,17,5,2026-03-28
11497,343,400,2,2026-01-29
11498,155,287,2,2025-04-23
11499,416,11,3,2025-08-19
11500,229,77,5,2025-09-02
11501,675,313,4,2024-10-27
11502,196,350,3,2026-03-01
11503,469,310,2,2025-03-16
11504,245,208,1,2026-03-15
11505,586,307,5,2024-09-25
11506,109,189,1,2025-12-04
11507,470,180,1,2025-11-06
11508,599,34,2,2025-06-19
11509,774,147,2,2026-05-17
11510,833,418,5,2024-09-22
11511,854,323,1,2024-11-05
11512,794,178,2,2025-07-19
11513,513,434,3,2025-10-01
11514,318,123,5,2025-05-14
11515,47,476,2,2026-02-10
11516,630,110,4,2025-04-04
11517,475,206,4,2025-07-07
11518,10,55,3,2025-04-20
11519,497,157,5,2025-06-10
11520,775,342,3,2026-06-07
11521,457,53,1,2024-08-28
11522,990,50,1,2025-01-23
11523,260,148,1,2025-11-20
11524,812,261,3,2025-06-27
11525,652,116,4,2026-03-11
11526,376,379,4,2026-05-29
11527,179,145,3,2026-05-12
11528,811,447,3,2025-11-17
11529,250,405,1,2026-05-02
11530,848,144,5,2025-04-07
11531,233,223,3,2025-03-03
11532,983,465,3,2024-12-13
11533,587,180,1,2025-12-09
11534,320,476,2,2025-02-21
11535,569,83,5,2024-08-05
11536,175,346,1,2024-12-03
11537,5,235,5,2024-08-16
11538,489,167,4,2025-07-08
11539,636,314,3,2025-03-19
11540,482,30,1,2025-07-30
11541,147,296,5,2025-07-10
11542,31,379,2,2025-08-25
11543,642,133,3,2025-11-06
11544,506,244,3,2026-01-27
11545,43,144,3,2025-05-24
11546,145,385,4,2025-08-25
11547,488,282,1,2024-12-06
11548,507,393,1,2025-11-05
11549,290,232,1,2025-04-13
11550,195,222,4,2025-07-05
11551,608,88,5,2025-05-21
11552,529,202,5,2025-02-19
11553,937,96,4,2024-11-29
11554,184,310,1,2026-03-24
11555,196,340,1,2024-09-18
11556,938,327,1,2025-02-11
11557,564,146,1,2025-09-18
11558,807,358,4,2025-01-05
11559,619,388,3,2024-10-13
11560,643,269,2,2024-10-06
11561,924,188,4,2026-06-21
11562,559,429,3,2026-02-08
11563,154,420,1,2025-11-28
11564,442,197,1,2024-08-18
11565,831,220,3,2024-11-20
11566,440,436,1,2025-09-21
11567,908,418,1,2026-05-29
11568,688,381,5,2025-06-09
11569,62,491,3,2024-11-14
11570,895,153,3,2026-02-05
11571,953,363,4,2026-03-10
11572,136,91,5,2025-08-24
11573,227,293,4,2024-09-30
11574,819,75,4,2026-03-03
11575,323,288,5,2024-09-30
11576,540,209,1,2025-11-17
11577,517,318,2,2026-01-14
11578,172,223,2,2024-09-14
11579,265,404,4,2025-02-22
11580,458,317,4,2026-07-10
11581,97,383,2,2025-01-07
11582,81,276,2,2026-04-09
11583,582,345,2,2024-12-07
11584,349,428,1,2025-11-18
11585,469,464,5,2026-06-21
11586,515,405,5,2026-02-08
11587,836,418,1,2025-06-01
11588,366,453,4,2025-11-21
11589,189,110,4,2025-12-31
11590,633,93,2,2025-05-13
11591,514,448,3,2025-09-02
11592,978,363,4,2026-05-14
11593,544,281,4,2025-09-07
11594,458,409,5,2026-05-18
11595,912,137,4,2026-05-10
11596,349,325,4,2025-04-25
11597,772,36,1,2026-06-06
11598,884,113,4,2025-10-25
11599,278,385,2,2025-03-13
11600,645,312,4,2025-01-15
11601,685,468,1,2025-03-01
11602,224,264,3,2025-06-23
11603,642,61,3,2025-07-02
11604,292,408,2,2025-04-26
11605,507,17,4,2025-04-28
11606,782,206,4,2025-01-23
11607,111,449,4,2025-02-10
11608,760,258,3,2026-06-16
11609,598,178,5,2026-06-14
11610,437,500,5,2025-02-24
11611,775,20,3,2026-01-13
11612,75,232,4,2026-02-03
11613,28,461,2,2025-07-28
11614,413,485,4,2025-08-16
11615,70,470,4,2026-05-10
11616,920,492,2,2025-11-15
11617,89,10,3,2025-08-12
11618,792,32,3,2024-08-25
11619,876,226,1,2025-06-26
11620,4,297,2,2024-08-04
11621,732,469,2,2025-07-11
11622,41,81,2,2024-09-11
11623,274,62,3,2025-09-04
11624,297,245,5,2025-11-24
11625,382,72,5,2025-06-15
11626,663,364,2,2026-06-03
11627,338,457,3,2025-01-19
11628,921,27,3,2025-11-13
11629,419,228,4,2026-04-08
11630,421,110,5,2025-12-24
11631,894,184,5,2026-02-19
11632,582,10,3,2024-10-25
11633,393,11,3,2025-07-22
11634,837,425,3,2025-08-14
11635,678,398,2,2025-01-25
11636,188,30,5,2025-01-10
11637,469,221,1,2025-09-13
11638,730,79,5,2025-11-18
11639,293,110,4,2026-07-11
11640,57,281,3,2026-06-22
11641,535,274,2,2025-03-04
11642,917,477,5,2026-03-27
11643,666,78,4,2024-11-18
11644,318,65,2,2026-01-28
11645,869,86,3,2025-05-03
11646,275,388,3,2025-12-09
11647,11,69,2,2025-07-24
11648,414,224,3,2024-11-07
11649,610,72,4,2026-06-11
11650,25,446,3,2026-05-10
11651,657,422,3,2025-11-27
11652,641,472,1,2025-04-10
11653,162,323,3,2024-12-11
11654,425,498,4,2025-02-14
11655,463,279,3,2026-06-02
11656,886,193,5,2025-03-20
11657,158,95,1,2025-01-06
11658,200,90,2,2025-11-11
11659,431,300,3,2025-12-23
11660,815,450,1,2025-06-01
11661,476,307,3,2025-09-11
11662,295,268,4,2026-02-21
11663,927,233,2,2025-01-13
11664,69,223,2,2025-06-23
11665,732,102,3,2026-04-25
11666,935,453,5,2025-05-09
11667,319,415,4,2025-01-18
11668,590,383,1,2025-10-02
11669,996,102,4,2025-11-15
11670,329,79,1,2025-01-19
11671,931,263,2,2024-10-04
11672,760,399,3,2025-12-15
11673,351,439,3,2025-09-22
11674,532,217,4,2024-12-25
11675,370,348,3,2025-12-10
11676,516,33,1,2026-02-14
11677,927,194,3,2025-11-26
11678,44,245,2,2026-06-30
11679,874,240,3,2025-04-14
11680,750,204,1,2025-11-19
11681,166,179,3,2024-08-07
11682,625,141,2,2026-03-23
11683,717,298,2,2026-01-19
11684,675,449,1,2024-07-31
11685,509,437,5,2026-02-21
11686,763,334,2,2026-03-12
11687,593,114,4,2025-09-02
11688,423,316,2,2026-04-24
11689,562,410,4,2025-09-09
11690,581,477,5,2025-02-11
11691,343,141,5,2026-04-27
11692,478,117,5,2025-06-02
11693,603,43,4,2025-06-13
11694,531,74,4,2025-06-04
11695,335,3,3,2026-05-04
11696,537,455,2,2026-06-14
11697,59,164,5,2024-08-19
11698,990,315,3,2025-12-11
11699,83,460,2,2025-01-26
11700,322,34,4,2026-02-10
11701,443,281,3,2024-08-04
11702,814,16,4,2025-12-25
11703,900,404,4,2025-12-30
11704,663,288,5,2024-09-27
11705,969,174,1,2025-03-19
11706,938,157,3,2024-08-07
11707,458,353,3,2026-05-09
11708,686,214,3,2025-05-14
11709,165,285,5,2025-03-24
11710,236,253,4,2026-02-09
11711,426,153,4,2025-12-28
11712,696,64,3,2024-09-19
11713,29,463,5,2026-01-17
11714,325,382,1,2025-06-15
11715,5,51,5,2026-05-27
11716,895,335,5,2025-03-11
11717,395,341,3,2025-12-03
11718,696,307,2,2025-11-13
11719,675,228,2,2024-12-06
11720,993,276,5,2025-08-03
11721,372,323,3,2024-11-24
11722,761,403,4,2025-08-25
11723,156,380,2,2026-05-28
11724,357,290,4,2025-08-09
11725,267,235,5,2024-08-05
11726,744,173,1,2025-07-02
11727,483,132,1,2025-09-04
11728,641,324,3,2025-02-19
11729,377,138,1,2025-08-29
11730,83,440,5,2025-04-23
11731,554,371,1,2024-08-17
11732,125,262,4,2026-06-13
11733,132,60,4,2025-03-20
11734,820,215,5,2024-08-21
11735,362,249,2,2025-06-11
11736,768,139,5,2026-06-11
11737,552,133,5,2026-03-23
11738,681,58,2,2026-01-06
11739,510,412,1,2026-01-16
11740,607,482,3,2026-01-22
11741,391,25,1,2025-03-18
11742,250,186,2,2025-08-29
11743,23,284,3,2025-08-18
11744,909,473,2,2025-03-28
11745,604,139,3,2026-03-16
11746,219,14,3,2025-07-22
11747,967,29,1,2024-10-19
11748,832,173,4,2025-11-13
11749,187,270,5,2025-04-15
11750,73,332,4,2024-09-20
11751,344,349,3,2026-03-22
11752,273,12,4,2025-01-30
11753,797,101,2,2025-08-25
11754,895,128,4,2025-04-27
11755,955,176,3,2026-03-30
11756,767,292,3,2024-12-19
11757,524,490,5,2026-03-15
11758,802,239,4,2025-10-26
11759,612,158,4,2024-12-24
11760,464,122,4,2025-09-04
11761,747,165,3,2026-02-05
11762,843,441,5,2025-08-21
11763,18,391,2,2026-02-17
11764,148,432,2,2024-10-06
11765,514,9,3,2026-04-24
11766,481,436,4,2026-05-28
11767,78,80,2,2024-08-07
11768,270,475,4,2026-06-29
11769,346,185,4,2026-07-14
11770,588,221,4,2025-11-17
11771,24,247,2,2025-01-09
11772,672,369,2,2024-10-31
11773,626,378,1,2026-03-24
11774,206,94,2,2025-08-29
11775,984,136,3,2026-07-05
11776,98,1,4,2026-01-04
11777,74,186,1,2024-10-02
11778,895,19,4,2025-11-04
11779,358,494,3,2025-06-17
11780,900,402,1,2025-11-26
11781,485,316,3,2025-12-27
11782,895,321,3,2024-12-17
11783,632,41,2,2026-06-19
11784,919,44,4,2026-03-31
11785,348,185,1,2024-11-11
11786,458,242,4,2025-10-08
11787,38,236,3,2024-09-02
11788,235,126,5,2026-05-09
11789,555,106,5,2025-09-25
11790,439,459,5,2024-10-25
11791,78,417,1,2025-02-18
11792,745,369,3,2026-07-03
11793,127,397,1,2025-01-01
11794,398,256,2,2026-01-23
11795,27,93,2,2025-10-31
11796,109,272,3,2025-01-23
11797,629,421,5,2024-12-28
11798,756,28,4,2024-11-17
11799,590,353,3,2025-02-21
11800,217,133,1,2025-12-12
11801,735,50,1,2025-09-21
11802,503,55,2,2025-06-01
11803,703,234,4,2025-09-04
11804,299,128,5,2026-04-29
11805,811,437,5,2025-06-05
11806,867,387,1,2025-07-20
11807,598,22,5,2026-05-10
11808,617,172,1,2025-05-30
11809,797,108,2,2026-05-29
11810,158,427,5,2024-09-30
11811,602,202,2,2025-10-12
11812,440,37,2,2025-04-25
11813,660,455,4,2026-01-10
11814,637,253,2,2025-10-02
11815,219,215,2,2026-04-23
11816,603,87,2,2024-11-04
11817,825,425,2,2024-08-02
11818,29,402,2,2025-01-25
11819,970,324,2,2026-03-13
11820,114,195,3,2025-02-21
11821,355,119,5,2026-01-17
11822,354,335,4,2025-06-06
11823,300,1,2,2026-01-10
11824,496,412,5,2024-07-27
11825,28,449,5,2024-11-07
11826,869,242,5,2025-04-19
11827,618,266,2,2024-11-01
11828,606,191,3,2026-05-03
11829,592,97,2,2025-03-11
11830,126,61,1,2025-07-09
11831,796,322,1,2026-04-22
11832,399,206,3,2026-03-04
11833,752,149,4,2025-03-26
11834,978,85,1,2024-09-26
11835,682,283,2,2025-01-20
11836,504,167,5,2025-12-20
11837,907,309,3,2025-01-13
11838,807,49,3,2025-07-02
11839,127,407,3,2024-11-08
11840,753,90,1,2026-06-09
11841,976,301,2,2025-12-06
11842,784,425,2,2025-12-12
11843,789,264,5,2026-04-06
11844,587,346,5,2026-05-10
11845,66,110,2,2025-04-05
11846,493,451,4,2024-08-29
11847,232,163,4,2026-07-19
11848,596,82,5,2024-09-04
11849,672,358,2,2024-11-23
11850,392,125,4,2025-12-08
11851,899,351,3,2024-10-18
11852,384,452,4,2025-01-28
11853,816,399,5,2025-02-05
11854,706,80,5,2026-01-11
11855,900,282,3,2025-06-20
11856,562,419,5,2025-10-10
11857,24,311,2,2025-01-08
11858,220,480,2,2024-08-31
11859,31,140,3,2024-11-30
11860,690,212,4,2025-08-24
11861,751,428,3,2025-11-25
11862,110,329,1,2026-03-21
11863,842,454,1,2025-07-09
11864,371,453,1,2025-06-12
11865,239,40,5,2025-11-05
11866,545,329,1,2025-12-27
11867,117,186,3,2026-06-06
11868,662,352,1,2024-11-08
11869,169,244,2,2025-09-12
11870,390,184,1,2024-10-26
11871,959,284,1,2025-09-04
11872,258,103,1,2025-05-15
11873,456,202,4,2025-11-03
11874,411,466,5,2025-01-25
11875,842,391,4,2026-06-24
11876,670,420,2,2025-09-28
11877,30,153,2,2025-03-06
11878,224,242,5,2026-01-05
11879,602,339,4,2025-10-28
11880,598,472,1,2026-02-03
11881,155,422,3,2025-12-22
11882,889,333,3,2025-05-05
11883,553,125,2,2025-02-06
11884,540,73,2,2025-02-12
11885,289,353,5,2025-08-12
11886,746,443,2,2025-11-24
11887,576,296,4,2024-11-08
11888,228,144,4,2026-03-17
11889,966,252,3,2025-05-04
11890,274,378,1,2024-11-07
11891,793,313,4,2026-06-20
11892,370,224,4,2025-07-28
11893,348,217,2,2026-05-20
11894,199,315,4,2025-12-31
11895,873,152,1,2026-03-04
11896,518,419,3,2025-08-12
11897,468,221,5,2026-06-16
11898,572,376,1,2024-09-15
11899,563,313,1,2025-12-19
11900,241,195,4,2025-10-06
11901,886,40,2,2025-04-25
11902,703,225,2,2025-11-08
11903,502,30,5,2025-03-26
11904,847,148,4,2025-01-03
11905,802,23,1,2025-04-08
11906,550,34,5,2025-01-16
11907,901,3,1,2025-10-02
11908,313,388,4,2025-08-29
11909,916,140,3,2026-05-31
11910,60,297,2,2026-06-18
11911,522,373,4,2025-02-20
11912,324,448,5,2024-07-30
11913,947,449,5,2025-10-01
11914,589,220,2,2025-03-22
11915,72,319,2,2026-06-17
11916,798,313,2,2024-09-02
11917,479,231,3,2025-07-01
11918,971,235,5,2025-06-11
11919,919,404,5,2025-08-17
11920,127,300,2,2026-07-18
11921,605,146,3,2025-01-08
11922,926,280,4,2025-09-21
11923,983,262,3,2025-03-15
11924,270,464,3,2024-10-26
11925,965,495,5,2026-06-14
11926,43,117,2,2026-07-07
11927,816,344,2,2026-02-01
11928,974,443,1,2025-10-12
11929,15,290,4,2025-12-24
11930,947,377,5,2025-07-19
11931,669,300,4,2025-05-08
11932,7,385,1,2025-09-06
11933,444,459,4,2026-02-04
11934,787,298,1,2024-08-07
11935,735,92,2,2025-08-06
11936,86,283,4,2026-03-15
11937,113,228,4,2024-07-31
11938,750,360,5,2025-05-26
11939,668,479,3,2025-09-04
11940,467,361,5,2024-10-15
11941,722,204,1,2024-09-04
11942,829,12,2,2025-01-31
11943,430,500,5,2026-03-03
11944,205,237,1,2025-10-06
11945,241,368,4,2026-03-22
11946,736,168,3,2025-04-16
11947,281,415,2,2025-03-27
11948,241,276,4,2025-09-15
11949,555,128,1,2025-08-10
11950,973,116,5,2026-04-29
11951,590,467,4,2025-11-19
11952,275,278,1,2025-01-01
11953,34,413,4,2025-07-03
11954,287,297,3,2025-12-13
11955,362,141,4,2025-03-30
11956,337,456,5,2025-03-18
11957,621,53,2,2025-01-01
11958,709,499,4,2025-06-05
11959,578,493,5,2024-08-05
11960,138,320,2,2025-01-28
11961,49,304,1,2026-03-11
11962,574,187,4,2025-11-12
11963,937,490,1,2026-02-04
11964,444,135,1,2025-01-30
11965,48,253,1,2025-11-24
11966,79,303,3,2026-04-24
11967,576,379,3,2025-01-27
11968,451,13,3,2024-09-16
11969,519,292,4,2026-05-05
11970,112,218,4,2025-09-18
11971,642,459,1,2025-01-22
11972,779,16,4,2025-09-28
11973,431,224,1,2024-12-23
11974,733,86,1,2024-12-28
11975,535,190,5,2025-05-24
11976,22,184,1,2026-02-19
11977,611,102,2,2025-12-14
11978,415,95,3,2025-05-17
11979,101,492,2,2026-01-16
11980,69,57,1,2026-05-09
11981,692,464,1,2026-06-17
11982,133,396,4,2025-01-09
11983,37,278,2,2026-03-07
11984,187,355,3,2025-02-01
11985,594,177,2,2025-03-11
11986,995,333,2,2026-01-15
11987,658,285,5,2024-12-26
11988,234,8,2,2026-02-04
11989,114,204,1,2024-08-18
11990,274,276,4,2024-07-27
11991,433,110,1,2026-06-17
11992,168,248,4,2025-09-11
11993,288,29,3,2026-06-05
11994,268,123,2,2025-08-21
11995,874,184,3,2026-07-14
11996,618,69,3,2024-10-16
11997,338,265,1,2026-03-09
11998,478,181,5,2025-11-20
11999,350,57,3,2025-01-05
12000,181,360,1,2025-07-19
12001,959,31,1,2025-03-20
12002,108,348,1,2025-09-26
12003,568,237,1,2024-11-05
12004,66,141,5,2024-11-22
12005,829,425,2,2026-05-31
12006,220,430,1,2025-06-19
12007,248,249,5,2025-12-11
12008,944,178,4,2025-05-03
12009,746,392,5,2024-08-10
12010,995,125,4,2025-01-02
12011,662,326,5,2025-04-02
12012,556,95,3,2026-01-09
12013,85,279,1,2026-05-24
12014,811,383,1,2025-10-08
12015,293,377,2,2026-07-09
12016,770,210,5,2026-04-22
12017,429,434,3,2025-08-31
12018,514,302,1,2026-02-21
12019,684,124,1,2024-09-26
12020,536,77,4,2026-01-14
12021,448,484,3,2024-09-13
12022,253,425,5,2025-01-31
12023,361,37,3,2026-04-05
12024,556,379,5,2025-04-25
12025,558,420,4,2025-12-17
12026,837,457,4,2024-08-12
12027,226,337,2,2025-03-31
12028,33,152,3,2025-10-14
12029,184,322,2,2025-03-02
12030,405,149,4,2025-06-04
12031,119,276,4,2024-09-22
12032,320,94,4,2025-07-01
12033,53,319,3,2026-02-11
12034,542,478,1,2025-10-06
12035,287,480,1,2024-12-12
12036,50,482,2,2025-01-28
12037,255,299,1,2025-11-18
12038,489,95,1,2025-10-08
12039,144,214,2,2024-12-22
12040,191,444,3,2025-10-14
12041,883,185,2,2025-06-10
12042,644,374,3,2025-08-11
12043,914,376,3,2025-11-02
12044,566,108,2,2025-09-27
12045,53,399,5,2026-06-29
12046,826,10,4,2025-03-18
12047,976,434,3,2025-06-01
12048,709,371,2,2026-03-07
12049,850,14,5,2026-06-11
12050,92,85,3,2024-12-03
12051,693,428,2,2025-12-24
12052,787,433,3,2026-04-06
12053,204,183,5,2026-02-09
12054,402,93,2,2024-09-06
12055,547,11,3,2025-01-18
12056,571,368,3,2024-12-27
12057,622,306,4,2026-03-26
12058,214,313,5,2025-04-03
12059,683,184,5,2025-07-01
12060,762,228,1,2024-12-05
12061,151,161,2,2025-12-25
12062,935,181,2,2025-04-05
12063,177,36,5,2026-01-09
12064,144,229,4,2026-05-29
12065,123,139,1,2026-03-11
12066,764,9,5,2025-08-29
12067,478,185,2,2025-11-20
12068,718,383,1,2024-11-30
12069,714,99,4,2024-12-24
12070,58,203,3,2025-02-04
12071,800,168,2,2025-03-06
12072,38,486,2,2025-10-11
12073,61,16,2,2025-12-12
12074,317,56,4,2026-05-29
12075,785,21,5,2025-08-28
12076,71,393,5,2024-11-15
12077,892,153,3,2025-08-26
12078,240,480,4,2025-08-27
12079,373,381,3,2024-09-10
12080,417,54,5,2025-09-05
12081,355,112,3,2025-10-18
12082,60,281,2,2026-05-07
12083,220,422,3,2024-08-25
12084,184,338,3,2024-07-23
12085,777,482,1,2024-12-24
12086,636,189,3,2024-11-13
12087,568,207,4,2025-09-17
12088,740,239,1,2024-08-31
12089,977,268,4,2025-08-18
12090,730,160,1,2024-10-20
12091,423,340,1,2025-08-03
12092,723,278,1,2026-03-11
12093,68,334,2,2026-07-23
12094,596,54,5,2025-08-26
12095,847,47,3,2025-02-03
12096,902,181,2,2026-07-09
12097,716,212,1,2024-12-03
12098,963,57,4,2025-07-29
12099,685,98,1,2025-01-29
12100,302,138,4,2026-05-08
12101,126,39,2,2025-09-08
12102,761,405,1,2024-12-11
12103,110,316,3,2026-07-22
12104,278,275,4,2026-04-25
12105,27,284,3,2026-02-20
12106,397,175,3,2026-06-02
12107,396,438,1,2025-04-17
12108,129,12,1,2026-07-20
12109,727,133,2,2026-05-15
12110,472,449,5,2025-06-29
12111,395,171,3,2025-08-06
12112,167,195,5,2026-03-19
12113,715,445,4,2025-10-10
12114,366,493,3,2025-07-05
12115,348,202,4,2025-01-13
12116,238,169,5,2025-04-23
12117,432,115,2,2025-11-13
12118,407,455,3,2024-11-04
12119,970,105,4,2026-07-18
12120,378,106,5,2026-07-02
12121,311,400,5,2024-09-20
12122,70,30,3,2024-10-12
12123,326,462,2,2025-06-07
12124,722,424,4,2026-04-09
12125,945,417,1,2025-05-31
12126,122,461,3,2025-04-26
12127,459,314,4,2025-05-09
12128,217,212,5,2025-09-20
12129,833,199,2,2026-02-21
12130,601,365,4,2025-09-23
12131,415,351,5,2024-08-26
12132,932,280,5,2024-09-13
12133,193,290,4,2025-05-05
12134,918,81,3,2024-09-08
12135,529,390,2,2024-10-30
12136,307,242,4,2026-02-19
12137,435,251,1,2026-01-08
12138,383,76,5,2025-08-21
12139,747,65,3,2024-10-15
12140,811,497,3,2024-12-10
12141,748,79,4,2025-07-28
12142,205,314,2,2024-11-05
12143,39,308,2,2024-10-29
12144,918,208,3,2026-01-10
12145,663,2,2,2024-07-31
12146,562,166,1,2024-08-31
12147,764,388,1,2025-02-13
12148,668,413,4,2025-10-05
12149,92,363,2,2024-10-17
12150,494,188,1,2025-02-26
12151,705,325,2,2025-10-06
12152,575,350,2,2025-09-14
12153,326,162,2,2025-04-19
12154,760,370,3,2026-06-02
12155,936,64,5,2025-11-05
12156,463,326,5,2025-10-09
12157,41,328,3,2026-06-02
12158,114,222,2,2025-09-20
12159,699,447,1,2025-05-09
12160,298,264,1,2025-05-27
12161,277,162,4,2025-12-20
12162,758,160,4,2026-02-06
12163,602,483,2,2024-07-29
12164,283,136,3,2024-08-12
12165,269,109,3,2025-02-23
12166,113,135,3,2026-01-15
12167,294,313,5,2025-11-06
12168,625,164,5,2024-08-11
12169,988,151,3,2025-04-25
12170,824,291,4,2026-05-04
12171,520,169,2,2026-04-06
12172,143,278,2,2024-10-04
12173,805,23,4,2025-03-04
12174,823,24,4,2026-06-02
12175,410,14,1,2026-05-14
12176,749,15,4,2025-10-20
12177,93,97,5,2025-09-30
12178,218,86,2,2025-09-22
12179,658,315,5,2024-11-03
12180,627,13,4,2025-11-24
12181,848,483,1,2026-04-21
12182,810,216,5,2026-04-14
12183,489,173,1,2024-12-24
12184,383,29,4,2025-07-03
12185,908,260,3,2024-09-10
12186,162,56,4,2025-03-02
12187,589,203,5,2026-05-24
12188,302,74,2,2024-10-07
12189,444,99,1,2025-03-23
12190,267,413,1,2025-02-05
12191,280,486,2,2026-01-30
12192,699,408,2,2025-04-14
12193,500,256,2,2025-09-28
12194,120,194,5,2026-06-12
12195,296,208,4,2026-06-09
12196,136,251,1,2025-07-08
12197,897,172,3,2025-07-29
12198,363,334,4,2026-06-08
12199,434,20,5,2026-05-21
12200,275,144,1,2025-02-07
12201,533,364,5,2025-07-30
12202,394,458,5,2026-06-26
12203,758,344,1,2025-05-12
12204,564,208,5,2025-05-27
12205,58,289,2,2024-11-09
12206,329,19,1,2026-02-16
12207,474,421,2,2024-11-02
12208,207,81,1,2026-01-14
12209,636,196,5,2024-09-07
12210,195,57,3,2025-09-26
12211,710,102,5,2026-04-12
12212,755,367,1,2025-01-27
12213,596,197,3,2026-02-06
12214,114,211,5,2025-11-22
12215,973,235,1,2025-09-17
12216,858,182,5,2026-02-14
12217,270,392,2,2026-03-30
12218,482,185,1,2025-03-22
12219,931,237,5,2025-02-20
12220,947,144,4,2024-12-29
12221,333,37,2,2026-04-20
12222,651,132,3,2025-04-15
12223,176,407,2,2026-06-06
12224,840,103,2,2025-09-11
12225,869,69,4,2025-03-19
12226,647,317,4,2024-12-19
12227,836,455,3,2024-12-28
12228,206,223,1,2025-05-30
12229,194,418,3,2026-03-26
12230,946,14,4,2024-11-12
12231,537,229,5,2026-02-27
12232,805,119,3,2026-06-14
12233,607,317,4,2025-04-19
12234,349,40,2,2024-08-28
12235,740,376,2,2024-11-25
12236,350,480,5,2025-06-18
12237,257,438,2,2024-12-19
12238,126,311,2,2025-03-28
12239,494,471,5,2025-06-17
12240,986,399,3,2025-05-07
12241,220,273,5,2025-05-12
12242,991,83,1,2025-08-16
12243,936,366,4,2024-09-06
12244,48,94,2,2024-08-24
12245,840,377,2,2025-10-11
12246,329,389,1,2026-03-05
12247,887,310,4,2026-06-03
12248,874,134,3,2024-08-31
12249,863,400,4,2025-04-03
12250,793,461,3,2026-03-14
12251,978,368,1,2026-06-29
12252,518,316,4,2025-03-28
12253,153,90,1,2026-05-02
12254,894,135,1,2025-04-17
12255,885,401,5,2026-07-03
12256,847,22,5,2025-02-22
12257,188,305,4,2025-10-12
12258,488,461,5,2025-05-31
12259,686,117,2,2025-03-24
12260,374,225,4,2026-03-04
12261,469,36,3,2024-10-25
12262,38,452,1,2026-03-17
12263,574,136,1,2025-05-17
12264,19,179,5,2026-06-24
12265,34,213,1,2024-11-01
12266,186,356,3,2025-06-19
12267,219,462,2,2025-10-24
12268,11,26,2,2025-02-11
12269,871,381,2,2024-09-25
12270,274,84,1,2025-10-04
12271,499,57,3,2024-10-16
12272,614,167,3,2024-10-26
12273,540,275,3,2025-01-13
12274,687,81,2,2025-05-02
12275,274,129,4,2026-04-19
12276,50,309,5,2026-05-10
12277,898,350,1,2025-09-04
12278,837,158,4,2025-12-26
12279,601,440,4,2025-01-19
12280,317,363,1,2026-02-08
12281,978,464,4,2025-03-17
12282,345,216,3,2024-11-19
12283,163,289,2,2026-03-11
12284,694,446,1,2025-07-21
12285,804,188,2,2025-08-20
12286,257,87,3,2024-08-03
12287,855,25,3,2024-10-26
12288,612,427,5,2026-05-13
12289,769,233,4,2025-02-12
12290,34,193,3,2026-07-09
12291,558,119,5,2026-02-20
12292,260,268,3,2024-08-15
12293,441,16,4,2026-04-04
12294,89,266,4,2026-01-06
12295,574,172,4,2025-12-31
12296,949,322,5,2024-08-03
12297,580,198,5,2025-06-14
12298,662,308,2,2024-10-02
12299,670,335,5,2024-10-07
12300,430,192,5,2024-12-19
12301,87,246,3,2025-06-22
12302,115,404,2,2025-02-01
12303,525,203,1,2026-02-05
12304,519,204,5,2026-06-01
12305,501,426,4,2026-06-03
12306,448,276,2,2025-10-15
12307,314,216,5,2026-01-15
12308,105,129,2,2026-04-18
12309,643,362,3,2025-10-02
12310,462,206,2,2025-09-29
12311,945,361,4,2025-02-18
12312,960,289,4,2025-02-16
12313,457,213,3,2026-05-26
12314,278,181,4,2026-06-17
12315,452,345,5,2025-08-26
12316,137,99,4,2025-01-09
12317,947,492,3,2025-11-17
12318,573,187,5,2025-08-27
12319,874,269,5,2024-11-13
12320,929,29,1,2024-09-20
12321,1000,210,4,2024-12-18
12322,696,131,4,2025-12-24
12323,279,64,2,2024-08-21
12324,230,84,5,2024-08-27
12325,986,151,4,2025-07-31
12326,304,128,1,2025-07-03
12327,338,90,3,2026-07-17
12328,197,477,4,2025-04-27
12329,30,354,3,2026-03-09
12330,678,112,3,2024-08-13
12331,272,472,1,2024-12-26
12332,202,488,4,2024-08-15
12333,14,141,5,2025-11-13
12334,504,109,3,2025-11-18
12335,803,134,5,2025-11-29
12336,724,48,4,2026-05-03
12337,234,115,4,2025-04-29
12338,295,384,4,2024-10-24
12339,990,84,2,2026-05-02
12340,988,476,5,2024-12-22
12341,987,460,3,2024-12-07
12342,244,98,3,2025-09-25
12343,564,75,5,2026-04-04
12344,857,371,5,2025-11-05
12345,15,136,5,2025-06-29
12346,258,141,1,2026-03-20
12347,307,241,2,2026-02-05
12348,318,54,4,2025-07-18
12349,400,322,3,2026-04-30
12350,341,54,1,2026-06-14
12351,650,304,1,2025-05-24
12352,544,464,1,2026-01-17
12353,889,71,1,2025-09-23
12354,71,53,4,2026-05-18
12355,94,141,2,2026-03-07
12356,138,226,2,2025-06-23
12357,117,229,4,2025-12-10
12358,430,95,3,2024-11-03
12359,330,221,1,2025-04-04
12360,155,163,3,2026-05-05
12361,399,232,3,2026-04-10
12362,122,365,1,2025-06-21
12363,402,29,5,2025-07-11
12364,277,283,5,2026-02-09
12365,835,377,1,2026-02-20
12366,934,242,2,2026-01-20
12367,526,306,3,2026-06-17
12368,648,367,3,2026-01-05
12369,417,319,4,2026-05-13
12370,524,415,3,2025-08-08
12371,858,411,4,2026-02-03
12372,744,21,5,2026-07-11
12373,787,253,2,2025-02-09
12374,167,364,3,2025-11-21
12375,435,309,1,2025-11-07
12376,344,451,3,2026-02-22
12377,49,491,4,2026-04-25
12378,321,317,1,2024-08-26
12379,355,286,5,2025-07-08
12380,18,265,3,2025-11-15
12381,678,375,1,2024-11-13
12382,761,85,3,2025-05-27
12383,422,364,2,2026-06-24
12384,903,110,1,2026-04-22
12385,543,284,5,2024-08-29
12386,258,85,5,2026-03-06
12387,624,181,4,2025-04-04
12388,673,178,1,2024-10-23
12389,635,451,4,2026-01-04
12390,231,417,2,2024-09-05
12391,863,355,5,2025-08-22
12392,125,457,2,2025-07-22
12393,891,428,5,2026-03-29
12394,521,479,3,2025-01-04
12395,18,134,2,2025-11-04
12396,787,167,3,2026-01-10
12397,814,310,3,2026-05-16
12398,250,478,2,2025-05-29
12399,212,233,4,2025-02-19
12400,975,18,3,2025-09-25
12401,224,83,3,2025-07-28
12402,917,313,5,2025-09-05
12403,740,205,2,2024-10-26
12404,809,256,1,2024-11-01
12405,375,125,2,2025-12-22
12406,133,119,2,2025-03-14
12407,141,48,5,2025-02-11
12408,503,154,1,2026-07-05
12409,481,142,1,2026-02-03
12410,57,199,5,2026-04-22
12411,942,402,4,2026-02-13
12412,351,56,1,2025-09-19
12413,701,359,1,2025-09-13
12414,154,408,5,2025-07-04
12415,705,128,2,2025-10-28
12416,554,399,4,2026-07-05
12417,51,153,2,2025-12-03
12418,734,221,3,2026-05-13
12419,201,420,4,2024-10-05
12420,616,261,1,2025-07-24
12421,802,395,1,2024-09-09
12422,339,212,2,2024-09-12
12423,164,20,2,2025-01-01
12424,750,225,2,2025-12-03
12425,14,121,5,2024-11-05
12426,486,264,5,2024-09-14
12427,501,167,5,2026-03-06
12428,440,15,2,2024-11-28
12429,564,382,5,2026-02-08
12430,607,57,4,2025-11-29
12431,516,162,3,2025-12-14
12432,833,386,2,2026-01-08
12433,599,457,4,2025-10-06
12434,983,355,5,2026-02-22
12435,565,179,5,2024-10-03
12436,328,66,5,2025-12-03
12437,601,144,1,2026-02-16
12438,850,380,2,2024-08-05
12439,854,499,2,2026-02-07
12440,617,92,4,2025-01-15
12441,119,143,4,2026-03-02
12442,577,490,1,2026-05-12
12443,611,247,2,2026-01-12
12444,299,220,2,2025-10-10
12445,238,17,4,2024-10-27
12446,426,181,3,2025-06-18
12447,362,414,1,2024-08-16
12448,952,254,3,2024-10-06
12449,393,351,3,2025-07-10
12450,425,240,4,2025-10-17
12451,290,114,3,2026-01-14
12452,411,216,1,2026-01-07
12453,269,287,5,2025-06-01
12454,186,436,1,2024-07-30
12455,372,52,3,2025-09-30
12456,343,456,1,2026-03-10
12457,549,420,4,2025-01-11
12458,187,166,3,2024-11-02
12459,647,275,3,2026-04-20
12460,354,449,4,2026-03-22
12461,32,127,3,2025-02-01
12462,327,245,5,2024-10-10
12463,360,222,5,2026-04-20
12464,74,134,4,2025-04-26
12465,995,345,4,2024-12-07
12466,827,487,3,2025-10-04
12467,163,130,2,2025-07-26
12468,989,265,5,2025-01-03
12469,306,315,2,2025-08-11
12470,980,195,3,2024-12-25
12471,315,70,2,2026-01-19
12472,917,332,4,2026-06-23
12473,797,240,4,2026-04-01
12474,221,341,2,2025-07-26
12475,630,241,5,2024-12-26
12476,46,475,3,2025-01-08
12477,593,286,1,2025-06-12
12478,356,267,3,2025-12-25
12479,225,500,4,2025-10-30
12480,129,153,2,2025-11-25
12481,621,108,5,2026-02-23
12482,765,11,4,2024-12-19
12483,291,122,3,2024-12-02
12484,229,242,1,2025-01-19
12485,597,310,2,2025-11-25
12486,754,251,5,2026-03-13
12487,782,287,1,2025-06-21
12488,579,214,5,2025-06-10
12489,262,139,2,2025-08-07
12490,858,195,1,2025-06-03
12491,491,90,2,2025-10-22
12492,592,117,1,2026-06-16
12493,225,461,5,2024-10-09
12494,776,299,2,2024-10-08
12495,475,493,2,2026-04-07
12496,652,315,3,2025-02-20
12497,257,4,2,2025-11-16
12498,485,66,1,2026-06-09
12499,957,166,5,2025-03-21
12500,953,53,2,2026-01-04
12501,100,463,4,2026-02-15
12502,609,69,2,2026-03-25
12503,132,457,3,2025-08-27
12504,217,223,3,2025-12-21
12505,618,276,3,2025-04-12
12506,234,295,5,2024-11-19
12507,288,485,1,2026-05-07
12508,672,246,3,2026-04-07
12509,85,144,3,2024-08-14
12510,860,156,4,2024-11-15
12511,236,215,5,2024-11-01
12512,864,135,3,2026-04-12
12513,391,274,4,2025-08-02
12514,301,102,2,2025-04-23
12515,582,452,4,2026-06-17
12516,518,167,2,2024-08-27
12517,275,375,2,2025-03-09
12518,690,345,3,2025-08-04
12519,945,413,3,2024-10-17
12520,981,184,3,2025-06-07
12521,877,162,5,2025-11-01
12522,829,48,5,2025-10-02
12523,598,343,1,2026-03-17
12524,356,205,4,2025-09-02
12525,37,99,3,2026-02-02
12526,828,113,3,2026-07-15
12527,705,201,3,2025-04-29
12528,607,206,2,2026-06-11
12529,590,71,4,2026-06-24
12530,291,7,5,2026-07-08
12531,305,38,3,2024-12-30
12532,581,388,4,2026-01-26
12533,481,139,3,2025-01-21
12534,474,221,5,2026-07-06
12535,199,96,4,2026-07-12
12536,558,174,3,2025-02-10
12537,778,219,4,2025-09-27
12538,125,151,5,2025-01-16
12539,517,372,2,2025-12-02
12540,364,279,4,2025-02-03
12541,615,185,5,2026-04-19
12542,39,288,5,2024-11-08
12543,332,496,4,2025-06-20
12544,312,139,4,2026-06-18
12545,851,377,1,2026-05-22
12546,939,281,4,2025-05-06
12547,168,55,3,2025-04-05
12548,628,32,2,2025-11-23
12549,498,3,1,2026-07-08
12550,178,308,4,2024-08-14
12551,9,377,4,2025-12-13
12552,435,238,3,2025-03-29
12553,206,24,3,2026-03-06
12554,487,100,3,2024-09-04
12555,999,285,4,2026-05-14
12556,549,23,4,2025-04-19
12557,14,57,4,2025-09-11
12558,959,96,4,2026-06-12
12559,463,379,3,2026-01-24
12560,283,95,5,2026-04-15
12561,926,290,4,2024-09-26
12562,186,416,5,2026-03-03
12563,891,348,3,2025-11-26
12564,120,230,3,2024-12-17
12565,667,4,3,2024-11-02
12566,560,79,3,2024-09-03
12567,856,437,1,2025-02-18
12568,837,126,3,2025-12-02
12569,96,462,3,2026-07-18
12570,1,352,1,2025-10-02
12571,821,175,5,2026-07-06
12572,216,260,4,2025-10-20
12573,159,70,4,2025-07-22
12574,896,142,2,2026-03-21
12575,164,230,1,2026-01-28
12576,106,395,2,2025-01-12
12577,474,157,1,2024-12-17
12578,509,390,5,2025-05-21
12579,373,436,1,2024-09-10
12580,237,449,2,2026-03-26
12581,310,428,1,2026-01-17
12582,283,84,5,2025-04-30
12583,854,227,2,2024-11-04
12584,525,51,2,2024-07-28
12585,739,311,1,2026-05-26
12586,177,77,4,2024-09-29
12587,383,435,3,2025-10-08
12588,981,143,1,2026-07-20
12589,912,65,5,2025-09-10
12590,305,99,1,2025-07-16
12591,128,439,2,2025-10-27
12592,430,410,2,2024-10-03
12593,451,232,5,2026-01-16
12594,396,464,5,2026-01-03
12595,759,335,1,2026-05-28
12596,800,444,4,2025-01-23
12597,929,333,4,2024-12-19
12598,529,114,4,2026-01-07
12599,327,17,4,2026-03-13
12600,8,354,3,2025-06-22
12601,275,476,3,2025-01-03
12602,705,402,5,2026-05-17
12603,520,393,4,2026-01-04
12604,870,301,5,2024-08-15
12605,180,167,3,2026-03-26
12606,925,367,1,2025-12-31
12607,622,360,2,2025-12-16
12608,735,443,3,2025-12-27
12609,251,262,2,2026-03-12
12610,523,456,4,2025-06-17
12611,936,62,3,2025-09-10
12612,85,364,2,2025-12-10
12613,380,489,2,2025-01-17
12614,111,174,2,2025-01-06
12615,713,120,4,2026-06-08
12616,583,487,3,2024-09-23
12617,499,6,3,2024-10-02
12618,472,84,5,2026-03-09
12619,60,274,4,2025-10-22
12620,159,394,2,2026-06-08
12621,56,423,2,2025-06-04
12622,555,266,4,2025-04-12
12623,781,498,3,2026-02-01
12624,397,111,3,2026-05-11
12625,471,243,3,2025-05-25
12626,107,208,5,2025-11-09
12627,916,43,1,2024-08-21
12628,627,302,3,2025-12-05
12629,659,460,3,2025-11-20
12630,625,322,5,2026-01-22
12631,356,228,3,2025-12-12
12632,577,206,2,2025-05-17
12633,59,157,4,2025-09-07
12634,387,449,5,2025-09-04
12635,642,360,2,2026-04-03
12636,330,494,4,2025-10-22
12637,870,90,4,2024-10-06
12638,784,53,3,2024-11-01
12639,898,202,3,2025-10-20
12640,474,376,5,2025-09-10
12641,766,335,4,2025-12-13
12642,312,207,4,2026-04-21
12643,57,104,2,2025-11-13
12644,432,377,3,2026-06-23
12645,766,29,4,2026-02-16
12646,616,166,1,2026-03-03
12647,262,344,5,2025-03-02
12648,95,205,5,2025-05-26
12649,637,478,2,2024-10-28
12650,373,60,4,2025-07-23
12651,159,318,4,2026-03-03
12652,629,359,4,2025-06-07
12653,128,102,4,2025-11-07
12654,152,393,5,2025-06-12
12655,757,107,3,2025-07-26
12656,541,455,1,2025-02-01
12657,618,203,3,2025-05-19
12658,306,366,1,2025-07-23
12659,958,234,5,2025-04-04
12660,991,292,4,2026-01-18
12661,382,353,2,2026-01-08
12662,479,307,5,2025-11-02
12663,83,158,3,2025-12-12
12664,544,200,4,2025-10-29
12665,140,5,5,2025-10-21
12666,377,322,5,2026-03-25
12667,282,482,4,2025-10-25
12668,411,5,3,2024-10-28
12669,49,162,1,2024-08-22
12670,696,50,2,2025-12-15
12671,227,491,5,2024-08-28
12672,547,187,3,2024-12-09
12673,793,173,3,2026-03-12
12674,648,174,2,2025-09-19
12675,669,249,1,2026-02-18
12676,790,247,5,2025-02-08
12677,425,313,4,2025-05-24
12678,378,173,2,2025-01-28
12679,368,262,1,2025-03-14
12680,577,384,5,2025-09-18
12681,485,115,2,2025-08-26
12682,423,314,4,2026-05-26
12683,37,281,2,2026-03-19
12684,509,422,5,2026-04-11
12685,858,155,5,2026-04-18
12686,536,7,1,2024-08-04
12687,796,50,5,2025-12-13
12688,77,116,1,2024-11-14
12689,896,11,5,2024-09-26
12690,535,486,2,2026-03-14
12691,744,399,5,2025-05-25
12692,703,347,3,2025-03-17
12693,568,473,3,2026-01-11
12694,405,358,3,2024-07-24
12695,351,176,5,2025-11-28
12696,368,151,3,2024-08-14
12697,421,486,5,2024-11-07
12698,735,279,3,2026-01-28
12699,302,133,3,2024-09-30
12700,846,1,5,2024-10-30
12701,287,295,4,2026-05-08
12702,887,314,2,2026-06-25
12703,743,24,1,2025-02-27
12704,247,319,1,2026-07-12
12705,420,269,1,2025-04-18
12706,930,121,3,2026-05-05
12707,315,72,3,2025-05-15
12708,3,465,3,2025-03-26
12709,184,406,1,2025-07-17
12710,269,489,5,2024-11-22
12711,559,369,3,2025-10-21
12712,56,424,5,2024-12-03
12713,418,260,5,2026-05-04
12714,273,137,4,2025-01-02
12715,216,357,1,2026-02-01
12716,80,315,4,2025-05-04
12717,532,431,5,2025-06-29
12718,240,115,1,2026-03-27
12719,361,224,5,2026-07-15
12720,919,153,5,2026-03-26
12721,123,162,2,2025-02-13
12722,187,195,4,2025-09-26
12723,82,392,1,2025-10-10
12724,230,160,5,2024-09-15
12725,271,410,2,2025-01-22
12726,333,316,3,2026-04-03
12727,445,265,2,2025-01-11
12728,515,412,2,2025-12-16
12729,24,95,1,2026-07-01
12730,315,491,5,2026-04-02
12731,550,246,1,2024-08-28
12732,224,386,3,2025-12-26
12733,782,52,2,2026-01-18
12734,882,283,3,2024-11-25
12735,385,113,2,2026-02-03
12736,17,178,1,2026-03-24
12737,949,14,4,2025-07-16
12738,217,138,5,2026-02-03
12739,864,167,5,2025-07-16
12740,888,441,1,2025-08-11
12741,100,369,1,2026-01-24
12742,163,184,3,2026-02-14
12743,400,280,2,2025-08-04
12744,802,472,3,2026-02-17
12745,197,108,3,2024-11-23
12746,475,490,4,2026-02-07
12747,607,244,4,2024-07-30
12748,226,53,2,2025-10-23
12749,53,391,3,2025-07-30
12750,879,455,3,2025-05-19
12751,142,437,5,2026-07-05
12752,840,44,3,2026-06-19
12753,822,174,5,2024-08-08
12754,558,476,1,2026-02-15
12755,45,399,2,2026-07-10
12756,911,237,3,2026-02-24
12757,759,194,2,2026-03-08
12758,455,27,1,2026-07-12
12759,304,247,5,2024-09-12
12760,410,404,5,2025-08-13
12761,386,325,5,2024-08-30
12762,405,266,5,2026-04-25
12763,461,121,1,2026-06-27
12764,951,30,3,2024-12-09
12765,820,102,4,2025-05-18
12766,941,440,3,2025-10-17
12767,840,24,5,2025-06-19
12768,599,455,5,2026-05-05
12769,359,271,2,2025-12-10
12770,806,388,5,2025-06-05
12771,417,470,1,2024-11-13
12772,623,174,1,2025-02-12
12773,777,73,4,2024-08-31
12774,598,136,5,2026-04-06
12775,258,326,5,2026-03-30
12776,316,470,1,2025-07-29
12777,73,307,1,2025-03-11
12778,19,102,1,2026-04-16
12779,925,354,1,2026-05-04
12780,842,197,3,2025-12-30
12781,983,401,2,2026-07-14
12782,858,310,5,2025-04-12
12783,313,13,4,2025-01-24
12784,683,266,3,2025-11-23
12785,208,103,2,2026-06-04
12786,572,155,2,2025-09-26
12787,216,453,5,2025-11-14
12788,780,307,4,2025-06-27
12789,481,31,2,2025-09-12
12790,191,189,1,2024-08-07
12791,808,327,1,2024-12-28
12792,903,318,3,2026-04-05
12793,800,198,5,2026-02-18
12794,489,274,2,2026-05-23
12795,760,396,2,2025-10-15
12796,808,174,1,2025-04-19
12797,154,28,2,2026-01-29
12798,400,359,4,2024-08-08
12799,620,193,1,2025-04-05
12800,506,246,1,2025-07-24
12801,121,174,4,2026-07-02
12802,691,76,1,2026-04-03
12803,878,265,1,2025-12-17
12804,80,17,4,2026-04-14
12805,69,332,4,2026-04-10
12806,401,166,5,2026-03-25
12807,64,365,4,2025-02-05
12808,492,413,1,2026-03-25
12809,39,90,4,2025-12-07
12810,406,237,5,2025-11-14
12811,80,480,2,2025-10-17
12812,909,379,5,2025-08-02
12813,260,399,1,2026-02-10
12814,726,257,1,2024-10-14
12815,787,393,1,2024-12-12
12816,800,25,3,2026-04-09
12817,272,420,4,2024-11-07
12818,707,458,2,2026-05-09
12819,23,299,2,2025-07-23
12820,179,69,1,2024-08-02
12821,380,283,3,2025-06-29
12822,670,316,5,2025-11-10
12823,78,396,4,2026-06-16
12824,330,17,2,2025-01-24
12825,720,321,1,2025-05-30
12826,869,375,2,2025-12-14
12827,543,323,2,2024-07-27
12828,606,53,4,2025-12-24
12829,228,104,1,2026-07-09
12830,102,473,1,2025-06-20
12831,396,495,4,2025-08-08
12832,290,219,1,2026-03-22
12833,935,283,4,2025-02-23
12834,197,205,4,2025-11-03
12835,966,67,2,2025-12-13
12836,694,175,4,2025-04-17
12837,857,470,2,2025-12-22
12838,905,476,3,2024-11-28
12839,551,93,4,2025-09-27
12840,177,119,1,2024-12-16
12841,99,300,4,2025-10-01
12842,263,381,3,2025-02-19
12843,426,421,2,2025-08-28
12844,108,299,2,2026-04-25
12845,182,321,5,2025-11-07
12846,432,139,2,2026-02-21
12847,85,307,1,2024-09-05
12848,339,147,2,2026-04-02
12849,915,107,1,2025-09-01
12850,5,28,2,2024-10-18
12851,815,179,5,2026-03-09
12852,712,142,1,2025-06-17
12853,217,50,5,2025-05-15
12854,175,363,5,2026-06-01
12855,688,317,4,2024-11-26
12856,213,472,1,2025-11-17
12857,50,375,3,2025-07-16
12858,572,375,3,2025-03-05
12859,547,486,4,2026-04-03
12860,690,311,4,2024-07-27
12861,206,332,2,2025-10-04
12862,126,71,4,2025-08-20
12863,910,211,4,2025-01-23
12864,764,266,1,2026-01-21
12865,130,421,3,2025-01-29
12866,920,349,3,2026-06-10
12867,876,333,4,2025-12-28
12868,796,17,5,2026-05-26
12869,275,200,5,2026-07-01
12870,405,39,3,2026-03-09
12871,288,270,2,2025-05-02
12872,75,348,1,2024-09-16
12873,327,223,1,2026-02-24
12874,875,446,2,2024-08-13
12875,107,483,4,2024-12-02
12876,887,251,4,2024-10-18
12877,776,367,5,2025-07-17
12878,136,493,5,2024-09-11
12879,737,228,4,2026-04-16
12880,322,352,1,2025-10-03
12881,218,390,2,2025-10-16
12882,805,110,4,2026-03-22
12883,976,23,2,2025-01-04
12884,203,451,5,2024-11-05
12885,684,54,2,2026-02-14
12886,435,305,4,2025-01-12
12887,508,418,3,2025-07-06
12888,120,146,3,2025-10-15
12889,266,467,4,2024-11-27
12890,22,79,3,2025-06-03
12891,226,3,4,2026-01-07
12892,491,331,2,2024-08-26
12893,39,104,4,2024-11-17
12894,8,500,5,2026-07-04
12895,697,435,4,2025-12-02
12896,433,466,5,2025-01-13
12897,295,208,1,2025-06-19
12898,158,393,5,2026-01-11
12899,292,327,4,2026-03-30
12900,727,29,3,2025-11-24
12901,709,119,1,2024-08-12
12902,645,413,4,2026-01-07
12903,73,257,3,2026-01-21
12904,840,357,3,2024-11-18
12905,46,280,1,2024-12-12
12906,389,486,2,2026-05-19
12907,688,26,5,2025-10-22
12908,342,384,5,2025-09-23
12909,46,101,1,2025-07-20
12910,30,288,5,2026-01-12
12911,773,425,2,2025-05-18
12912,712,96,1,2025-01-19
12913,132,448,5,2024-09-08
12914,41,430,1,2025-06-18
12915,575,479,2,2025-10-13
12916,754,127,1,2024-10-23
12917,828,278,3,2024-12-15
12918,749,443,3,2026-05-02
12919,781,180,4,2024-09-07
12920,77,322,2,2025-09-30
12921,272,444,2,2026-05-21
12922,506,279,3,2026-03-03
12923,28,111,4,2025-08-29
12924,8,18,5,2026-05-16
12925,420,252,2,2026-05-10
12926,569,343,5,2025-01-13
12927,735,353,1,2026-06-23
12928,76,188,4,2026-06-27
12929,153,182,4,2024-10-22
12930,585,476,1,2025-06-29
12931,575,342,5,2025-12-22
12932,692,452,3,2025-08-01
12933,57,470,5,2026-01-13
12934,545,69,5,2024-08-29
12935,896,296,2,2025-05-10
12936,532,12,2,2025-03-28
12937,426,274,1,2025-12-18
12938,701,106,3,2025-02-03
12939,710,331,4,2025-01-27
12940,482,452,1,2025-10-12
12941,985,427,4,2026-04-24
12942,641,474,2,2025-12-20
12943,892,74,2,2024-07-31
12944,632,431,1,2025-10-05
12945,547,234,1,2025-12-13
12946,119,36,3,2025-10-28
12947,215,467,1,2025-03-12
12948,943,330,4,2025-05-06
12949,879,188,4,2024-11-21
12950,492,97,1,2025-09-03
12951,970,468,2,2025-11-03
12952,29,59,1,2026-06-06
12953,229,174,1,2025-08-30
12954,678,313,1,2025-07-31
12955,460,437,5,2024-11-20
12956,922,325,5,2026-03-12
12957,178,483,1,2024-09-17
12958,66,121,1,2025-12-03
12959,719,332,3,2025-04-13
12960,844,472,4,2025-12-17
12961,557,49,4,2025-12-15
12962,194,352,1,2024-10-11
12963,728,232,1,2025-10-24
12964,939,209,2,2024-09-20
12965,525,16,2,2025-08-23
12966,177,384,5,2026-01-08
12967,781,366,3,2024-08-29
12968,852,205,2,2024-09-24
12969,773,402,2,2025-01-07
12970,189,387,2,2025-11-27
12971,877,288,5,2025-07-22
12972,648,109,5,2026-04-04
12973,405,491,5,2024-08-25
12974,554,331,4,2025-11-28
12975,117,418,4,2025-07-08
12976,483,342,2,2025-11-07
12977,983,199,1,2025-10-13
12978,349,11,4,2024-08-12
12979,757,187,2,2025-07-08
12980,862,398,2,2025-02-04
12981,617,476,4,2026-06-10
12982,206,169,1,2025-12-14
12983,49,213,5,2024-08-12
12984,678,314,3,2026-02-08
12985,71,361,3,2025-02-13
12986,810,348,3,2026-03-31
12987,262,346,5,2025-02-16
12988,172,154,2,2026-07-18
12989,862,302,3,2026-02-01
12990,133,114,3,2026-03-20
12991,736,236,5,2026-06-08
12992,731,38,5,2025-03-03
12993,648,352,2,2025-10-18
12994,562,251,5,2026-03-08
12995,984,441,5,2024-12-01
12996,555,492,2,2025-01-02
12997,7,323,5,2024-09-15
12998,370,225,1,2025-10-09
12999,308,260,5,2024-11-21
13000,561,55,3,2024-10-24
13001,510,435,3,2024-08-30
13002,944,217,1,2025-09-19
13003,674,441,5,2025-11-01
13004,742,421,4,2024-11-06
13005,635,124,4,2024-09-19
13006,102,7,2,2025-04-10
13007,199,17,4,2026-03-16
13008,92,433,4,2026-05-07
13009,767,423,2,2026-02-15
13010,946,81,4,2024-12-05
13011,589,283,1,2025-12-17
13012,569,33,3,2025-12-04
13013,332,311,3,2024-09-17
13014,65,326,1,2026-01-07
13015,824,245,5,2025-07-16
13016,978,169,2,2025-08-19
13017,286,215,4,2024-11-29
13018,727,217,2,2024-12-26
13019,844,206,5,2025-10-17
13020,85,52,2,2025-10-09
13021,679,431,3,2024-09-20
13022,980,87,2,2026-04-11
13023,923,209,2,2026-02-01
13024,433,288,1,2024-12-17
13025,601,180,4,2025-11-07
13026,816,221,5,2024-09-05
13027,851,441,3,2025-01-13
13028,992,199,5,2025-07-03
13029,446,432,2,2025-07-19
13030,89,95,1,2025-09-03
13031,36,165,3,2025-09-30
13032,676,490,4,2025-04-25
13033,327,320,2,2024-08-27
13034,724,403,4,2025-11-21
13035,264,373,5,2026-02-19
13036,845,102,2,2026-05-07
13037,919,335,5,2024-09-17
13038,115,423,3,2025-01-11
13039,264,482,1,2026-03-13
13040,492,231,3,2024-07-29
13041,621,462,4,2025-11-09
13042,172,445,2,2025-07-10
13043,811,41,2,2024-10-18
13044,464,293,5,2025-04-09
13045,466,105,5,2026-01-04
13046,308,250,4,2026-06-29
13047,143,399,1,2025-07-06
13048,714,468,1,2026-06-07
13049,198,283,1,2025-11-06
13050,628,93,2,2025-01-17
13051,504,432,4,2025-04-11
13052,990,55,3,2026-03-31
13053,660,66,2,2026-02-21
13054,904,175,4,2025-06-13
13055,770,343,2,2025-12-11
13056,331,78,5,2024-12-01
13057,25,392,1,2025-08-16
13058,411,92,1,2025-03-12
13059,902,110,3,2025-08-05
13060,154,213,1,2025-12-27
13061,654,184,4,2025-08-03
13062,655,223,4,2025-05-08
13063,1,44,2,2025-12-04
13064,367,348,2,2026-02-10
13065,402,10,5,2025-04-17
13066,644,169,1,2025-09-08
13067,965,145,1,2026-03-26
13068,894,226,4,2024-09-24
13069,463,259,5,2025-11-24
13070,664,340,1,2024-12-07
13071,111,280,2,2026-05-06
13072,709,8,2,2025-01-05
13073,132,105,4,2024-11-21
13074,505,175,3,2026-01-13
13075,541,148,1,2024-07-26
13076,475,145,2,2025-06-07
13077,441,79,2,2025-09-12
13078,562,353,3,2024-08-26
13079,952,226,5,2025-01-17
13080,764,325,3,2025-05-15
13081,914,225,2,2025-11-11
13082,975,134,1,2026-03-10
13083,255,141,4,2025-08-25
13084,374,59,2,2025-03-15
13085,250,149,1,2025-10-03
13086,92,140,1,2026-02-06
13087,733,50,5,2025-12-06
13088,182,175,2,2025-08-07
13089,308,369,5,2025-02-04
13090,742,313,5,2026-06-16
13091,157,357,4,2026-04-21
13092,680,264,4,2026-02-26
13093,484,478,1,2025-10-05
13094,353,313,5,2024-08-03
13095,284,169,5,2024-08-16
13096,588,69,1,2026-04-19
13097,679,98,5,2025-11-28
13098,650,408,4,2025-02-18
13099,140,19,2,2025-08-17
13100,203,26,1,2024-12-05
13101,73,299,3,2025-08-04
13102,691,188,4,2026-07-09
13103,888,211,1,2026-06-04
13104,582,15,1,2025-08-21
13105,201,237,3,2026-04-18
13106,320,107,4,2025-10-16
13107,201,470,1,2025-03-17
13108,435,477,4,2025-11-06
13109,707,480,2,2025-08-17
13110,922,363,1,2024-08-29
13111,646,492,5,2025-12-23
13112,552,330,3,2026-03-07
13113,206,187,3,2025-03-28
13114,196,43,2,2025-04-15
13115,264,328,1,2025-10-04
13116,288,3,4,2025-09-04
13117,76,52,3,2025-05-13
13118,920,144,3,2024-08-10
13119,918,365,1,2025-05-17
13120,206,37,4,2025-02-11
13121,724,14,1,2026-05-01
13122,391,489,1,2025-01-03
13123,359,473,3,2025-03-19
13124,3,365,5,2025-09-25
13125,796,107,5,2026-06-05
13126,524,10,4,2025-10-23
13127,322,158,3,2026-04-20
13128,403,344,4,2026-02-18
13129,735,369,5,2025-11-14
13130,58,202,4,2024-12-02
13131,930,152,1,2025-02-07
13132,489,167,3,2025-06-28
13133,318,469,1,2025-03-09
13134,187,296,5,2024-12-13
13135,293,345,4,2025-05-25
13136,888,359,2,2025-11-20
13137,662,462,2,2025-03-19
13138,686,177,4,2024-09-30
13139,227,252,4,2026-02-26
13140,490,231,2,2026-07-10
13141,32,92,4,2025-04-11
13142,795,473,5,2026-01-12
13143,826,168,1,2024-10-09
13144,23,473,2,2025-04-23
13145,665,111,3,2026-07-02
13146,589,105,4,2024-10-13
13147,602,330,4,2025-03-29
13148,331,174,4,2025-07-25
13149,422,462,5,2025-04-08
13150,943,478,1,2024-09-10
13151,847,449,5,2024-11-15
13152,690,180,4,2025-02-14
13153,535,88,1,2024-10-10
13154,724,291,1,2025-06-27
13155,347,218,1,2026-04-14
13156,443,489,1,2024-10-15
13157,40,487,1,2025-01-21
13158,517,375,3,2024-07-28
13159,13,215,4,2024-11-17
13160,304,250,2,2024-09-29
13161,126,106,4,2026-02-16
13162,834,376,1,2024-10-03
13163,146,44,1,2026-02-07
13164,758,137,2,2025-05-23
13165,848,220,5,2024-10-06
13166,179,289,2,2025-02-09
13167,25,207,2,2026-01-19
13168,462,252,5,2026-07-18
13169,51,493,3,2026-07-23
13170,93,211,4,2025-06-17
13171,542,248,3,2024-09-20
13172,724,130,1,2025-06-17
13173,193,339,3,2026-05-07
13174,253,71,2,2025-03-25
13175,637,106,2,2026-03-29
13176,825,96,2,2025-09-13
13177,896,8,4,2025-11-07
13178,540,305,1,2024-08-30
13179,259,275,1,2025-08-18
13180,860,194,2,2026-07-14
13181,764,468,5,2025-11-08
13182,524,76,1,2026-02-06
13183,652,483,4,2025-10-15
13184,960,149,3,2026-03-25
13185,698,429,3,2025-01-15
13186,28,277,1,2025-01-20
13187,716,202,2,2026-05-21
13188,21,334,2,2025-12-10
13189,906,13,3,2025-10-20
13190,464,324,2,2025-05-03
13191,188,1,1,2025-05-20
13192,594,169,1,2025-10-10
13193,573,169,5,2026-05-08
13194,448,17,4,2026-05-25
13195,367,69,1,2026-03-02
13196,561,183,2,2025-09-28
13197,218,489,3,2025-03-14
13198,182,475,3,2026-05-05
13199,662,458,4,2024-10-18
13200,666,158,2,2026-06-05
13201,919,450,5,2024-12-08
13202,585,157,5,2024-09-20
13203,846,222,2,2025-12-10
13204,608,266,2,2024-08-04
13205,977,142,2,2024-08-13
13206,325,266,5,2025-06-18
13207,250,310,4,2026-05-29
13208,338,316,2,2026-05-08
13209,989,453,4,2025-03-11
13210,436,449,3,2025-08-12
13211,527,7,5,2025-01-02
13212,47,101,3,2024-11-24
13213,810,215,5,2026-07-14
13214,129,215,1,2024-11-07
13215,194,299,1,2025-02-26
13216,887,460,5,2024-12-20
13217,319,446,1,2025-12-22
13218,71,143,3,2025-08-08
13219,370,155,4,2025-09-14
13220,163,257,1,2026-05-17
13221,109,309,1,2024-11-23
13222,368,60,5,2025-10-22
13223,884,364,4,2025-08-14
13224,503,122,2,2026-05-29
13225,24,4,5,2024-10-06
13226,475,102,4,2026-03-31
13227,396,293,5,2026-04-07
13228,692,36,1,2025-09-26
13229,143,460,1,2025-05-19
13230,540,314,5,2026-03-04
13231,575,374,3,2025-04-28
13232,213,276,1,2025-08-16
13233,740,137,2,2025-11-12
13234,114,185,5,2026-06-23
13235,810,33,3,2025-03-04
13236,265,5,1,2026-04-17
13237,575,479,2,2025-12-27
13238,608,374,5,2025-10-05
13239,629,21,4,2025-01-31
13240,871,24,4,2025-10-16
13241,973,237,3,2024-11-12
13242,541,157,2,2026-06-14
13243,649,448,5,2025-06-23
13244,484,466,4,2024-08-27
13245,436,443,2,2025-12-04
13246,697,33,4,2025-01-21
13247,257,434,1,2026-01-16
13248,47,159,2,2025-03-11
13249,890,353,2,2025-07-14
13250,872,194,3,2026-04-13
13251,562,358,4,2024-08-15
13252,918,421,5,2024-10-25
13253,802,238,4,2026-05-31
13254,498,143,3,2025-08-09
13255,5,213,2,2025-01-19
13256,622,60,1,2026-04-29
13257,406,334,3,2026-03-26
13258,448,225,4,2025-12-01
13259,259,280,2,2025-10-17
13260,693,268,1,2024-08-17
13261,309,215,4,2025-06-24
13262,92,230,1,2026-03-02
13263,417,226,3,2025-05-20
13264,101,277,3,2026-06-13
13265,244,136,2,2024-09-17
13266,448,346,2,2025-03-04
13267,117,398,3,2025-10-19
13268,923,468,5,2025-02-23
13269,24,416,5,2026-05-17
13270,157,89,2,2025-01-09
13271,92,122,5,2025-07-10
13272,12,24,3,2025-08-31
13273,275,420,2,2025-08-12
13274,856,279,1,2025-03-14
13275,750,154,4,2026-05-11
13276,973,500,5,2024-08-20
13277,809,172,5,2024-08-27
13278,296,145,3,2024-10-24
13279,822,404,1,2026-03-04
13280,431,38,3,2024-12-05
13281,284,391,4,2025-07-11
13282,756,233,3,2026-05-27
13283,780,490,4,2025-05-28
13284,970,145,1,2025-11-02
13285,875,7,2,2025-09-04
13286,879,331,4,2025-12-09
13287,521,469,2,2024-10-16
13288,574,340,5,2025-06-04
13289,894,240,1,2025-10-17
13290,136,395,3,2024-09-16
13291,289,15,1,2025-03-05
13292,806,59,3,2025-09-01
13293,258,14,3,2025-09-16
13294,165,447,1,2024-12-15
13295,348,250,3,2025-08-29
13296,864,365,2,2026-03-11
13297,596,392,3,2026-06-30
13298,88,405,3,2024-08-29
13299,465,201,1,2024-08-14
13300,331,304,2,2026-06-22
13301,436,362,4,2026-04-02
13302,178,350,4,2024-12-28
13303,423,205,5,2024-12-23
13304,517,427,1,2025-04-04
13305,363,393,3,2025-05-29
13306,875,54,5,2026-02-04
13307,179,376,1,2025-07-23
13308,646,407,4,2026-07-14
13309,706,29,5,2024-10-27
13310,923,294,2,2024-12-07
13311,480,102,4,2024-09-09
13312,72,61,5,2026-01-30
13313,974,9,3,2025-03-11
13314,626,73,1,2025-01-18
13315,740,1,2,2024-12-08
13316,188,299,3,2025-06-13
13317,85,317,3,2026-04-01
13318,583,418,4,2025-10-16
13319,531,222,4,2025-07-14
13320,702,407,1,2025-07-24
13321,612,301,3,2024-08-18
13322,672,379,3,2025-05-31
13323,680,258,2,2026-04-19
13324,813,195,1,2025-12-18
13325,265,422,3,2026-02-15
13326,225,200,4,2024-11-18
13327,652,252,1,2024-08-26
13328,109,204,1,2025-12-14
13329,911,321,5,2025-07-15
13330,572,193,2,2024-12-10
13331,663,178,4,2024-10-07
13332,809,152,3,2025-02-28
13333,106,43,3,2024-08-28
13334,505,293,2,2026-07-09
13335,506,88,4,2024-11-15
13336,480,383,4,2025-11-15
13337,383,166,1,2025-11-14
13338,766,117,2,2024-12-25
13339,80,448,3,2026-01-17
13340,404,223,4,2026-06-11
13341,916,474,4,2026-02-09
13342,381,415,5,2025-09-11
13343,596,154,3,2026-07-14
13344,31,364,1,2024-08-14
13345,899,246,2,2025-12-16
13346,596,331,1,2025-06-30
13347,288,195,1,2025-04-08
13348,872,421,5,2024-08-12
13349,791,28,5,2024-09-29
13350,684,139,4,2024-09-01
13351,264,145,1,2025-12-14
13352,134,284,3,2024-07-26
13353,833,58,1,2025-03-07
13354,267,101,5,2025-04-03
13355,124,270,1,2025-12-14
13356,989,460,3,2026-07-13
13357,718,68,1,2026-03-10
13358,493,329,2,2025-02-21
13359,892,466,3,2025-11-24
13360,522,411,4,2025-06-11
13361,34,121,1,2026-06-19
13362,763,105,2,2025-04-12
13363,911,269,4,2025-03-10
13364,782,339,2,2025-11-01
13365,304,386,1,2025-02-15
13366,798,171,5,2026-04-22
13367,531,415,1,2025-01-18
13368,539,425,4,2024-10-20
13369,736,223,5,2024-11-20
13370,899,343,3,2026-04-07
13371,250,455,2,2026-07-12
13372,377,202,4,2025-09-28
13373,704,408,2,2025-09-06
13374,51,248,3,2025-10-21
13375,621,319,4,2026-03-13
13376,463,186,5,2026-06-04
13377,80,72,3,2025-10-29
13378,851,337,2,2025-07-20
13379,161,53,4,2025-07-26
13380,18,98,1,2026-01-25
13381,126,97,4,2025-04-19
13382,73,51,3,2026-07-08
13383,825,460,1,2026-06-12
13384,917,302,5,2025-10-22
13385,508,366,4,2026-06-01
13386,477,190,3,2025-12-05
13387,233,148,3,2026-05-18
13388,155,160,2,2024-12-23
13389,356,267,5,2025-09-15
13390,940,82,3,2026-03-17
13391,955,205,4,2026-07-04
13392,57,41,4,2026-05-30
13393,988,283,5,2025-09-03
13394,809,363,5,2025-02-07
13395,833,437,4,2025-04-08
13396,656,413,4,2024-08-10
13397,626,495,1,2024-11-20
13398,24,54,5,2025-11-27
13399,891,282,4,2024-08-23
13400,747,451,3,2024-09-11
13401,75,479,4,2026-03-02
13402,342,418,5,2024-12-29
13403,209,101,4,2025-02-03
13404,799,354,4,2025-08-09
13405,962,389,5,2026-01-04
13406,229,411,1,2025-06-18
13407,220,352,1,2024-08-24
13408,320,204,5,2025-05-24
13409,206,458,2,2025-11-06
13410,497,88,2,2025-02-19
13411,876,377,5,2026-03-16
13412,86,116,2,2025-05-15
13413,116,438,1,2025-07-16
13414,952,445,5,2026-01-06
13415,562,260,5,2026-05-11
13416,292,228,4,2024-12-15
13417,537,151,1,2025-09-26
13418,316,108,5,2026-03-17
13419,613,167,2,2025-09-17
13420,313,304,3,2025-04-03
13421,831,125,3,2024-10-03
13422,424,140,1,2024-12-10
13423,882,336,2,2025-07-11
13424,761,62,1,2025-10-18
13425,25,213,4,2025-07-09
13426,510,331,1,2025-01-21
13427,574,482,3,2026-05-24
13428,210,442,5,2025-01-08
13429,78,390,1,2024-11-04
13430,648,186,4,2025-07-17
13431,197,198,2,2026-03-28
13432,469,41,5,2025-07-18
13433,829,145,5,2024-08-22
13434,194,28,3,2025-03-11
13435,544,361,3,2025-03-01
13436,606,55,1,2026-04-18
13437,921,377,5,2025-07-06
13438,953,385,2,2025-06-27
13439,970,318,4,2025-02-24
13440,639,325,3,2025-06-03
13441,466,61,4,2024-11-17
13442,240,465,3,2026-05-20
13443,533,481,1,2025-01-01
13444,371,477,4,2025-04-17
13445,757,24,3,2025-06-16
13446,47,482,1,2025-06-17
13447,554,37,5,2024-08-10
13448,927,213,3,2026-05-15
13449,370,321,1,2025-12-29
13450,986,309,1,2026-04-17
13451,21,283,4,2025-06-11
13452,587,460,2,2025-02-13
13453,274,49,5,2026-04-30
13454,995,202,2,2024-12-18
13455,177,192,3,2025-02-01
13456,446,161,2,2024-12-30
13457,20,55,4,2026-02-11
13458,709,191,4,2024-11-29
13459,455,290,4,2025-03-30
13460,865,19,5,2025-02-23
13461,444,407,5,2025-10-05
13462,684,93,5,2026-01-08
13463,219,66,1,2025-08-09
13464,112,157,3,2024-08-13
13465,190,413,1,2024-09-12
13466,150,438,5,2025-08-10
13467,324,164,2,2025-03-20
13468,450,439,1,2025-06-30
13469,51,453,3,2026-03-15
13470,548,479,1,2026-06-15
13471,777,9,4,2025-06-21
13472,714,180,3,2026-02-17
13473,289,359,2,2025-06-07
13474,33,318,3,2025-09-06
13475,747,309,4,2025-09-30
13476,760,185,4,2025-02-24
13477,188,376,5,2025-12-09
13478,511,283,5,2026-04-27
13479,318,321,3,2026-04-09
13480,309,445,2,2025-07-06
13481,523,461,5,2025-07-25
13482,140,484,1,2026-02-11
13483,143,290,4,2025-02-17
13484,176,480,2,2026-01-25
13485,427,404,3,2024-09-22
13486,339,141,1,2025-12-15
13487,466,354,1,2025-09-28
13488,838,416,2,2024-10-12
13489,660,229,3,2025-03-25
13490,967,227,2,2026-04-09
13491,729,75,1,2024-08-11
13492,150,83,2,2024-10-17
13493,48,64,4,2024-09-02
13494,807,208,1,2026-06-27
13495,221,126,2,2025-11-09
13496,641,167,5,2026-02-06
13497,381,449,5,2025-04-27
13498,677,118,4,2025-06-13
13499,651,45,3,2024-07-23
13500,259,84,3,2025-03-01
13501,679,277,3,2025-01-01
13502,964,386,1,2026-03-09
13503,112,495,3,2026-05-05
13504,705,40,1,2025-05-28
13505,16,380,3,2026-03-25
13506,877,384,1,2026-04-11
13507,191,420,2,2026-02-05
13508,166,288,3,2025-07-05
13509,178,280,3,2025-10-17
13510,255,248,4,2026-01-14
13511,218,23,1,2024-07-31
13512,79,14,2,2025-02-11
13513,701,74,4,2025-11-25
13514,498,107,4,2025-02-17
13515,654,176,3,2025-05-17
13516,870,415,5,2024-10-04
13517,561,303,4,2025-07-26
13518,319,411,1,2025-07-30
13519,819,40,3,2025-03-21
13520,918,69,5,2025-09-21
13521,205,340,4,2026-05-13
13522,482,348,5,2026-02-20
13523,204,463,2,2026-01-06
13524,62,62,2,2024-08-23
13525,550,16,4,2024-10-07
13526,142,238,2,2026-02-06
13527,18,433,1,2026-04-29
13528,378,86,1,2025-05-12
13529,366,384,1,2025-06-20
13530,18,306,4,2025-04-17
13531,261,496,2,2024-12-03
13532,13,33,3,2025-01-29
13533,912,267,5,2024-07-26
13534,619,4,5,2025-04-15
13535,192,51,5,2026-02-18
13536,807,453,2,2026-01-18
13537,24,23,5,2025-05-08
13538,783,487,2,2025-02-18
13539,10,304,2,2025-06-06
13540,51,92,5,2026-07-07
13541,615,18,3,2024-10-12
13542,840,432,2,2025-09-26
13543,345,373,1,2025-08-21
13544,580,400,4,2025-02-01
13545,834,390,4,2025-07-29
13546,573,28,1,2025-11-10
13547,168,180,4,2025-10-15
13548,804,76,2,2026-03-20
13549,286,5,5,2025-03-21
13550,172,210,3,2024-10-18
13551,673,51,4,2026-05-04
13552,402,164,2,2026-05-25
13553,959,307,1,2026-07-07
13554,472,387,5,2026-06-14
13555,52,361,3,2025-08-01
13556,668,408,2,2025-07-13
13557,197,339,4,2025-12-04
13558,941,289,3,2025-08-27
13559,311,174,3,2025-03-29
13560,200,189,3,2024-12-02
13561,691,191,2,2025-08-03
13562,551,299,1,2026-05-01
13563,286,205,2,2025-11-13
13564,990,306,2,2024-10-10
13565,533,153,1,2025-06-28
13566,618,63,4,2025-10-25
13567,458,413,2,2026-03-03
13568,186,312,3,2025-11-03
13569,363,70,3,2024-10-03
13570,754,70,5,2024-09-04
13571,342,254,2,2025-07-20
13572,609,62,5,2026-07-23
13573,294,2,3,2026-05-03
13574,557,126,5,2024-09-24
13575,820,68,4,2024-11-28
13576,152,70,1,2025-05-29
13577,108,266,2,2025-10-19
13578,38,64,5,2025-07-17
13579,170,6,1,2025-06-29
13580,174,482,2,2026-06-30
13581,326,338,3,2025-05-11
13582,600,123,5,2025-04-17
13583,29,345,2,2025-02-24
13584,852,294,5,2025-07-24
13585,38,264,2,2024-12-21
13586,795,299,4,2026-01-26
13587,639,408,1,2025-07-31
13588,954,249,2,2026-03-23
13589,281,222,3,2025-07-03
13590,154,417,4,2026-01-23
13591,371,295,1,2026-07-12
13592,932,392,4,2025-07-17
13593,548,114,5,2025-03-17
13594,936,161,1,2025-11-05
13595,408,199,3,2026-05-14
13596,275,235,5,2025-04-29
13597,822,446,1,2025-09-22
13598,878,310,5,2024-08-05
13599,352,215,1,2025-11-10
13600,271,359,5,2024-12-12
13601,196,129,1,2026-02-15
13602,462,351,2,2024-07-28
13603,792,500,1,2024-11-18
13604,574,57,3,2024-10-22
13605,201,194,1,2024-11-11
13606,261,193,1,2025-11-15
13607,623,428,4,2025-02-13
13608,178,362,4,2026-05-18
13609,180,92,1,2024-12-01
13610,609,218,3,2025-08-18
13611,991,205,3,2025-09-20
13612,451,112,3,2024-07-28
13613,460,487,5,2024-10-12
13614,281,463,2,2025-04-21
13615,60,242,3,2026-01-15
13616,65,103,5,2025-01-08
13617,892,376,1,2025-10-07
13618,95,235,4,2026-05-08
13619,586,290,1,2025-09-02
13620,645,92,3,2025-04-22
13621,666,67,2,2025-08-07
13622,475,218,2,2024-09-06
13623,984,16,4,2025-04-23
13624,250,233,5,2026-01-30
13625,206,133,1,2026-05-14
13626,966,300,1,2024-09-08
13627,424,23,5,2024-11-19
13628,539,45,2,2026-04-13
13629,850,421,2,2025-11-17
13630,719,150,1,2025-12-29
13631,13,496,3,2024-11-02
13632,954,272,1,2024-08-15
13633,40,379,4,2025-04-13
13634,579,281,1,2025-10-06
13635,885,238,4,2025-04-20
13636,553,2,2,2025-11-20
13637,209,470,1,2025-06-24
13638,412,346,4,2026-05-03
13639,929,497,5,2025-04-26
13640,525,220,1,2025-01-26
13641,979,490,3,2024-10-11
13642,542,171,5,2025-01-24
13643,102,377,4,2026-05-11
13644,852,36,1,2025-07-27
13645,822,81,4,2025-05-28
13646,886,186,3,2026-04-23
13647,519,132,5,2025-05-28
13648,686,76,5,2024-08-16
13649,813,214,5,2026-06-16
13650,798,207,2,2025-04-25
13651,923,359,5,2025-07-04
13652,99,376,3,2025-12-08
13653,804,343,5,2025-01-04
13654,940,314,3,2026-05-04
13655,443,227,5,2026-04-13
13656,501,489,1,2024-09-26
13657,213,163,5,2026-04-19
13658,484,311,5,2025-03-30
13659,803,444,3,2025-02-21
13660,673,26,4,2025-07-17
13661,9,499,2,2025-08-14
13662,509,356,5,2025-06-10
13663,245,74,1,2025-11-08
13664,45,340,3,2025-05-19
13665,672,27,3,2025-01-13
13666,460,133,2,2025-01-26
13667,12,320,5,2025-03-14
13668,856,59,2,2024-11-01
13669,488,351,5,2025-03-13
13670,808,28,4,2024-10-22
13671,624,438,3,2025-06-22
13672,608,309,4,2025-04-10
13673,324,495,5,2024-10-04
13674,489,382,5,2026-05-19
13675,29,14,2,2024-10-13
13676,363,451,4,2026-05-08
13677,453,177,4,2025-02-16
13678,886,95,1,2025-06-21
13679,328,196,1,2024-11-13
13680,328,298,2,2026-06-17
13681,936,8,1,2026-03-03
13682,262,152,4,2025-06-23
13683,880,373,5,2025-07-18
13684,480,395,5,2025-05-27
13685,7,370,1,2026-05-25
13686,801,221,1,2025-12-05
13687,856,24,1,2026-05-19
13688,536,500,2,2026-02-11
13689,102,430,2,2024-12-11
13690,107,491,1,2025-07-01
13691,301,140,3,2025-12-23
13692,793,306,1,2024-11-19
13693,553,125,5,2026-03-05
13694,690,59,4,2025-02-26
13695,150,212,2,2024-10-18
13696,248,18,1,2026-01-22
13697,465,378,5,2024-10-17
13698,460,296,3,2025-12-18
13699,300,299,2,2025-09-19
13700,153,404,1,2024-07-28
13701,860,404,4,2026-06-12
13702,181,499,1,2025-04-24
13703,131,321,5,2026-03-08
13704,38,124,2,2024-11-23
13705,713,203,4,2024-11-17
13706,899,430,1,2025-08-26
13707,123,360,3,2026-01-02
13708,580,209,5,2025-07-26
13709,139,94,1,2026-02-17
13710,318,69,4,2025-11-20
13711,496,489,5,2026-06-21
13712,408,361,3,2026-04-09
13713,360,303,3,2025-09-29
13714,586,76,5,2025-03-01
13715,183,24,3,2025-01-17
13716,275,405,4,2024-08-06
13717,124,373,4,2025-03-05
13718,947,402,1,2026-04-07
13719,501,419,3,2025-08-03
13720,942,320,5,2024-12-21
13721,939,217,2,2025-08-18
13722,351,379,1,2024-12-01
13723,866,63,1,2024-12-12
13724,148,312,1,2025-03-28
13725,861,421,5,2024-10-13
13726,363,112,2,2025-09-22
13727,260,460,1,2025-05-18
13728,446,373,4,2025-03-07
13729,174,100,3,2025-02-20
13730,451,249,1,2024-11-02
13731,902,63,5,2026-07-23
13732,149,452,4,2024-09-20
13733,375,222,1,2026-03-20
13734,110,248,2,2025-07-08
13735,104,477,2,2025-03-06
13736,455,490,1,2025-10-07
13737,909,406,3,2025-06-26
13738,457,442,5,2025-12-28
13739,879,249,1,2026-05-04
13740,804,171,1,2025-04-16
13741,594,234,1,2026-07-02
13742,890,97,3,2025-09-14
13743,200,139,2,2025-03-19
13744,707,393,3,2026-06-24
13745,465,416,5,2026-02-20
13746,895,371,1,2026-05-09
13747,452,227,3,2024-10-21
13748,812,253,3,2026-05-04
13749,900,425,1,2025-05-12
13750,178,470,1,2024-09-16
13751,897,151,1,2025-07-05
13752,556,22,2,2025-07-22
13753,270,329,1,2025-08-23
13754,920,66,2,2025-04-24
13755,823,49,4,2025-09-16
13756,784,403,5,2024-08-07
13757,174,296,2,2024-12-10
13758,389,73,1,2026-02-01
13759,599,110,2,2024-11-27
13760,887,287,1,2026-07-11
13761,367,248,3,2025-05-23
13762,782,307,3,2025-07-17
13763,862,40,5,2025-10-04
13764,254,404,1,2026-05-06
13765,749,116,3,2026-01-03
13766,185,482,2,2025-08-04
13767,980,190,1,2024-11-07
13768,372,14,3,2025-04-13
13769,872,236,2,2026-05-04
13770,327,278,3,2025-08-26
13771,970,366,2,2025-04-02
13772,560,171,2,2025-06-16
13773,316,391,4,2026-02-01
13774,228,234,3,2024-12-11
13775,350,284,3,2024-12-22
13776,807,343,1,2024-12-05
13777,212,51,2,2025-10-01
13778,75,98,4,2025-11-02
13779,503,399,3,2024-09-18
13780,224,116,1,2025-02-19
13781,865,118,5,2024-07-29
13782,467,145,3,2025-12-21
13783,164,489,3,2026-06-07
13784,886,340,2,2026-03-09
13785,498,406,2,2024-08-06
13786,538,304,5,2026-07-22
13787,947,384,3,2026-07-13
13788,408,451,3,2025-07-06
13789,598,272,2,2025-08-23
13790,508,38,2,2024-08-26
13791,79,46,1,2024-11-13
13792,823,111,5,2025-06-06
13793,279,52,4,2025-08-17
13794,41,161,5,2026-07-12
13795,364,237,2,2025-09-14
13796,272,460,1,2025-06-15
13797,262,286,1,2026-04-22
13798,439,270,4,2025-07-07
13799,937,373,2,2025-11-07
13800,243,437,5,2025-12-01
13801,398,118,2,2025-08-06
13802,837,102,2,2024-11-13
13803,263,398,3,2025-05-28
13804,432,89,4,2025-10-26
13805,6,440,5,2026-07-03
13806,704,346,1,2025-07-19
13807,76,482,3,2025-04-20
13808,921,6,5,2024-11-22
13809,233,264,2,2026-02-21
13810,99,396,3,2024-12-30
13811,962,395,1,2025-05-12
13812,756,4,5,2025-09-05
13813,523,453,5,2026-07-19
13814,673,275,4,2026-07-10
13815,501,374,3,2025-03-31
13816,741,372,4,2026-06-21
13817,507,115,4,2024-10-08
13818,541,483,1,2026-07-19
13819,821,233,4,2024-10-11
13820,704,147,3,2024-08-22
13821,792,182,2,2025-09-27
13822,192,66,4,2025-03-24
13823,505,241,1,2025-10-15
13824,887,390,5,2024-08-27
13825,793,92,1,2026-06-12
13826,757,137,1,2025-08-18
13827,502,80,2,2024-11-03
13828,553,3,1,2026-05-18
13829,891,30,4,2025-12-25
13830,330,57,2,2025-03-10
13831,188,343,5,2025-02-05
13832,953,221,3,2024-10-28
13833,858,484,4,2024-09-25
13834,160,127,2,2024-11-10
13835,682,281,1,2026-02-25
13836,260,325,3,2025-01-11
13837,769,224,4,2025-02-19
13838,474,426,3,2026-04-07
13839,940,381,5,2024-10-25
13840,902,113,2,2024-10-01
13841,689,83,2,2025-07-13
13842,350,128,5,2026-01-27
13843,833,473,5,2025-06-07
13844,555,108,3,2025-01-03
13845,917,44,5,2024-10-24
13846,163,180,4,2024-11-21
13847,32,436,4,2025-03-21
13848,236,487,1,2025-09-21
13849,609,137,3,2024-10-25
13850,691,312,2,2025-04-11
13851,11,2,3,2026-03-18
13852,7,451,5,2026-01-29
13853,88,267,1,2025-01-12
13854,345,174,3,2025-09-05
13855,936,402,3,2024-07-24
13856,647,3,5,2024-11-13
13857,942,52,1,2025-11-05
13858,34,210,1,2025-10-01
13859,684,359,3,2025-01-31
13860,740,263,4,2025-06-05
13861,9,92,2,2024-11-25
13862,732,409,1,2024-09-18
13863,125,276,4,2025-09-29
13864,358,26,3,2026-03-13
13865,7,235,3,2025-04-27
13866,82,80,1,2026-06-09
13867,34,353,3,2025-05-20
13868,561,258,1,2025-04-19
13869,559,238,3,2024-12-10
13870,909,46,3,2025-01-17
13871,757,179,3,2024-09-28
13872,222,344,4,2025-09-19
13873,503,5,2,2026-05-11
13874,595,214,3,2025-09-23
13875,414,453,5,2025-09-16
13876,31,140,5,2025-11-15
13877,414,40,2,2025-02-22
13878,373,109,4,2026-04-20
13879,430,500,2,2026-02-23
13880,393,377,4,2025-06-25
13881,563,236,3,2025-05-05
13882,953,21,2,2025-03-04
13883,90,467,3,2024-10-30
13884,412,65,4,2025-01-27
13885,648,390,4,2025-04-23
13886,489,206,5,2024-10-16
13887,466,55,3,2024-11-07
13888,477,116,4,2025-09-06
13889,743,69,5,2024-07-30
13890,798,442,5,2025-09-11
13891,36,232,1,2025-06-13
13892,201,230,5,2026-04-09
13893,965,124,4,2025-04-27
13894,543,166,1,2024-09-11
13895,300,28,3,2025-09-07
13896,918,159,4,2025-08-15
13897,333,116,3,2025-04-18
13898,916,397,4,2025-06-11
13899,636,324,1,2026-05-06
13900,777,212,3,2025-09-01
13901,560,304,5,2025-02-16
13902,736,81,2,2025-06-25
13903,651,468,1,2026-02-16
13904,79,439,3,2025-04-26
13905,712,213,1,2026-02-25
13906,357,22,3,2026-02-11
13907,52,95,3,2025-05-01
13908,881,373,5,2025-03-12
13909,680,318,5,2025-11-25
13910,526,299,3,2025-04-21
13911,375,373,1,2025-04-18
13912,223,228,3,2025-08-31
13913,787,221,4,2026-02-10
13914,724,333,2,2025-11-22
13915,38,104,5,2026-03-19
13916,843,200,5,2025-08-03
13917,479,25,1,2026-04-05
13918,58,198,4,2026-03-22
13919,642,78,2,2025-01-22
13920,408,163,3,2024-08-10
13921,667,309,3,2026-06-01
13922,245,2,2,2026-07-06
13923,62,91,5,2025-02-28
13924,6,184,5,2024-12-13
13925,922,375,4,2025-09-02
13926,59,298,4,2024-11-17
13927,300,469,1,2025-08-29
13928,860,46,1,2026-05-27
13929,358,194,5,2026-06-01
13930,687,72,4,2026-06-22
13931,448,169,1,2024-09-16
13932,399,96,3,2024-12-31
13933,195,190,3,2025-07-31
13934,786,256,5,2024-09-28
13935,871,140,5,2025-11-22
13936,406,122,5,2026-06-26
13937,356,10,2,2026-05-25
13938,981,321,2,2026-06-06
13939,323,106,4,2025-06-16
13940,130,195,3,2025-10-08
13941,514,97,5,2026-05-20
13942,20,275,2,2025-03-09
13943,612,72,3,2025-02-01
13944,363,96,2,2025-05-02
13945,789,365,5,2025-11-09
13946,830,239,2,2026-03-01
13947,16,151,4,2025-12-16
13948,422,424,3,2025-07-30
13949,51,451,4,2024-08-12
13950,952,7,5,2025-02-23
13951,623,205,1,2025-03-11
13952,725,89,5,2026-06-02
13953,607,471,3,2025-03-28
13954,499,320,5,2025-05-29
13955,1,400,5,2025-03-18
13956,248,476,3,2026-02-05
13957,180,39,3,2025-12-27
13958,157,45,5,2026-04-21
13959,209,390,4,2025-04-02
13960,467,282,4,2025-12-06
13961,17,405,3,2025-10-29
13962,129,458,3,2026-02-08
13963,240,1,4,2025-01-25
13964,695,177,2,2025-07-29
13965,341,198,1,2025-01-26
13966,259,205,5,2025-08-22
13967,555,123,5,2025-05-05
13968,810,43,1,2024-10-31
13969,292,371,5,2024-10-20
13970,243,43,5,2025-07-07
13971,373,379,2,2024-09-25
13972,161,177,3,2025-11-14
13973,332,184,2,2025-08-19
13974,717,463,3,2025-04-16
13975,817,397,3,2025-10-14
13976,239,448,3,2025-01-27
13977,940,292,2,2025-09-29
13978,334,346,3,2025-07-31
13979,22,196,4,2025-05-19
13980,170,498,5,2024-12-13
13981,343,319,1,2025-08-25
13982,167,323,4,2026-02-04
13983,12,410,4,2024-09-28
13984,794,403,2,2025-11-27
13985,767,368,4,2025-12-26
13986,496,427,2,2026-02-14
13987,640,269,3,2025-01-07
13988,927,109,2,2025-02-18
13989,317,42,3,2025-10-22
13990,631,458,4,2025-07-16
13991,820,488,4,2026-02-01
13992,250,329,3,2024-08-28
13993,516,426,2,2026-05-05
13994,593,253,3,2026-03-16
13995,551,279,4,2024-10-06
13996,237,387,4,2024-08-03
13997,284,471,1,2024-07-28
13998,29,150,2,2025-02-06
13999,421,22,2,2026-02-25
14000,84,205,5,2025-02-17
14001,307,470,2,2024-12-15
14002,764,287,1,2025-09-02
14003,714,20,2,2026-07-08
14004,984,72,2,2025-10-10
14005,385,386,2,2025-07-28
14006,766,218,5,2024-12-30
14007,856,147,5,2025-02-17
14008,566,410,5,2026-04-03
14009,175,387,1,2025-05-19
14010,561,107,4,2024-10-10
14011,94,446,2,2025-10-19
14012,398,192,3,2024-12-25
14013,13,151,1,2026-03-30
14014,975,138,4,2026-07-19
14015,655,461,2,2025-12-18
14016,323,17,4,2026-04-17
14017,396,224,2,2026-06-12
14018,438,45,2,2025-01-03
14019,410,150,2,2026-01-23
14020,421,198,3,2025-04-02
14021,173,13,5,2026-03-18
14022,497,393,3,2025-02-03
14023,629,450,5,2025-01-15
14024,688,229,1,2025-07-26
14025,285,209,2,2025-10-13
14026,801,432,1,2024-08-01
14027,728,241,5,2025-12-05
14028,935,297,5,2025-08-04
14029,403,251,1,2024-11-11
14030,336,317,3,2026-07-10
14031,486,167,3,2025-02-06
14032,207,384,2,2026-06-03
14033,219,411,5,2024-10-23
14034,817,449,1,2025-10-11
14035,524,284,5,2025-12-08
14036,119,491,3,2025-08-25
14037,899,132,5,2026-07-23
14038,358,157,4,2024-09-18
14039,367,50,4,2025-08-23
14040,394,464,4,2025-10-26
14041,152,156,3,2024-09-23
14042,704,42,1,2026-05-05
14043,551,128,4,2024-10-26
14044,807,296,4,2026-06-09
14045,674,490,1,2025-09-29
14046,935,408,2,2024-10-14
14047,551,94,5,2025-04-20
14048,375,286,3,2025-11-24
14049,229,248,2,2025-07-10
14050,62,321,5,2025-09-21
14051,274,160,2,2025-02-01
14052,92,454,1,2025-11-09
14053,206,289,2,2024-11-09
14054,576,23,2,2026-04-07
14055,700,274,3,2026-01-14
14056,253,433,2,2025-01-30
14057,550,416,2,2026-06-30
14058,497,97,3,2026-06-23
14059,748,359,4,2026-05-04
14060,621,234,1,2026-07-22
14061,715,60,2,2025-11-18
14062,65,167,1,2025-03-09
14063,761,472,1,2026-03-06
14064,819,464,3,2025-11-20
14065,368,436,5,2024-09-04
14066,929,335,4,2025-04-21
14067,982,375,3,2024-09-08
14068,965,134,1,2025-10-05
14069,896,331,1,2025-05-25
14070,343,495,4,2026-06-25
14071,303,60,3,2025-10-28
14072,592,115,1,2026-05-29
14073,145,353,3,2026-03-30
14074,590,86,5,2025-07-17
14075,109,87,5,2025-06-15
14076,837,284,5,2026-06-10
14077,809,378,5,2025-08-13
14078,616,456,3,2025-01-14
14079,987,133,2,2025-07-15
14080,281,29,4,2025-08-23
14081,493,285,4,2026-01-25
14082,96,111,2,2025-05-13
14083,863,428,4,2025-10-16
14084,250,88,4,2026-03-20
14085,720,359,1,2025-10-19
14086,296,107,2,2026-05-13
14087,571,296,3,2025-04-24
14088,410,159,4,2024-10-25
14089,853,273,5,2025-01-18
14090,62,237,4,2026-06-12
14091,272,259,3,2025-10-01
14092,860,122,1,2026-02-06
14093,313,308,5,2024-12-24
14094,271,228,5,2025-06-04
14095,737,463,5,2025-04-29
14096,526,173,5,2025-10-22
14097,668,386,4,2025-03-28
14098,210,94,1,2025-12-27
14099,781,219,4,2025-05-09
14100,539,58,2,2025-12-14
14101,433,82,4,2025-07-10
14102,194,236,5,2025-12-05
14103,540,185,5,2025-03-09
14104,80,202,4,2026-04-18
14105,860,62,2,2024-12-01
14106,209,195,1,2024-09-05
14107,730,312,1,2025-02-01
14108,229,248,1,2025-01-01
14109,338,498,2,2025-05-24
14110,524,270,3,2024-09-21
14111,637,437,3,2026-07-21
14112,534,347,2,2025-10-25
14113,890,59,3,2025-06-24
14114,40,20,1,2025-02-04
14115,745,327,4,2026-07-15
14116,254,374,2,2026-05-07
14117,658,482,2,2024-09-22
14118,255,404,1,2026-02-17
14119,873,266,3,2025-11-06
14120,599,124,5,2025-12-29
14121,135,225,5,2026-05-07
14122,845,490,5,2024-12-14
14123,115,65,5,2026-01-21
14124,339,311,1,2025-03-20
14125,631,471,4,2025-06-25
14126,204,438,3,2025-03-16
14127,764,68,2,2026-03-31
14128,322,266,3,2025-09-08
14129,477,67,3,2026-01-23
14130,501,326,1,2025-06-26
14131,963,80,3,2026-07-05
14132,545,161,1,2025-11-22
14133,61,45,2,2026-03-31
14134,622,457,2,2025-02-22
14135,746,394,4,2026-04-26
14136,996,239,3,2024-09-26
14137,432,460,4,2025-11-04
14138,830,360,1,2024-10-30
14139,100,442,2,2026-01-08
14140,521,28,1,2024-11-14
14141,331,226,4,2026-02-20
14142,539,153,3,2025-12-21
14143,979,347,2,2025-03-25
14144,247,129,1,2024-09-26
14145,379,325,5,2025-01-28
14146,278,220,4,2025-05-20
14147,844,469,1,2025-03-12
14148,181,448,2,2025-01-06
14149,464,396,1,2025-09-12
14150,381,446,2,2025-07-22
14151,188,291,3,2025-07-14
14152,630,211,1,2025-11-28
14153,819,344,1,2025-05-09
14154,497,266,5,2024-08-22
14155,271,55,5,2024-11-01
14156,922,272,4,2024-12-27
14157,982,21,5,2024-10-04
14158,304,476,3,2024-11-09
14159,426,384,3,2025-06-08
14160,296,18,4,2025-12-18
14161,21,449,4,2024-09-05
14162,754,68,2,2025-06-25
14163,944,359,2,2025-08-26
14164,190,387,5,2025-01-14
14165,853,376,5,2026-01-28
14166,847,310,5,2025-03-25
14167,158,388,3,2024-12-21
14168,963,340,2,2026-02-23
14169,114,253,1,2026-05-19
14170,361,51,2,2026-06-09
14171,958,297,2,2024-09-13
14172,441,66,5,2025-05-30
14173,792,361,1,2026-02-27
14174,760,344,2,2026-06-09
14175,663,455,1,2026-06-17
14176,551,27,5,2024-07-28
14177,378,384,1,2024-09-23
14178,535,376,5,2025-10-08
14179,382,95,4,2024-07-28
14180,104,50,5,2025-06-25
14181,120,264,3,2025-05-19
14182,809,98,1,2024-12-30
14183,871,186,4,2024-09-08
14184,405,398,3,2026-04-09
14185,107,226,1,2024-11-19
14186,885,428,1,2026-05-25
14187,41,443,3,2024-08-20
14188,394,436,2,2025-01-26
14189,990,49,4,2024-11-11
14190,941,46,2,2025-10-27
14191,557,98,3,2026-06-03
14192,216,479,1,2024-09-26
14193,232,468,1,2026-04-04
14194,89,429,3,2024-10-07
14195,825,131,1,2025-05-01
14196,184,467,1,2024-10-27
14197,765,417,3,2025-05-25
14198,499,70,3,2025-09-25
14199,269,463,4,2025-04-06
14200,338,13,3,2025-02-03
14201,83,111,5,2024-10-14
14202,406,278,1,2025-12-01
14203,935,102,1,2025-02-16
14204,407,408,2,2025-10-31
14205,231,213,2,2026-02-23
14206,241,440,3,2024-10-24
14207,468,470,2,2024-09-27
14208,879,85,4,2024-08-30
14209,576,383,2,2024-08-19
14210,292,267,2,2025-07-26
14211,58,388,3,2025-12-15
14212,414,141,2,2026-01-31
14213,743,215,2,2025-11-17
14214,87,167,4,2026-04-09
14215,300,407,3,2025-11-02
14216,215,183,4,2024-12-02
14217,989,37,5,2025-01-02
14218,480,495,3,2025-11-07
14219,57,399,2,2025-07-24
14220,630,296,3,2025-09-24
14221,847,68,4,2026-06-11
14222,473,256,5,2025-08-21
14223,13,89,1,2024-10-13
14224,806,278,2,2025-11-01
14225,37,75,1,2025-01-06
14226,433,343,5,2024-10-06
14227,297,188,2,2026-02-21
14228,519,134,2,2024-09-03
14229,430,448,1,2025-01-02
14230,919,66,2,2025-12-13
14231,557,448,4,2025-10-02
14232,901,95,4,2026-04-28
14233,980,136,1,2024-09-11
14234,743,109,4,2026-02-13
14235,24,293,2,2026-02-24
14236,345,356,2,2024-10-03
14237,129,60,3,2025-05-19
14238,821,104,4,2026-07-04
14239,970,380,3,2025-03-12
14240,456,440,4,2025-02-28
14241,56,259,1,2025-08-12
14242,360,243,4,2025-12-10
14243,533,297,1,2025-11-28
14244,930,58,1,2025-10-14
14245,596,140,1,2026-06-11
14246,651,222,5,2026-01-19
14247,582,20,2,2024-10-09
14248,16,90,4,2025-12-08
14249,533,434,4,2026-04-14
14250,716,121,2,2025-12-10
14251,611,247,1,2026-07-11
14252,75,9,5,2026-04-16
14253,953,135,4,2025-05-05
14254,1000,429,4,2025-12-08
14255,329,397,1,2026-02-02
14256,515,176,2,2024-08-09
14257,632,490,1,2024-08-20
14258,844,58,3,2024-09-07
14259,452,376,1,2025-01-24
14260,205,174,1,2024-11-22
14261,41,158,1,2026-07-12
14262,254,17,1,2024-09-28
14263,526,116,1,2024-10-02
14264,574,407,3,2025-11-24
14265,337,187,3,2025-04-28
14266,854,469,5,2024-12-03
14267,464,368,3,2024-08-16
14268,757,66,4,2026-04-24
14269,639,416,1,2024-10-27
14270,59,202,2,2025-05-09
14271,249,477,2,2025-09-05
14272,190,144,1,2024-09-30
14273,103,320,5,2025-03-09
14274,262,165,3,2024-10-12
14275,19,142,4,2025-12-06
14276,143,456,4,2026-04-20
14277,43,91,3,2025-10-02
14278,473,189,4,2025-04-13
14279,112,358,4,2026-05-13
14280,843,147,4,2024-09-28
14281,297,403,1,2024-08-23
14282,35,57,4,2026-05-22
14283,749,374,1,2024-09-04
14284,568,278,4,2024-12-27
14285,885,483,2,2025-12-30
14286,653,294,4,2025-08-16
14287,551,33,1,2025-07-31
14288,943,384,2,2025-01-30
14289,999,156,3,2025-09-23
14290,867,403,5,2025-12-23
14291,168,487,2,2025-08-11
14292,976,19,1,2026-02-07
14293,628,15,3,2025-11-02
14294,429,290,1,2026-04-26
14295,138,485,3,2026-05-15
14296,479,280,2,2025-03-01
14297,667,358,4,2025-04-14
14298,614,496,2,2025-12-10
14299,257,249,1,2025-04-30
14300,183,205,3,2025-07-08
14301,775,497,1,2025-09-21
14302,607,96,3,2026-04-15
14303,168,388,3,2026-01-27
14304,138,369,4,2026-04-13
14305,955,401,5,2025-09-28
14306,67,13,1,2026-06-18
14307,772,110,5,2026-06-30
14308,510,483,1,2025-11-08
14309,987,286,5,2025-01-02
14310,541,380,1,2024-11-12
14311,903,154,2,2025-07-07
14312,703,86,3,2026-04-29
14313,114,319,5,2025-05-16
14314,191,483,2,2025-07-21
14315,232,294,2,2025-04-04
14316,285,400,1,2025-10-25
14317,522,291,4,2025-08-24
14318,36,423,4,2026-04-13
14319,498,4,3,2026-02-27
14320,181,214,1,2025-01-20
14321,334,477,2,2025-03-30
14322,794,208,2,2024-08-02
14323,419,498,1,2025-09-14
14324,886,451,4,2025-06-18
14325,70,256,1,2025-09-21
14326,847,113,2,2026-05-18
14327,481,174,5,2026-06-21
14328,992,47,5,2025-07-04
14329,633,206,3,2025-04-08
14330,283,220,4,2025-10-06
14331,249,257,4,2025-10-26
14332,701,77,4,2025-02-06
14333,275,375,3,2026-01-05
14334,999,278,1,2025-02-01
14335,755,338,5,2025-07-26
14336,65,386,5,2024-11-03
14337,684,410,2,2025-02-20
14338,717,200,5,2026-04-27
14339,913,20,5,2025-10-07
14340,383,343,3,2025-12-02
14341,397,131,4,2026-05-16
14342,322,315,4,2025-03-11
14343,15,70,1,2025-08-21
14344,538,473,4,2024-10-05
14345,121,469,1,2026-05-01
14346,59,377,4,2026-01-30
14347,668,433,5,2024-11-06
14348,70,188,5,2025-09-05
14349,969,87,4,2025-05-03
14350,952,79,3,2025-05-29
14351,845,154,2,2024-07-28
14352,24,252,2,2025-03-09
14353,866,27,5,2024-08-11
14354,630,383,1,2026-06-16
14355,781,149,1,2024-12-31
14356,405,485,4,2026-03-02
14357,383,288,3,2026-02-04
14358,207,304,5,2025-07-16
14359,883,422,1,2025-12-11
14360,713,385,5,2025-12-31
14361,424,92,4,2025-05-03
14362,730,439,5,2024-12-11
14363,404,194,1,2025-11-08
14364,105,146,5,2024-08-08
14365,429,183,4,2026-06-28
14366,251,344,1,2026-04-02
14367,838,156,5,2025-07-30
14368,569,311,3,2025-02-13
14369,603,274,3,2025-06-08
14370,259,293,5,2025-02-05
14371,102,177,4,2026-01-22
14372,64,10,4,2025-05-05
14373,50,57,2,2024-11-21
14374,437,400,2,2025-04-24
14375,533,294,5,2026-01-05
14376,319,357,3,2024-12-11
14377,30,122,4,2025-10-05
14378,823,390,5,2025-01-14
14379,299,495,5,2024-12-16
14380,709,48,5,2025-04-16
14381,294,396,5,2025-01-17
14382,14,61,4,2024-10-28
14383,977,235,3,2025-02-13
14384,463,331,4,2025-05-28
14385,895,265,5,2026-06-27
14386,526,470,1,2025-10-31
14387,8,452,3,2026-01-29
14388,614,362,2,2024-12-03
14389,375,39,4,2026-02-09
14390,335,20,5,2024-08-30
14391,528,218,1,2026-01-12
14392,180,238,4,2025-06-04
14393,844,312,2,2024-12-10
14394,107,471,1,2025-04-26
14395,50,420,4,2024-11-09
14396,584,2,4,2025-09-10
14397,132,182,5,2025-02-04
14398,709,106,4,2026-04-02
14399,572,312,2,2025-10-11
14400,321,19,1,2025-10-07
14401,440,335,4,2026-03-23
14402,672,139,5,2025-12-03
14403,854,300,5,2024-10-04
14404,11,403,3,2026-04-01
14405,861,169,1,2025-07-15
14406,174,143,5,2026-07-14
14407,974,5,5,2026-07-22
14408,60,253,5,2026-02-02
14409,161,225,4,2024-08-10
14410,932,455,5,2024-09-09
14411,25,89,3,2025-06-22
14412,8,188,5,2025-04-09
14413,969,293,2,2025-01-08
14414,900,259,5,2025-07-20
14415,72,297,5,2025-09-17
14416,234,331,4,2024-12-26
14417,506,361,1,2024-11-14
14418,921,67,2,2025-09-05
14419,471,446,3,2025-09-09
14420,230,437,5,2025-12-07
14421,904,366,5,2024-12-19
14422,818,339,1,2025-12-06
14423,269,99,2,2025-04-11
14424,25,180,1,2025-02-14
14425,113,313,5,2026-03-04
14426,166,56,5,2025-02-13
14427,627,74,5,2024-12-09
14428,221,51,2,2024-09-09
14429,471,265,3,2024-11-23
14430,149,237,4,2026-03-13
14431,558,5,1,2024-10-31
14432,156,469,3,2025-01-29
14433,247,339,4,2026-01-12
14434,750,206,4,2024-08-10
14435,769,248,2,2026-01-05
14436,721,365,5,2025-06-01
14437,509,166,3,2026-03-01
14438,441,79,1,2025-03-10
14439,904,145,4,2025-01-18
14440,483,49,3,2025-03-15
14441,971,283,5,2025-03-16
14442,190,236,1,2025-04-11
14443,20,396,3,2026-01-21
14444,86,456,4,2026-04-13
14445,96,231,3,2025-01-08
14446,682,411,2,2025-07-22
14447,291,41,5,2026-03-20
14448,202,66,2,2024-08-09
14449,248,476,1,2025-02-09
14450,147,110,1,2025-12-31
14451,37,272,4,2025-07-01
14452,705,350,3,2024-09-28
14453,378,200,4,2026-03-19
14454,972,239,5,2025-10-19
14455,461,20,3,2025-11-20
14456,895,104,3,2026-06-01
14457,790,65,2,2026-01-05
14458,375,63,3,2025-05-23
14459,789,93,5,2025-10-09
14460,232,355,5,2026-05-17
14461,965,215,5,2026-05-30
14462,749,493,3,2024-08-11
14463,944,458,5,2025-07-18
14464,605,191,5,2025-01-03
14465,350,58,2,2024-11-16
14466,311,266,1,2025-10-09
14467,972,125,2,2025-02-14
14468,637,379,5,2025-02-01
14469,833,135,3,2026-06-30
14470,387,173,3,2025-10-02
14471,706,338,5,2025-12-02
14472,463,196,4,2025-01-25
14473,247,258,1,2025-12-01
14474,518,313,2,2026-06-19
14475,725,418,1,2024-12-31
14476,338,231,2,2025-03-12
14477,170,88,3,2025-11-18
14478,261,118,5,2026-02-21
14479,143,437,3,2025-01-04
14480,308,258,1,2025-12-14
14481,920,459,3,2025-07-14
14482,722,434,4,2025-11-12
14483,902,478,2,2026-06-06
14484,771,354,3,2025-01-13
14485,85,82,1,2025-12-07
14486,232,150,5,2025-02-08
14487,565,199,4,2026-03-06
14488,969,17,3,2026-02-12
14489,165,417,1,2026-06-25
14490,313,219,3,2024-11-07
14491,904,175,3,2026-03-26
14492,532,80,2,2025-01-08
14493,35,403,2,2026-06-01
14494,574,216,4,2024-12-07
14495,504,350,4,2025-08-12
14496,354,8,5,2024-11-19
14497,129,131,3,2025-04-17
14498,281,305,5,2025-09-12
14499,961,9,1,2026-02-02
14500,20,121,4,2025-12-07
14501,245,8,4,2025-05-04
14502,29,428,2,2025-11-03
14503,425,129,4,2025-08-28
14504,686,314,1,2026-06-09
14505,232,393,5,2024-11-14
14506,742,380,3,2026-05-26
14507,861,270,5,2025-07-18
14508,767,216,4,2024-07-26
14509,736,422,3,2025-10-18
14510,169,53,1,2025-01-16
14511,180,271,1,2024-10-18
14512,317,303,5,2024-08-29
14513,231,203,3,2025-12-20
14514,179,410,3,2026-07-20
14515,418,89,5,2025-03-28
14516,543,415,3,2025-02-25
14517,846,321,2,2024-09-17
14518,159,90,1,2024-08-01
14519,487,486,3,2025-03-25
14520,540,339,3,2025-10-08
14521,984,373,5,2025-09-28
14522,468,375,5,2024-09-04
14523,335,383,4,2024-09-27
14524,802,464,1,2026-05-05
14525,642,207,4,2025-02-20
14526,854,124,4,2024-12-28
14527,453,92,1,2024-08-29
14528,571,129,3,2026-05-31
14529,396,71,5,2025-03-24
14530,526,147,5,2024-09-22
14531,360,49,5,2025-11-10
14532,278,143,3,2025-04-09
14533,307,392,4,2024-10-20
14534,473,183,4,2026-03-28
14535,596,395,1,2026-01-21
14536,850,294,2,2025-01-22
14537,833,284,5,2026-01-06
14538,406,485,4,2026-02-01
14539,134,289,3,2026-05-03
14540,407,386,3,2025-11-25
14541,252,173,1,2024-10-22
14542,700,21,1,2026-03-27
14543,718,371,3,2024-08-02
14544,348,168,5,2024-12-03
14545,926,394,2,2025-07-26
14546,746,42,2,2024-10-20
14547,792,159,3,2024-08-13
14548,103,399,2,2024-09-01
14549,560,107,5,2025-02-07
14550,349,154,1,2025-04-17
14551,756,72,4,2024-09-13
14552,511,182,5,2025-09-21
14553,128,64,1,2025-10-05
14554,157,53,2,2026-05-09
14555,364,440,3,2026-03-08
14556,938,137,5,2026-02-05
14557,531,16,5,2025-08-10
14558,433,98,1,2024-08-09
14559,948,470,5,2025-09-16
14560,417,251,3,2025-05-23
14561,286,15,2,2025-03-18
14562,140,380,3,2025-03-31
14563,840,344,5,2025-10-03
14564,402,141,5,2024-12-23
14565,22,357,4,2025-12-13
14566,589,377,4,2025-12-04
14567,972,339,1,2025-07-11
14568,659,488,1,2025-04-07
14569,742,444,5,2024-09-08
14570,190,339,1,2025-12-28
14571,145,283,3,2026-04-20
14572,58,103,1,2024-08-17
14573,305,194,1,2025-10-27
14574,368,96,3,2026-04-12
14575,984,52,2,2025-08-07
14576,54,277,5,2026-06-30
14577,950,458,3,2025-02-03
14578,386,139,2,2026-06-04
14579,752,410,2,2025-08-14
14580,77,210,2,2024-12-02
14581,967,333,1,2025-12-31
14582,657,308,4,2025-10-20
14583,639,384,2,2025-07-08
14584,46,472,4,2026-05-04
14585,600,7,3,2024-07-31
14586,99,56,1,2025-08-14
14587,916,307,1,2025-08-25
14588,636,311,5,2026-04-20
14589,104,173,1,2025-03-31
14590,616,90,5,2026-03-15
14591,200,61,2,2025-06-07
14592,245,149,5,2026-02-08
14593,114,137,4,2026-07-19
14594,211,273,3,2025-04-29
14595,576,220,2,2026-01-31
14596,345,468,4,2026-02-09
14597,503,292,1,2024-08-19
14598,497,141,3,2024-12-31
14599,892,265,2,2025-06-02
14600,307,56,2,2026-03-22
14601,484,233,5,2026-03-23
14602,525,141,5,2025-12-24
14603,346,44,2,2025-02-08
14604,713,42,4,2024-10-05
14605,857,471,4,2025-08-22
14606,94,272,2,2025-03-08
14607,38,81,5,2026-06-17
14608,372,61,3,2026-02-04
14609,657,409,5,2025-03-29
14610,690,495,4,2025-04-05
14611,759,66,4,2026-05-29
14612,141,122,2,2026-05-25
14613,454,204,3,2025-01-03
14614,426,341,2,2025-04-24
14615,705,369,5,2024-12-11
14616,39,320,5,2026-03-18
14617,262,469,5,2026-04-06
14618,911,394,5,2025-01-23
14619,805,150,1,2025-05-05
14620,595,178,1,2026-01-16
14621,301,450,4,2025-02-23
14622,945,89,4,2025-06-16
14623,582,12,5,2024-12-22
14624,430,406,3,2026-07-02
14625,102,11,1,2025-12-03
14626,937,341,2,2026-02-11
14627,832,375,5,2024-08-10
14628,825,334,2,2026-06-27
14629,669,234,5,2024-08-16
14630,901,300,4,2025-01-14
14631,991,336,5,2024-11-08
14632,986,273,2,2026-02-25
14633,764,248,2,2025-11-08
14634,747,38,2,2025-01-20
14635,763,62,5,2025-01-21
14636,540,306,5,2025-12-12
14637,553,70,3,2025-02-26
14638,67,69,1,2025-02-05
14639,920,337,5,2025-09-20
14640,380,300,3,2026-07-15
14641,71,82,1,2024-10-10
14642,636,242,4,2024-08-26
14643,499,118,3,2026-03-23
14644,578,385,2,2025-11-03
14645,431,253,2,2024-11-10
14646,668,67,1,2025-11-01
14647,190,378,5,2025-05-24
14648,87,25,3,2025-12-08
14649,534,361,4,2025-03-24
14650,748,316,3,2024-12-01
14651,821,14,2,2025-09-14
14652,491,140,4,2024-12-29
14653,107,110,1,2024-11-29
14654,702,288,3,2026-04-06
14655,455,89,2,2026-01-18
14656,394,74,2,2026-07-17
14657,98,374,2,2026-06-12
14658,560,47,5,2026-07-04
14659,719,445,3,2024-08-21
14660,22,115,4,2025-08-09
14661,260,181,1,2025-09-24
14662,160,138,2,2026-04-03
14663,877,402,4,2026-06-22
14664,177,266,3,2025-03-19
14665,334,436,4,2025-12-07
14666,379,125,1,2026-06-27
14667,532,283,2,2025-11-07
14668,632,373,3,2026-02-07
14669,539,487,2,2026-01-23
14670,708,44,5,2025-07-11
14671,867,427,2,2025-11-30
14672,917,399,5,2024-09-26
14673,604,141,3,2026-05-08
14674,754,392,3,2025-10-15
14675,30,369,2,2025-01-13
14676,478,66,5,2024-11-11
14677,120,415,2,2026-01-31
14678,424,416,5,2024-09-20
14679,717,371,5,2024-11-09
14680,741,22,3,2025-05-28
14681,249,60,4,2025-05-09
14682,27,246,4,2024-07-24
14683,528,66,3,2025-08-16
14684,470,251,4,2025-07-13
14685,959,87,3,2026-02-14
14686,761,283,3,2024-10-30
14687,851,201,5,2025-06-15
14688,155,381,2,2024-11-12
14689,565,102,4,2026-06-22
14690,293,371,3,2025-05-02
14691,868,281,4,2026-02-13
14692,490,53,5,2026-03-18
14693,551,358,2,2025-03-03
14694,355,469,4,2025-08-12
14695,507,54,5,2025-03-18
14696,641,326,4,2026-06-21
14697,591,173,5,2024-08-09
14698,334,373,4,2025-08-21
14699,977,123,5,2026-01-23
14700,951,307,4,2026-03-06
14701,277,387,2,2025-06-15
14702,778,351,5,2025-11-26
14703,8,59,5,2026-04-11
14704,878,160,1,2024-10-29
14705,947,384,2,2025-04-16
14706,265,32,3,2025-07-30
14707,973,90,1,2025-05-08
14708,780,149,1,2025-01-05
14709,432,46,4,2026-07-02
14710,195,182,2,2024-07-31
14711,207,497,5,2025-08-16
14712,581,306,3,2025-07-04
14713,410,194,2,2026-03-12
14714,91,467,5,2025-01-16
14715,122,269,3,2025-04-11
14716,170,444,4,2025-04-28
14717,908,315,4,2024-08-24
14718,707,156,4,2025-05-02
14719,433,154,5,2025-10-16
14720,136,136,3,2025-09-14
14721,655,268,2,2025-09-26
14722,698,184,3,2024-07-27
14723,305,130,5,2025-05-28
14724,482,248,3,2026-03-02
14725,259,181,5,2025-09-15
14726,928,438,1,2025-11-21
14727,35,373,2,2024-11-18
14728,916,87,3,2025-11-24
14729,654,6,1,2025-09-20
14730,756,465,5,2025-12-19
14731,922,231,5,2025-01-15
14732,48,141,2,2024-11-24
14733,144,401,2,2024-11-16
14734,414,93,1,2024-11-26
14735,257,114,2,2025-03-04
14736,418,305,5,2025-07-14
14737,538,67,1,2025-06-23
14738,424,27,4,2025-02-17
14739,610,264,3,2025-04-13
14740,812,317,2,2025-07-10
14741,175,79,5,2024-11-18
14742,142,271,1,2024-12-26
14743,859,185,3,2025-08-22
14744,652,66,3,2024-08-22
14745,926,134,3,2026-05-29
14746,12,12,1,2025-04-27
14747,410,413,4,2025-01-31
14748,133,466,2,2026-06-10
14749,465,46,3,2026-01-14
14750,231,10,3,2024-11-28
14751,578,405,5,2026-05-02
14752,157,480,1,2025-09-02
14753,865,482,4,2024-10-31
14754,424,265,1,2025-05-17
14755,616,434,4,2025-07-04
14756,795,33,4,2025-11-23
14757,183,273,1,2026-03-02
14758,483,2,3,2025-06-24
14759,748,268,5,2025-11-05
14760,998,313,2,2024-09-18
14761,94,117,5,2025-07-28
14762,15,343,1,2026-05-06
14763,945,105,1,2025-10-16
14764,496,278,4,2025-06-19
14765,329,274,5,2026-03-08
14766,346,39,1,2024-12-16
14767,436,118,4,2026-02-25
14768,129,50,5,2025-07-29
14769,856,32,1,2026-03-07
14770,663,233,2,2026-01-31
14771,75,266,2,2025-09-08
14772,216,374,4,2024-11-16
14773,174,64,5,2025-11-10
14774,759,32,1,2025-11-17
14775,428,255,1,2025-12-27
14776,526,338,5,2024-12-05
14777,543,118,2,2024-10-08
14778,834,190,1,2025-01-19
14779,613,24,2,2024-07-27
14780,370,276,1,2026-02-24
14781,731,407,3,2025-05-03
14782,602,385,2,2025-12-07
14783,443,256,1,2025-09-14
14784,9,43,1,2024-09-08
14785,622,235,2,2025-12-05
14786,444,42,5,2025-02-19
14787,801,9,1,2025-10-07
14788,238,350,1,2026-03-21
14789,144,451,3,2025-06-23
14790,147,12,5,2026-07-10
14791,857,498,1,2026-03-09
14792,72,103,5,2025-05-24
14793,439,153,5,2024-10-22
14794,949,275,4,2025-12-10
14795,241,122,3,2026-03-12
14796,574,227,4,2026-06-12
14797,325,431,2,2025-06-01
14798,803,356,3,2026-05-20
14799,519,112,4,2026-01-01
14800,305,290,2,2025-09-16
14801,518,67,3,2026-06-05
14802,712,289,5,2026-02-22
14803,119,203,1,2025-01-30
14804,999,430,5,2025-01-19
14805,968,447,5,2025-03-13
14806,433,253,4,2025-05-27
14807,817,339,4,2026-02-20
14808,711,253,3,2025-10-01
14809,452,400,5,2025-07-18
14810,595,285,4,2025-12-07
14811,383,351,2,2024-08-07
14812,299,67,2,2025-04-15
14813,127,29,5,2024-08-20
14814,58,300,3,2025-06-03
14815,679,206,5,2026-02-05
14816,67,203,1,2024-12-19
14817,275,413,1,2026-04-03
14818,141,301,2,2025-12-24
14819,635,469,5,2024-10-23
14820,769,69,2,2024-10-11
14821,58,458,1,2024-11-30
14822,873,31,1,2024-11-15
14823,65,78,2,2024-09-27
14824,143,385,2,2025-11-07
14825,981,402,5,2025-09-23
14826,67,364,2,2026-02-28
14827,848,401,5,2025-12-04
14828,621,499,4,2026-07-17
14829,641,468,3,2025-10-14
14830,92,234,2,2024-11-04
14831,257,85,5,2024-11-03
14832,158,292,5,2026-07-21
14833,146,195,1,2025-09-04
14834,986,129,4,2025-02-16
14835,659,239,3,2024-11-19
14836,809,22,5,2025-12-08
14837,614,374,5,2025-09-24
14838,345,200,1,2025-06-02
14839,272,30,5,2024-11-21
14840,150,185,4,2025-10-20
14841,90,34,5,2024-08-03
14842,284,115,3,2025-09-06
14843,484,122,4,2024-12-08
14844,916,211,3,2025-12-25
14845,976,257,3,2025-10-27
14846,871,393,3,2024-08-26
14847,708,95,5,2025-05-27
14848,118,169,1,2025-01-05
14849,782,305,2,2025-11-13
14850,463,348,4,2026-01-13
14851,992,485,3,2026-01-13
14852,870,80,3,2026-01-11
14853,12,461,5,2025-01-01
14854,697,298,2,2024-08-17
14855,251,183,2,2024-10-12
14856,885,267,2,2025-10-31
14857,264,174,1,2026-06-25
14858,901,204,1,2026-05-25
14859,75,30,1,2026-04-19
14860,926,376,2,2025-11-01
14861,344,495,2,2025-02-17
14862,419,303,2,2025-12-02
14863,999,381,4,2025-10-29
14864,452,125,5,2026-05-23
14865,243,285,3,2025-07-24
14866,125,471,4,2026-05-29
14867,965,457,3,2024-10-20
14868,836,69,4,2025-04-19
14869,487,448,1,2025-05-16
14870,143,447,4,2026-06-08
14871,932,408,5,2025-07-19
14872,984,243,2,2024-08-11
14873,165,91,5,2026-06-01
14874,469,136,1,2026-01-16
14875,950,97,1,2025-06-17
14876,881,462,2,2026-06-26
14877,845,313,4,2025-05-02
14878,389,355,5,2026-02-12
14879,71,207,5,2025-09-19
14880,429,475,3,2026-04-26
14881,485,162,3,2024-10-14
14882,457,192,5,2025-03-28
14883,824,289,3,2025-01-06
14884,334,460,1,2025-02-10
14885,950,371,5,2025-01-17
14886,643,219,2,2024-12-02
14887,941,281,3,2026-02-01
14888,49,89,4,2026-03-30
14889,414,29,4,2025-07-05
14890,463,109,3,2025-10-30
14891,62,141,3,2026-05-25
14892,127,53,3,2026-04-01
14893,166,332,3,2025-01-24
14894,418,5,5,2024-12-29
14895,329,210,1,2025-04-25
14896,284,137,5,2025-10-19
14897,478,72,4,2025-02-26
14898,467,379,4,2026-07-17
14899,579,407,5,2025-05-10
14900,358,451,3,2024-09-15
14901,624,207,3,2025-01-18
14902,235,62,1,2025-11-17
14903,453,467,1,2025-05-01
14904,695,296,3,2026-01-03
14905,623,148,1,2026-04-02
14906,60,471,1,2025-05-16
14907,432,383,3,2025-06-28
14908,833,245,4,2026-01-03
14909,919,492,3,2025-03-24
14910,443,369,1,2025-08-11
14911,419,40,3,2024-10-23
14912,507,353,2,2025-03-21
14913,44,314,4,2024-09-18
14914,18,157,4,2026-01-14
14915,999,222,3,2024-08-04
14916,194,174,2,2026-05-12
14917,366,459,4,2025-12-20
14918,250,405,1,2026-03-29
14919,70,255,5,2024-11-02
14920,764,144,1,2026-02-06
14921,270,130,3,2025-10-19
14922,139,496,1,2024-12-28
14923,654,88,1,2025-08-19
14924,258,75,4,2025-04-18
14925,791,452,5,2025-11-14
14926,74,444,3,2026-07-11
14927,902,215,2,2026-04-20
14928,748,265,3,2026-06-06
14929,169,355,2,2024-10-05
14930,299,458,4,2025-10-09
14931,870,246,1,2025-01-25
14932,923,435,5,2026-01-27
14933,181,472,5,2024-10-25
14934,221,107,4,2025-04-03
14935,39,481,1,2025-07-21
14936,565,381,3,2025-11-23
14937,57,353,1,2025-08-24
14938,1,451,5,2025-09-08
14939,259,119,3,2025-08-19
14940,662,347,2,2025-01-21
14941,726,152,3,2026-02-01
14942,767,202,5,2026-01-31
14943,633,255,3,2025-12-17
14944,912,418,5,2024-10-04
14945,576,210,1,2026-02-04
14946,938,58,5,2024-12-12
14947,627,285,3,2024-08-26
14948,557,129,1,2025-05-07
14949,823,206,2,2025-04-04
14950,965,464,2,2025-02-28
14951,323,289,4,2026-02-02
14952,634,462,3,2025-11-25
14953,336,423,3,2025-09-01
14954,784,144,1,2024-09-03
14955,893,408,4,2025-05-26
14956,527,33,5,2025-01-08
14957,148,77,4,2024-09-02
14958,686,421,3,2026-03-25
14959,81,122,1,2024-08-01
14960,182,455,2,2025-02-02
14961,262,1,2,2026-04-20
14962,769,494,1,2025-06-01
14963,279,361,2,2026-02-03
14964,618,250,2,2025-05-18
14965,651,416,2,2024-09-11
14966,140,424,4,2025-05-23
14967,375,500,2,2024-10-22
14968,652,350,1,2025-02-07
14969,723,33,3,2025-04-20
14970,460,329,2,2024-08-22
14971,15,441,3,2025-11-21
14972,61,183,1,2024-11-14
14973,18,483,5,2026-01-12
14974,95,57,1,2025-07-27
14975,679,432,1,2024-10-17
14976,729,150,5,2025-04-23
14977,374,480,4,2025-08-01
14978,807,198,4,2024-09-22
14979,378,116,3,2025-11-27
14980,525,364,4,2026-05-06
14981,255,230,1,2025-08-06
14982,12,15,1,2025-01-28
14983,7,128,2,2025-07-11
14984,242,466,4,2026-03-18
14985,436,298,1,2024-12-09
14986,298,21,5,2025-06-12
14987,775,16,4,2026-05-06
14988,473,394,1,2025-03-19
14989,867,436,5,2025-02-21
14990,47,438,3,2026-04-04
14991,958,288,2,2026-04-14
14992,646,426,5,2025-08-29
14993,768,57,5,2024-11-04
14994,470,448,2,2025-04-12
14995,287,22,5,2025-04-06
14996,543,208,1,2025-04-14
14997,341,256,2,2024-09-27
14998,82,441,4,2025-10-24
14999,53,198,5,2024-10-31
15000,591,89,5,2024-12-06
15001,349,422,1,2025-05-22
15002,587,114,2,2025-12-11
15003,138,283,1,2025-02-17
15004,945,182,5,2025-06-02
15005,352,32,3,2025-10-26
15006,344,166,3,2026-04-21
15007,242,108,3,2026-02-01
15008,923,321,5,2025-12-29
15009,743,142,4,2024-11-22
15010,457,36,2,2025-02-20
15011,216,332,3,2025-07-24
15012,973,196,3,2026-02-13
15013,913,198,5,2025-11-06
15014,129,467,4,2026-07-12
15015,183,219,2,2026-06-12
15016,139,133,4,2026-06-08
15017,298,239,3,2025-10-10
15018,501,233,5,2024-09-17
15019,854,23,4,2025-02-14
15020,636,426,5,2025-10-27
15021,374,200,5,2025-10-29
15022,121,400,4,2026-06-11
15023,82,58,2,2026-02-26
15024,535,440,1,2024-11-24
15025,751,179,4,2025-03-22
15026,794,408,4,2024-12-12
15027,862,403,1,2026-04-10
15028,42,151,4,2026-01-30
15029,122,495,5,2025-10-08
15030,699,347,1,2024-10-19
15031,904,83,3,2024-09-17
15032,918,401,2,2025-07-27
15033,545,284,3,2026-05-09
15034,13,13,3,2025-12-31
15035,340,369,1,2024-09-21
15036,712,409,2,2026-04-27
15037,554,163,2,2025-11-29
15038,411,442,2,2025-05-03
15039,800,40,2,2026-02-28
15040,746,442,2,2025-04-14
15041,156,444,4,2026-03-21
15042,298,199,2,2025-12-06
15043,231,60,3,2026-07-03
15044,395,107,4,2026-04-21
15045,645,353,5,2026-04-07
15046,296,177,5,2024-12-18
15047,360,359,2,2025-10-16
15048,75,14,3,2025-05-05
15049,932,231,2,2025-09-14
15050,631,386,1,2025-03-08
15051,654,3,5,2025-10-01
15052,704,205,3,2026-01-26
15053,616,237,4,2025-02-03
15054,335,388,3,2025-10-20
15055,739,156,5,2026-04-13
15056,502,343,5,2025-11-12
15057,869,497,1,2025-07-17
15058,703,104,3,2025-05-01
15059,933,445,1,2024-12-14
15060,837,442,2,2025-02-19
15061,368,399,4,2026-01-10
15062,965,350,4,2025-07-11
15063,217,12,1,2025-02-25
15064,933,460,2,2025-07-10
15065,236,113,3,2024-09-01
15066,334,493,4,2024-12-30
15067,285,193,4,2025-10-01
15068,907,413,2,2025-03-12
15069,983,308,3,2024-08-26
15070,632,267,1,2025-01-07
15071,553,172,5,2025-06-26
15072,346,380,1,2025-05-19
15073,102,120,4,2024-11-07
15074,534,314,3,2026-06-11
15075,802,363,5,2026-05-03
15076,935,482,3,2026-03-27
15077,266,21,3,2026-07-06
15078,773,29,4,2026-01-21
15079,40,291,5,2024-09-01
15080,879,408,4,2025-02-13
15081,252,322,5,2024-08-07
15082,694,480,4,2025-12-29
15083,328,250,5,2025-12-04
15084,547,59,3,2024-08-05
15085,184,92,4,2025-10-30
15086,56,405,2,2024-12-14
15087,224,60,3,2026-02-22
15088,764,65,1,2025-11-06
15089,211,249,3,2026-06-29
15090,775,482,1,2026-06-03
15091,60,138,5,2026-05-21
15092,384,373,3,2026-01-01
15093,344,210,5,2025-06-19
15094,80,498,3,2025-07-17
15095,94,340,3,2024-10-19
15096,989,172,2,2025-01-13
15097,236,231,3,2025-06-30
15098,3,277,4,2025-05-02
15099,992,231,3,2025-06-11
15100,959,155,2,2026-04-27
15101,958,283,2,2025-04-16
15102,410,173,5,2024-10-13
15103,876,187,5,2025-04-02
15104,820,108,5,2024-12-19
15105,160,116,2,2024-10-18
15106,812,134,4,2025-08-17
15107,75,18,3,2024-10-25
15108,638,336,4,2026-05-16
15109,671,368,5,2026-07-05
15110,570,26,1,2026-06-25
15111,959,426,5,2026-03-17
15112,316,44,5,2025-01-31
15113,719,102,1,2025-06-06
15114,677,462,2,2025-09-02
15115,410,276,4,2025-02-15
15116,618,301,1,2025-06-03
15117,711,312,4,2025-08-10
15118,791,500,2,2025-07-17
15119,799,468,4,2024-12-01
15120,709,231,1,2025-05-09
15121,34,398,1,2024-08-10
15122,238,260,1,2025-01-21
15123,268,445,2,2025-12-25
15124,755,236,5,2026-06-12
15125,44,265,1,2025-04-22
15126,990,30,5,2026-01-28
15127,392,122,1,2025-10-18
15128,187,147,3,2026-04-02
15129,581,357,2,2024-08-30
15130,126,389,1,2025-12-06
15131,916,226,3,2025-09-09
15132,896,426,2,2025-06-24
15133,885,419,4,2024-12-09
15134,91,62,1,2025-12-23
15135,289,363,2,2026-06-18
15136,396,20,4,2026-01-04
15137,731,304,3,2025-09-17
15138,543,464,1,2025-08-03
15139,677,393,3,2025-08-16
15140,677,55,4,2026-06-10
15141,599,197,2,2025-03-20
15142,148,306,5,2026-01-17
15143,884,212,4,2024-10-01
15144,560,481,5,2026-02-08
15145,390,4,4,2025-01-01
15146,137,464,2,2026-05-03
15147,128,148,1,2025-07-08
15148,640,373,5,2026-03-22
15149,990,311,4,2026-04-28
15150,467,132,1,2025-02-28
15151,460,396,5,2025-04-01
15152,869,351,4,2025-07-03
15153,60,473,3,2025-07-11
15154,413,59,2,2024-11-09
15155,159,7,1,2026-04-20
15156,860,213,3,2024-12-24
15157,250,390,2,2026-01-05
15158,628,392,5,2024-12-08
15159,715,398,3,2026-03-29
15160,568,91,1,2025-09-11
15161,933,494,2,2025-11-29
15162,895,177,1,2024-07-25
15163,443,70,2,2025-04-28
15164,144,478,2,2025-02-24
15165,636,363,3,2025-08-28
15166,654,85,5,2024-12-19
15167,546,136,2,2024-09-19
15168,613,412,4,2025-09-27
15169,301,336,3,2025-09-07
15170,428,394,4,2026-02-06
15171,361,433,5,2024-09-26
15172,467,241,2,2024-11-25
15173,337,109,3,2024-10-27
15174,754,325,4,2025-06-09
15175,233,376,2,2025-11-06
15176,431,366,4,2024-09-03
15177,837,2,4,2025-09-07
15178,476,476,5,2024-09-09
15179,133,413,3,2025-09-13
15180,990,204,3,2026-03-19
15181,478,12,2,2024-11-16
15182,785,24,1,2026-06-20
15183,884,100,4,2024-08-28
15184,952,340,1,2025-03-27
15185,687,23,2,2025-06-27
15186,722,40,2,2024-12-31
15187,180,258,2,2025-12-01
15188,736,383,1,2024-09-10
15189,346,297,3,2025-05-01
15190,408,93,1,2025-10-10
15191,597,248,5,2026-01-09
15192,281,467,4,2025-04-28
15193,239,117,3,2025-06-25
15194,964,70,5,2025-11-07
15195,262,130,2,2024-08-11
15196,115,210,1,2026-04-02
15197,402,337,1,2026-03-24
15198,29,182,3,2025-12-11
15199,853,343,2,2025-07-19
15200,548,373,2,2025-08-22
15201,704,488,1,2026-01-04
15202,102,408,2,2026-01-15
15203,322,223,5,2025-09-21
15204,114,247,2,2025-06-16
15205,468,388,2,2026-03-31
15206,314,27,3,2026-04-15
15207,817,161,2,2025-04-24
15208,603,257,4,2024-12-02
15209,771,111,1,2025-09-01
15210,144,495,2,2024-10-16
15211,220,330,3,2025-08-23
15212,947,179,5,2024-09-04
15213,698,316,4,2025-07-16
15214,67,75,5,2026-05-12
15215,918,383,5,2025-12-16
15216,918,144,5,2024-10-28
15217,525,333,4,2025-06-18
15218,583,416,1,2025-03-02
15219,737,293,3,2025-07-11
15220,121,392,3,2026-06-01
15221,183,297,3,2024-10-05
15222,973,76,5,2025-07-02
15223,77,84,5,2025-06-10
15224,681,81,1,2025-10-27
15225,329,55,5,2025-02-04
15226,349,458,3,2025-08-14
15227,907,228,4,2024-12-25
15228,629,68,5,2025-01-11
15229,46,373,3,2025-03-13
15230,365,489,5,2025-08-19
15231,330,406,5,2025-12-25
15232,459,281,5,2025-05-26
15233,12,143,5,2025-05-09
15234,7,384,1,2026-01-02
15235,133,223,3,2025-02-06
15236,90,499,1,2026-04-25
15237,101,164,5,2024-09-28
15238,862,72,2,2025-10-17
15239,9,495,1,2025-12-05
15240,902,66,3,2025-06-25
15241,191,463,3,2025-12-17
15242,360,156,2,2025-10-21
15243,52,31,4,2025-04-03
15244,548,85,4,2026-07-20
15245,312,100,3,2026-05-08
15246,180,86,5,2025-12-12
15247,654,90,3,2025-02-21
15248,397,295,4,2025-08-12
15249,350,11,1,2025-07-02
15250,545,205,1,2025-05-12
15251,973,134,5,2024-12-29
15252,156,224,5,2026-02-11
15253,404,89,4,2026-03-06
15254,843,204,3,2025-11-16
15255,512,76,4,2025-03-04
15256,539,199,3,2026-04-07
15257,568,216,4,2025-04-26
15258,300,263,3,2026-01-03
15259,760,66,5,2026-03-26
15260,592,170,5,2025-07-09
15261,250,408,5,2025-03-07
15262,244,329,5,2026-02-01
15263,587,481,5,2025-09-24
15264,659,158,2,2024-08-24
15265,403,467,2,2025-10-24
15266,587,137,3,2025-10-03
15267,167,352,4,2024-10-27
15268,896,141,5,2025-11-11
15269,456,425,1,2025-05-04
15270,970,457,2,2024-11-07
15271,468,288,2,2025-12-09
15272,104,314,2,2026-04-03
15273,515,219,4,2025-03-10
15274,857,478,2,2025-03-05
15275,275,360,1,2025-07-22
15276,752,23,5,2026-04-07
15277,729,215,5,2025-01-19
15278,171,209,1,2025-05-15
15279,600,382,5,2025-07-21
15280,187,238,5,2025-04-02
15281,306,3,1,2024-12-17
15282,175,422,2,2025-05-21
15283,222,297,1,2024-09-27
15284,915,434,1,2024-08-25
15285,137,130,5,2025-07-05
15286,917,342,3,2026-01-06
15287,315,496,3,2024-12-02
15288,50,88,3,2025-02-25
15289,698,423,1,2025-08-21
15290,404,426,3,2025-07-19
15291,755,43,3,2025-02-26
15292,23,352,2,2025-12-06
15293,617,160,5,2024-10-28
15294,127,113,2,2024-09-24
15295,244,27,5,2026-05-08
15296,726,339,2,2026-01-18
15297,144,240,1,2025-11-17
15298,309,223,5,2024-09-30
15299,431,82,4,2025-06-06
15300,443,477,3,2025-05-26
15301,816,189,2,2025-07-18
15302,175,303,5,2024-12-04
15303,823,95,1,2026-06-18
15304,893,91,1,2025-06-18
15305,507,377,5,2026-01-19
15306,447,145,2,2025-04-22
15307,505,287,5,2025-08-11
15308,83,131,5,2025-10-11
15309,222,180,3,2026-04-02
15310,850,47,4,2026-05-16
15311,521,47,4,2024-08-11
15312,605,95,5,2025-01-02
15313,12,114,5,2025-04-16
15314,553,228,3,2025-08-31
15315,784,121,5,2025-09-22
15316,718,435,1,2025-06-26
15317,873,186,1,2025-07-30
15318,250,263,4,2026-02-03
15319,661,431,5,2025-07-03
15320,175,145,5,2024-12-01
15321,861,475,3,2025-11-01
15322,441,427,4,2025-04-28
15323,146,461,3,2025-12-16
15324,747,360,5,2025-11-28
15325,851,312,3,2026-04-05
15326,815,430,3,2025-10-07
15327,590,3,5,2026-05-12
15328,789,27,3,2025-01-12
15329,832,63,5,2026-01-29
15330,380,106,4,2026-06-25
15331,359,406,1,2025-03-02
15332,103,41,5,2026-03-04
15333,477,158,4,2025-02-11
15334,134,115,5,2026-07-10
15335,760,11,1,2025-01-26
15336,567,393,3,2026-03-10
15337,801,435,1,2025-12-10
15338,805,395,1,2026-07-09
15339,110,355,5,2024-08-31
15340,18,213,5,2024-12-05
15341,77,337,4,2024-12-06
15342,823,223,1,2026-01-28
15343,923,20,3,2025-06-04
15344,626,216,4,2026-01-20
15345,876,489,2,2025-08-15
15346,269,173,4,2026-06-06
15347,103,150,4,2025-12-01
15348,989,173,5,2025-09-10
15349,984,193,5,2025-06-04
15350,191,465,4,2026-01-09
15351,577,34,2,2025-12-27
15352,940,134,5,2026-06-10
15353,718,87,1,2024-08-13
15354,449,484,5,2024-10-13
15355,32,409,3,2024-12-14
15356,824,9,1,2026-04-22
15357,491,472,2,2024-10-29
15358,609,278,1,2026-01-24
15359,710,320,5,2026-01-14
15360,434,370,4,2025-04-05
15361,285,351,3,2024-09-10
15362,601,89,1,2025-08-29
15363,193,359,1,2026-06-12
15364,802,58,4,2026-01-01
15365,948,118,3,2026-05-13
15366,381,3,2,2025-03-15
15367,375,165,1,2025-07-02
15368,43,15,4,2025-10-03
15369,749,334,2,2026-07-22
15370,884,161,4,2024-12-10
15371,355,231,5,2026-07-09
15372,810,477,5,2026-04-15
15373,458,193,5,2025-05-21
15374,158,331,4,2025-12-12
15375,85,11,5,2025-01-04
15376,236,10,1,2025-05-10
15377,326,421,4,2024-11-28
15378,311,142,4,2025-09-23
15379,423,141,1,2025-07-05
15380,589,455,4,2026-03-07
15381,465,207,4,2024-08-27
15382,137,449,3,2026-01-02
15383,55,154,1,2025-08-06
15384,387,84,2,2025-12-05
15385,423,304,1,2025-01-25
15386,805,47,1,2024-08-23
15387,98,181,5,2024-09-10
15388,826,149,5,2026-04-28
15389,397,79,5,2025-04-02
15390,150,409,4,2024-09-12
15391,848,238,1,2024-08-02
15392,722,304,3,2025-08-13
15393,609,168,1,2024-11-28
15394,473,312,4,2025-01-26
15395,395,47,4,2025-07-05
15396,139,335,5,2026-03-04
15397,727,340,5,2026-05-27
15398,892,25,1,2024-11-28
15399,907,179,5,2025-04-19
15400,604,268,5,2026-01-02
15401,6,135,2,2025-12-06
15402,437,132,1,2024-11-08
15403,369,95,5,2024-12-29
15404,147,151,2,2025-11-02
15405,891,247,5,2025-01-26
15406,877,204,3,2025-07-15
15407,456,205,1,2025-07-17
15408,229,259,4,2026-05-03
15409,684,394,1,2025-08-24
15410,690,207,4,2025-10-25
15411,134,166,5,2025-10-18
15412,215,76,5,2024-11-20
15413,474,318,3,2025-09-11
15414,353,348,5,2025-10-14
15415,324,386,4,2026-01-12
15416,574,46,3,2025-04-07
15417,466,55,1,2025-04-26
15418,836,394,1,2026-01-20
15419,276,500,3,2025-08-03
15420,236,354,3,2026-04-26
15421,849,247,3,2026-07-01
15422,354,322,5,2026-05-17
15423,388,478,2,2026-02-17
15424,36,276,4,2025-04-02
15425,778,110,5,2026-04-02
15426,901,309,5,2025-08-21
15427,840,6,4,2025-11-16
15428,178,36,4,2024-10-25
15429,831,181,4,2025-02-14
15430,595,47,3,2024-09-04
15431,116,72,3,2025-06-13
15432,736,416,1,2026-03-20
15433,229,113,5,2024-09-08
15434,649,339,3,2025-05-06
15435,599,290,5,2024-08-20
15436,293,198,4,2026-02-19
15437,827,29,1,2026-02-14
15438,685,467,1,2025-10-05
15439,449,104,2,2025-04-19
15440,193,205,3,2025-04-29
15441,168,173,2,2025-03-24
15442,754,73,4,2025-01-04
15443,448,430,4,2025-07-20
15444,388,53,2,2025-10-27
15445,415,431,4,2025-04-04
15446,596,27,4,2025-08-15
15447,232,171,1,2026-06-15
15448,981,490,4,2024-12-09
15449,251,90,2,2025-12-26
15450,624,385,2,2024-11-30
15451,586,409,4,2024-11-29
15452,518,425,3,2025-09-19
15453,967,47,4,2026-04-19
15454,81,228,5,2026-01-24
15455,959,272,3,2025-07-19
15456,706,488,5,2026-06-07
15457,52,52,4,2025-08-25
15458,272,25,1,2025-01-10
15459,443,373,1,2026-05-15
15460,20,12,2,2025-04-26
15461,450,106,4,2025-12-17
15462,375,480,1,2025-01-23
15463,499,240,3,2026-03-28
15464,896,380,2,2026-05-03
15465,343,424,5,2025-05-11
15466,433,47,4,2025-08-17
15467,388,63,4,2026-04-03
15468,840,157,1,2025-01-31
15469,264,369,2,2024-09-10
15470,172,131,4,2025-11-23
15471,900,21,2,2024-09-27
15472,253,217,5,2025-12-07
15473,880,236,1,2025-10-12
15474,902,318,3,2026-02-19
15475,375,58,3,2025-02-20
15476,151,334,3,2025-06-12
15477,611,175,3,2026-06-13
15478,934,289,2,2026-04-15
15479,831,363,3,2026-07-15
15480,941,417,3,2026-03-08
15481,795,73,5,2025-06-03
15482,114,114,5,2024-10-19
15483,323,417,3,2025-08-29
15484,642,75,5,2026-02-06
15485,871,232,5,2024-11-21
15486,557,158,2,2026-01-03
15487,489,273,5,2026-02-08
15488,603,122,5,2025-05-01
15489,408,185,1,2024-11-17
15490,283,476,5,2025-07-10
15491,985,79,3,2025-05-03
15492,675,193,4,2026-07-16
15493,668,472,4,2025-05-16
15494,617,266,4,2026-04-08
15495,944,241,5,2025-02-03
15496,49,486,3,2025-04-04
15497,375,46,5,2026-02-15
15498,534,440,3,2026-04-08
15499,307,132,3,2026-07-08
15500,806,75,3,2025-09-12
15501,3,433,3,2024-07-28
15502,455,419,3,2026-03-18
15503,78,203,3,2024-12-27
15504,485,469,3,2026-07-13
15505,837,287,5,2026-07-12
15506,349,52,5,2024-09-24
15507,719,57,5,2026-04-12
15508,147,145,5,2026-07-23
15509,192,35,2,2024-11-02
15510,872,96,2,2024-10-12
15511,981,468,5,2026-03-12
15512,381,418,4,2025-01-11
15513,523,407,1,2024-11-11
15514,49,297,1,2025-10-28
15515,406,448,5,2025-05-21
15516,325,401,1,2025-09-29
15517,371,97,2,2024-12-10
15518,471,169,4,2025-03-01
15519,120,69,1,2025-10-31
15520,304,221,4,2025-08-09
15521,194,135,4,2025-05-06
15522,771,380,3,2024-09-29
15523,184,88,1,2026-01-31
15524,469,108,5,2024-07-26
15525,398,348,3,2024-08-26
15526,975,145,1,2024-08-23
15527,751,384,3,2026-06-27
15528,33,497,5,2025-10-10
15529,50,72,2,2025-07-10
15530,698,66,3,2025-09-22
15531,270,82,5,2025-08-21
15532,54,216,3,2025-04-20
15533,199,484,3,2025-05-30
15534,383,437,4,2025-01-27
15535,428,326,5,2025-07-31
15536,729,145,3,2025-04-25
15537,409,88,2,2024-07-23
15538,894,332,4,2026-03-19
15539,508,75,5,2025-11-15
15540,499,127,5,2026-04-06
15541,235,395,1,2024-12-04
15542,152,397,5,2026-07-09
15543,936,393,4,2024-09-28
15544,268,255,4,2025-05-23
15545,421,307,5,2025-12-15
15546,748,324,2,2026-01-17
15547,516,455,1,2026-07-20
15548,290,30,1,2024-12-11
15549,619,162,3,2025-07-31
15550,223,2,2,2026-05-03
15551,901,174,3,2024-09-08
15552,661,142,5,2025-04-01
15553,481,407,3,2026-01-06
15554,739,322,5,2025-04-06
15555,221,50,3,2025-12-05
15556,71,369,2,2024-12-25
15557,161,207,3,2025-02-01
15558,106,247,3,2026-03-25
15559,903,475,1,2024-11-09
15560,786,139,5,2025-01-05
15561,407,136,1,2024-08-21
15562,300,8,2,2026-04-02
15563,810,255,1,2024-12-06
15564,346,376,1,2025-10-19
15565,967,39,1,2025-10-10
15566,96,457,1,2025-02-10
15567,521,426,3,2026-07-04
15568,735,84,2,2024-11-24
15569,544,384,5,2025-07-13
15570,387,261,4,2025-09-11
15571,146,63,5,2025-04-10
15572,185,357,5,2026-06-18
15573,635,441,1,2026-04-13
15574,985,70,5,2026-01-05
15575,935,357,3,2025-06-25
15576,336,113,1,2025-10-03
15577,795,414,2,2024-10-20
15578,145,83,2,2025-01-20
15579,585,479,3,2025-11-18
15580,42,236,1,2026-03-29
15581,350,79,4,2025-03-16
15582,686,267,4,2026-03-10
15583,977,232,5,2026-06-11
15584,928,30,5,2025-05-21
15585,561,253,2,2026-06-22
15586,839,58,2,2024-10-18
15587,470,368,2,2025-07-18
15588,846,407,4,2025-08-20
15589,527,340,4,2026-03-24
15590,596,206,5,2026-04-07
15591,867,113,2,2025-04-09
15592,273,448,2,2025-11-17
15593,654,6,5,2024-10-18
15594,395,343,2,2025-03-13
15595,192,268,4,2024-12-07
15596,929,94,3,2025-06-18
15597,277,42,2,2025-04-09
15598,212,55,2,2025-12-06
15599,98,319,4,2024-10-15
15600,164,36,5,2026-03-31
15601,199,216,5,2025-04-17
15602,580,146,3,2025-01-17
15603,55,386,4,2026-04-20
15604,243,63,4,2025-03-14
15605,927,89,4,2026-06-26
15606,259,295,2,2026-03-12
15607,51,114,5,2025-03-09
15608,208,266,2,2026-02-09
15609,186,397,1,2025-05-22
15610,544,351,5,2025-03-30
15611,469,312,5,2025-12-16
15612,851,227,2,2025-02-22
15613,254,144,4,2026-06-06
15614,483,64,3,2025-07-01
15615,551,249,3,2024-08-04
15616,310,113,4,2024-12-28
15617,128,191,5,2025-01-14
15618,894,240,1,2024-10-20
15619,132,100,4,2025-12-21
15620,617,149,4,2025-08-04
15621,910,103,1,2024-12-14
15622,542,125,2,2024-12-27
15623,135,113,4,2025-10-17
15624,692,5,4,2026-03-16
15625,63,185,5,2024-11-25
15626,726,167,5,2025-05-28
15627,74,291,3,2026-05-04
15628,560,348,4,2026-07-07
15629,577,192,4,2025-01-24
15630,31,218,3,2024-10-22
15631,123,399,5,2025-08-20
15632,304,38,5,2025-01-03
15633,163,428,2,2025-06-25
15634,946,53,2,2026-03-29
15635,648,449,3,2024-10-19
15636,889,407,5,2025-05-22
15637,851,126,4,2024-08-17
15638,26,122,4,2026-01-05
15639,599,404,1,2026-07-11
15640,198,169,3,2026-05-09
15641,515,165,1,2025-06-14
15642,592,87,2,2025-03-22
15643,578,54,3,2024-10-21
15644,225,2,3,2024-09-12
15645,935,327,1,2025-11-14
15646,372,168,3,2024-11-29
15647,718,318,5,2026-07-16
15648,864,442,5,2024-09-08
15649,107,38,3,2024-11-06
15650,561,185,4,2026-01-24
15651,373,169,2,2024-12-24
15652,905,488,1,2025-12-10
15653,703,301,3,2026-04-22
15654,370,126,5,2025-07-05
15655,671,329,2,2024-10-14
15656,966,182,3,2025-10-12
15657,56,445,3,2026-01-24
15658,134,242,3,2024-10-23
15659,957,191,4,2025-09-25
15660,473,99,3,2026-05-12
15661,945,401,5,2024-12-15
15662,122,100,2,2024-08-08
15663,627,403,3,2025-03-18
15664,562,281,5,2026-05-02
15665,732,196,2,2025-02-28
15666,425,496,1,2025-10-13
15667,253,231,1,2024-10-04
15668,235,99,3,2026-07-22
15669,49,238,3,2025-08-04
15670,76,483,5,2025-11-21
15671,886,44,5,2025-06-30
15672,860,349,4,2026-04-26
15673,857,435,1,2025-07-08
15674,859,177,5,2025-06-15
15675,824,366,3,2025-11-28
15676,404,115,4,2025-10-18
15677,191,355,5,2026-01-26
15678,567,211,3,2026-06-29
15679,436,357,2,2024-10-09
15680,170,374,5,2025-08-19
15681,223,450,4,2024-11-06
15682,232,367,2,2025-10-31
15683,688,468,4,2026-03-13
15684,60,28,1,2024-08-02
15685,829,381,3,2024-12-08
15686,131,157,3,2026-02-26
15687,1000,93,3,2024-11-26
15688,744,421,4,2025-12-31
15689,337,325,3,2024-10-29
15690,860,69,4,2024-10-01
15691,787,292,2,2025-10-01
15692,167,234,1,2025-09-22
15693,43,143,3,2025-10-10
15694,566,189,5,2024-12-27
15695,539,236,3,2024-08-13
15696,64,289,3,2025-07-21
15697,419,469,4,2025-12-26
15698,172,310,1,2024-12-28
15699,2,408,4,2024-08-06
15700,571,461,4,2025-01-18
15701,221,148,5,2026-07-22
15702,165,363,1,2025-05-05
15703,635,201,4,2025-04-09
15704,279,422,4,2026-03-01
15705,224,171,3,2025-06-01
15706,450,271,2,2024-08-25
15707,865,110,2,2025-11-03
15708,70,209,1,2026-06-28
15709,303,418,3,2026-01-11
15710,781,99,1,2025-12-15
15711,339,378,5,2025-01-19
15712,291,205,1,2024-10-08
15713,680,302,1,2025-07-24
15714,439,218,2,2024-08-11
15715,386,455,5,2024-08-28
15716,757,186,1,2025-09-24
15717,663,448,3,2025-02-06
15718,299,53,4,2024-07-31
15719,41,448,4,2025-05-21
15720,902,55,5,2026-02-03
15721,814,82,4,2026-04-22
15722,305,1,3,2025-06-28
15723,460,482,5,2024-12-21
15724,843,430,4,2026-03-19
15725,737,198,2,2026-07-15
15726,663,227,5,2024-08-02
15727,852,37,4,2026-01-23
15728,559,368,3,2026-05-28
15729,357,178,5,2025-07-03
15730,651,91,5,2025-01-25
15731,918,49,4,2024-11-21
15732,773,300,1,2026-03-03
15733,423,348,1,2026-01-18
15734,778,331,5,2025-08-21
15735,954,245,3,2025-02-26
15736,56,114,2,2025-07-13
15737,191,490,3,2024-09-28
15738,72,337,5,2025-03-20
15739,109,460,1,2026-01-30
15740,418,75,2,2026-05-09
15741,610,141,5,2026-03-30
15742,664,166,5,2025-03-06
15743,69,153,2,2026-07-10
15744,501,302,1,2024-10-07
15745,825,118,1,2025-06-16
15746,752,357,3,2025-03-22
15747,170,289,3,2026-01-03
15748,210,281,2,2025-12-12
15749,443,46,3,2025-09-13
15750,854,12,3,2025-11-19
15751,409,424,5,2024-11-09
15752,42,452,1,2024-09-13
15753,51,231,2,2025-06-25
15754,344,49,2,2025-08-22
15755,688,146,1,2026-05-12
15756,443,70,3,2025-05-27
15757,871,286,1,2024-12-12
15758,163,216,1,2025-11-19
15759,959,367,5,2026-02-07
15760,257,50,3,2025-12-02
15761,630,335,4,2026-01-21
15762,330,108,3,2024-11-30
15763,258,152,4,2024-09-05
15764,482,78,1,2025-11-11
15765,555,96,3,2025-11-28
15766,331,411,1,2025-05-05
15767,405,448,3,2025-11-13
15768,725,301,4,2026-03-06
15769,142,363,1,2025-05-24
15770,591,187,2,2024-08-14
15771,421,452,4,2025-01-29
15772,984,101,3,2025-10-27
15773,982,476,2,2025-10-23
15774,895,458,2,2025-07-02
15775,350,261,1,2025-06-04
15776,587,270,5,2025-07-05
15777,285,89,2,2024-09-16
15778,344,168,5,2024-11-08
15779,657,10,5,2025-08-31
15780,725,186,3,2026-07-08
15781,928,341,1,2026-06-14
15782,707,2,5,2025-07-29
15783,356,8,2,2026-01-09
15784,651,234,5,2025-02-02
15785,72,450,1,2025-07-25
15786,515,277,5,2025-06-30
15787,413,459,4,2026-03-22
15788,54,164,2,2025-04-23
15789,824,198,1,2025-09-15
15790,456,450,3,2025-09-20
15791,881,3,3,2026-02-20
15792,2,73,5,2025-08-19
15793,142,237,5,2025-11-26
15794,533,66,1,2025-01-02
15795,104,46,4,2025-04-15
15796,496,359,4,2026-02-17
15797,632,109,5,2024-11-28
15798,147,4,3,2025-06-11
15799,996,306,1,2025-06-13
15800,929,255,3,2026-01-04
15801,926,186,4,2025-05-14
15802,582,211,3,2025-01-27
15803,816,342,1,2026-05-16
15804,81,494,4,2026-05-27
15805,338,399,5,2025-05-22
15806,67,263,1,2025-07-15
15807,978,322,1,2026-01-05
15808,819,100,4,2026-07-18
15809,954,1,3,2026-01-20
15810,919,84,3,2024-08-25
15811,563,4,4,2026-02-17
15812,577,61,5,2024-10-28
15813,430,109,5,2026-01-31
15814,938,117,2,2024-11-12
15815,206,132,3,2026-04-06
15816,326,82,5,2025-03-20
15817,870,89,5,2024-12-14
15818,298,16,5,2026-06-21
15819,832,411,1,2024-11-26
15820,378,14,4,2025-02-14
15821,141,349,1,2026-05-20
15822,253,338,3,2024-11-01
15823,770,378,5,2026-07-09
15824,486,30,4,2024-12-14
15825,137,273,5,2024-09-21
15826,954,66,2,2026-05-24
15827,902,97,5,2025-09-20
15828,720,398,3,2025-09-23
15829,594,426,5,2025-06-13
15830,222,80,4,2026-01-25
15831,357,240,5,2026-06-29
15832,933,424,4,2026-04-21
15833,883,473,4,2025-05-06
15834,810,425,4,2025-06-12
15835,452,304,4,2026-07-04
15836,12,368,2,2026-01-22
15837,971,168,1,2025-06-01
15838,583,279,1,2025-05-24
15839,610,289,2,2025-11-27
15840,755,188,4,2026-02-14
15841,391,443,4,2024-08-27
15842,77,124,5,2026-03-05
15843,398,240,2,2025-03-01
15844,631,244,1,2025-10-23
15845,428,46,1,2026-04-01
15846,558,279,2,2025-03-17
15847,958,360,4,2025-08-08
15848,615,394,4,2026-02-09
15849,933,328,5,2024-07-31
15850,766,101,2,2025-05-29
15851,87,355,3,2026-05-21
15852,900,292,3,2025-01-23
15853,874,77,3,2025-04-10
15854,584,272,1,2024-11-01
15855,979,273,3,2024-08-24
15856,38,7,4,2025-03-10
15857,351,408,3,2025-12-28
15858,765,94,1,2025-06-13
15859,648,287,5,2025-11-21
15860,309,321,3,2026-03-27
15861,387,67,1,2025-03-17
15862,50,472,3,2025-12-19
15863,762,185,5,2024-10-22
15864,938,355,1,2025-02-20
15865,239,123,1,2025-07-03
15866,174,118,2,2025-09-08
15867,51,471,3,2025-06-12
15868,628,171,4,2024-11-20
15869,627,477,2,2025-03-13
15870,828,23,5,2025-04-02
15871,32,112,5,2025-02-08
15872,229,101,2,2025-04-19
15873,859,100,4,2025-06-02
15874,446,433,2,2024-09-24
15875,540,17,1,2025-06-23
15876,80,273,5,2025-10-09
15877,978,422,2,2025-12-01
15878,621,258,5,2025-11-03
15879,308,110,3,2026-03-29
15880,734,200,3,2025-05-21
15881,116,93,4,2024-11-15
15882,300,458,5,2026-01-09
15883,46,332,4,2025-09-26
15884,618,48,3,2024-09-03
15885,713,138,4,2024-11-18
15886,720,198,5,2024-10-17
15887,184,188,2,2025-10-03
15888,696,58,3,2026-04-27
15889,403,246,5,2024-08-14
15890,830,102,1,2026-05-10
15891,820,346,5,2026-01-25
15892,659,10,2,2026-05-08
15893,275,478,2,2026-06-01
15894,371,225,1,2024-11-02
15895,860,157,1,2025-05-20
15896,127,223,1,2024-10-31
15897,569,339,4,2025-03-17
15898,661,201,5,2024-09-14
15899,933,253,5,2025-07-28
15900,196,189,2,2024-12-13
15901,262,94,4,2025-09-18
15902,838,456,1,2025-01-03
15903,532,467,5,2024-10-23
15904,470,496,5,2026-01-21
15905,389,330,4,2025-05-15
15906,594,431,1,2025-06-13
15907,654,75,2,2026-01-25
15908,522,179,3,2024-10-20
15909,882,302,3,2026-05-02
15910,335,148,1,2025-08-16
15911,148,345,3,2025-11-17
15912,773,223,4,2025-12-21
15913,679,443,5,2025-11-16
15914,330,254,1,2026-01-19
15915,587,232,2,2026-04-20
15916,227,101,3,2026-01-19
15917,476,396,3,2025-02-15
15918,632,312,2,2025-12-14
15919,728,347,1,2025-09-13
15920,490,23,5,2025-09-24
15921,771,307,2,2025-10-15
15922,155,441,1,2025-03-13
15923,278,403,2,2026-06-22
15924,384,453,5,2025-01-13
15925,687,43,2,2025-08-14
15926,818,402,3,2025-05-09
15927,152,67,3,2024-07-30
15928,453,266,3,2024-07-24
15929,169,432,3,2025-11-02
15930,675,89,5,2025-01-08
15931,603,408,5,2025-09-07
15932,823,468,1,2025-02-24
15933,692,358,5,2024-11-22
15934,146,186,4,2026-02-22
15935,170,479,3,2026-01-07
15936,229,68,4,2025-09-17
15937,856,232,5,2026-07-19
15938,397,153,3,2025-07-11
15939,654,79,1,2024-08-12
15940,61,5,1,2024-11-05
15941,941,361,1,2025-02-13
15942,60,81,1,2026-01-20
15943,195,372,4,2026-01-29
15944,997,19,3,2024-11-10
15945,761,166,2,2025-10-05
15946,276,413,5,2025-03-30
15947,377,54,2,2025-08-06
15948,411,139,1,2025-05-18
15949,31,493,3,2025-02-17
15950,92,341,2,2025-07-05
15951,870,171,1,2024-09-05
15952,107,222,2,2026-06-14
15953,246,489,3,2025-10-22
15954,733,16,4,2025-10-18
15955,224,257,4,2026-06-22
15956,674,399,5,2025-07-26
15957,84,118,5,2024-10-04
15958,299,347,2,2026-04-17
15959,900,453,3,2025-07-04
15960,830,320,4,2025-02-16
15961,302,19,1,2024-12-12
15962,22,192,3,2025-06-12
15963,758,435,2,2025-02-18
15964,97,375,3,2024-12-25
15965,955,21,4,2026-03-03
15966,134,167,3,2024-09-03
15967,444,354,3,2025-12-24
15968,265,307,4,2024-09-02
15969,503,462,1,2026-03-11
15970,954,278,3,2025-10-26
15971,800,239,2,2024-11-06
15972,196,372,4,2025-08-14
15973,960,124,4,2025-12-02
15974,938,357,5,2026-07-11
15975,67,312,3,2024-09-09
15976,965,326,2,2026-05-18
15977,921,66,5,2025-06-04
15978,172,228,4,2026-07-11
15979,862,176,1,2024-08-31
15980,973,463,4,2025-02-17
15981,903,15,2,2026-07-13
15982,807,2,3,2026-05-19
15983,890,348,4,2024-08-27
15984,766,293,3,2026-03-09
15985,812,396,5,2025-08-01
15986,44,23,5,2026-03-29
15987,319,448,2,2024-12-01
15988,24,472,2,2024-09-11
15989,27,277,4,2025-03-02
15990,555,145,5,2025-11-14
15991,215,363,2,2024-11-27
15992,356,102,5,2025-04-04
15993,91,312,4,2025-09-09
15994,223,261,2,2025-07-11
15995,520,384,4,2025-07-16
15996,378,275,5,2026-04-28
15997,878,428,4,2025-05-26
15998,384,366,4,2025-01-31
15999,129,286,2,2024-12-30
16000,65,245,5,2025-03-27
16001,653,6,3,2026-06-20
16002,38,424,5,2024-11-27
16003,634,384,2,2025-04-09
16004,982,139,5,2024-07-29
16005,30,305,1,2026-05-01
16006,39,88,1,2025-07-01
16007,834,122,4,2025-06-18
16008,207,452,1,2026-07-22
16009,720,75,5,2024-11-10
16010,556,413,4,2025-05-07
16011,614,28,4,2025-02-04
16012,91,281,1,2025-11-27
16013,449,471,3,2026-02-17
16014,857,415,2,2025-09-14
16015,268,80,3,2025-07-11
16016,714,393,3,2026-03-31
16017,999,426,3,2026-01-01
16018,569,332,5,2026-04-18
16019,103,158,2,2026-04-14
16020,341,44,4,2025-08-06
16021,305,100,2,2024-12-25
16022,476,217,5,2025-10-15
16023,339,321,5,2025-05-10
16024,483,287,1,2025-07-23
16025,230,108,1,2025-01-23
16026,200,209,5,2025-05-26
16027,854,312,3,2025-02-13
16028,560,87,1,2025-05-31
16029,741,404,4,2025-09-30
16030,260,81,3,2026-07-10
16031,885,440,5,2025-11-23
16032,964,135,5,2025-02-22
16033,585,256,1,2026-06-24
16034,581,284,2,2025-09-22
16035,148,494,4,2026-03-14
16036,90,133,1,2026-05-15
16037,760,173,4,2025-02-23
16038,432,284,1,2025-08-10
16039,76,233,2,2026-03-07
16040,771,2,2,2026-07-13
16041,309,332,2,2024-07-30
16042,400,248,1,2025-02-19
16043,47,47,5,2026-06-25
16044,551,312,3,2026-07-03
16045,725,246,2,2024-07-26
16046,639,396,4,2025-08-28
16047,450,71,2,2024-08-25
16048,180,476,2,2026-06-07
16049,173,3,3,2025-07-22
16050,809,335,1,2025-05-29
16051,206,101,1,2025-04-25
16052,153,131,3,2026-05-20
16053,479,354,3,2025-11-16
16054,601,170,2,2025-05-07
16055,421,96,4,2026-06-20
16056,879,326,2,2025-03-11
16057,71,184,1,2024-11-30
16058,891,201,5,2026-03-30
16059,846,28,3,2025-03-09
16060,670,447,4,2025-02-03
16061,838,342,5,2025-10-09
16062,300,147,3,2025-09-05
16063,671,475,4,2025-09-27
16064,49,336,3,2025-02-28
16065,205,262,3,2024-12-08
16066,901,157,2,2025-08-18
16067,674,361,3,2025-03-22
16068,604,73,5,2025-12-01
16069,506,464,5,2025-12-19
16070,832,165,2,2024-09-23
16071,447,175,2,2026-05-18
16072,933,271,3,2025-02-01
16073,265,461,2,2025-12-24
16074,133,428,2,2026-01-03
16075,98,481,1,2025-01-14
16076,877,111,3,2026-05-25
16077,917,378,2,2026-02-21
16078,976,357,1,2026-05-03
16079,311,93,4,2025-12-21
16080,560,89,3,2024-08-28
16081,388,148,2,2026-05-10
16082,751,67,4,2024-08-24
16083,135,384,2,2026-02-17
16084,282,206,5,2025-02-13
16085,555,434,5,2024-10-05
16086,498,157,2,2024-10-28
16087,717,321,1,2026-02-10
16088,354,175,2,2026-01-28
16089,537,189,2,2024-07-30
16090,175,463,3,2025-10-05
16091,469,208,5,2025-02-06
16092,822,397,2,2025-09-07
16093,479,466,5,2024-10-27
16094,440,401,3,2026-04-28
16095,203,204,2,2025-08-21
16096,808,489,4,2025-04-19
16097,397,481,5,2024-09-15
16098,720,470,5,2026-04-19
16099,300,300,3,2025-05-20
16100,219,299,4,2026-05-31
16101,989,384,5,2026-05-19
16102,350,249,2,2025-04-30
16103,561,422,3,2025-02-13
16104,609,288,2,2025-12-11
16105,103,424,4,2024-12-24
16106,744,151,3,2024-08-12
16107,751,7,1,2024-09-01
16108,348,333,4,2025-11-10
16109,808,361,4,2025-12-07
16110,185,5,3,2026-04-23
16111,773,308,1,2024-09-08
16112,853,336,2,2024-11-12
16113,925,389,4,2025-11-29
16114,302,208,4,2025-11-10
16115,418,366,4,2026-04-21
16116,54,120,2,2026-01-16
16117,343,496,5,2024-08-17
16118,702,178,4,2026-07-23
16119,85,129,2,2025-04-02
16120,34,123,5,2026-01-11
16121,389,393,2,2025-09-20
16122,179,243,3,2024-08-27
16123,350,59,3,2025-12-25
16124,876,465,1,2025-05-30
16125,573,464,3,2024-12-31
16126,825,84,1,2026-05-21
16127,849,356,5,2026-06-04
16128,15,216,2,2025-03-11
16129,971,118,5,2025-12-08
16130,883,173,2,2025-11-13
16131,456,96,5,2025-09-16
16132,1000,111,4,2025-06-02
16133,206,237,4,2024-09-24
16134,877,45,5,2025-05-01
16135,534,157,1,2024-12-09
16136,159,355,4,2025-09-17
16137,265,306,4,2025-12-17
16138,873,481,2,2026-03-10
16139,630,176,4,2025-12-13
16140,486,264,1,2025-05-15
16141,389,261,2,2026-04-18
16142,458,23,5,2025-10-03
16143,363,151,5,2025-01-16
16144,85,1,1,2024-11-09
16145,44,429,5,2026-01-17
16146,279,154,5,2024-09-16
16147,165,241,4,2024-12-14
16148,508,232,1,2025-08-28
16149,310,389,5,2025-08-18
16150,322,385,5,2025-05-11
16151,91,58,5,2026-05-22
16152,844,212,5,2024-09-26
16153,86,489,3,2025-09-09
16154,628,173,3,2025-09-11
16155,305,244,1,2026-03-03
16156,226,140,3,2025-08-27
16157,254,420,1,2026-03-06
16158,432,181,5,2024-09-24
16159,705,263,2,2024-08-19
16160,346,416,4,2025-10-20
16161,253,285,5,2026-03-04
16162,739,98,3,2025-03-24
16163,570,155,5,2026-06-18
16164,137,446,3,2026-01-17
16165,204,479,5,2026-02-28
16166,117,288,2,2024-11-17
16167,915,308,4,2024-10-02
16168,870,207,4,2026-01-07
16169,552,85,4,2026-02-19
16170,499,116,1,2024-11-07
16171,853,366,3,2025-05-06
16172,403,289,5,2024-08-06
16173,688,492,3,2025-06-18
16174,339,494,3,2026-02-01
16175,192,396,1,2025-08-31
16176,23,459,3,2026-05-12
16177,297,481,4,2026-03-08
16178,249,222,1,2026-03-26
16179,191,72,4,2025-01-22
16180,691,495,1,2025-12-12
16181,897,245,2,2024-09-16
16182,611,293,4,2025-04-22
16183,700,496,3,2026-01-25
16184,480,347,2,2025-09-23
16185,199,346,2,2025-11-24
16186,713,76,1,2024-08-31
16187,182,64,3,2024-10-30
16188,289,439,5,2026-02-18
16189,171,63,3,2024-09-01
16190,619,282,1,2026-07-12
16191,647,105,4,2026-02-13
16192,689,404,3,2026-03-09
16193,51,160,5,2025-12-24
16194,7,310,4,2026-05-21
16195,72,36,4,2025-08-09
16196,185,22,3,2026-07-19
16197,200,416,4,2024-12-08
16198,179,277,5,2025-12-07
16199,928,40,3,2025-01-30
16200,392,365,2,2026-02-03
16201,331,54,1,2025-06-10
16202,216,436,4,2026-01-19
16203,102,5,1,2024-10-13
16204,313,219,3,2026-01-01
16205,484,311,4,2025-06-15
16206,998,446,1,2026-06-10
16207,904,82,2,2026-06-13
16208,531,23,1,2026-04-22
16209,167,286,1,2026-04-20
16210,220,238,3,2025-09-13
16211,141,153,5,2025-12-29
16212,843,336,1,2024-10-12
16213,921,162,2,2025-12-11
16214,881,481,4,2026-01-28
16215,7,112,2,2026-06-29
16216,191,388,2,2025-10-24
16217,703,152,5,2025-07-18
16218,126,451,3,2024-08-13
16219,603,164,4,2025-01-29
16220,248,20,2,2025-03-09
16221,609,96,4,2025-05-22
16222,456,403,1,2025-03-19
16223,477,167,2,2025-04-28
16224,933,69,2,2025-10-12
16225,259,37,4,2025-02-10
16226,273,190,1,2025-02-11
16227,824,151,2,2026-04-01
16228,747,449,4,2025-11-07
16229,692,267,2,2025-05-27
16230,175,398,2,2025-10-14
16231,409,168,4,2024-10-25
16232,958,358,3,2025-05-16
16233,375,31,1,2026-01-31
16234,12,351,3,2025-06-04
16235,831,344,2,2024-07-30
16236,378,473,1,2025-03-07
16237,297,226,1,2026-04-18
16238,125,235,3,2025-05-06
16239,605,217,5,2025-09-19
16240,618,444,1,2024-10-31
16241,167,29,1,2026-03-27
16242,346,57,2,2025-09-24
16243,886,250,1,2025-02-10
16244,86,361,4,2025-06-21
16245,145,353,5,2025-05-12
16246,803,10,5,2026-07-06
16247,856,492,4,2025-07-19
16248,342,278,2,2025-01-25
16249,135,220,4,2024-08-09
16250,630,224,2,2026-06-01
16251,388,157,3,2026-01-23
16252,126,25,2,2025-07-18
16253,266,145,2,2024-10-04
16254,423,92,3,2024-11-12
16255,344,468,4,2025-08-28
16256,402,483,1,2026-06-28
16257,347,267,1,2024-12-03
16258,707,140,4,2024-09-01
16259,231,34,5,2025-11-02
16260,424,192,5,2024-09-04
16261,410,464,5,2025-08-09
16262,110,285,2,2024-11-12
16263,340,306,3,2025-06-03
16264,5,428,2,2026-03-09
16265,582,434,1,2026-03-29
16266,917,459,5,2024-11-28
16267,701,237,1,2026-06-24
16268,686,422,1,2025-10-12
16269,7,274,5,2024-11-01
16270,870,308,1,2026-01-21
16271,667,183,2,2025-03-10
16272,8,236,3,2026-01-09
16273,602,366,3,2026-06-04
16274,234,19,1,2026-04-01
16275,535,297,2,2024-11-20
16276,928,480,2,2025-09-05
16277,18,212,3,2025-12-26
16278,48,83,5,2025-06-24
16279,522,7,2,2025-11-07
16280,277,119,3,2025-06-24
16281,892,83,2,2025-07-07
16282,145,134,1,2025-01-21
16283,51,315,1,2026-01-25
16284,723,324,2,2026-02-18
16285,190,174,4,2026-07-23
16286,832,15,1,2026-02-25
16287,774,163,4,2026-01-04
16288,115,52,5,2024-09-04
16289,583,310,1,2025-02-14
16290,125,319,2,2024-11-05
16291,693,375,5,2025-11-20
16292,640,310,5,2025-12-31
16293,628,422,1,2025-04-30
16294,42,116,4,2025-03-15
16295,133,420,1,2026-01-26
16296,999,177,5,2026-02-26
16297,691,120,5,2025-02-09
16298,261,293,3,2026-06-15
16299,638,178,5,2024-09-04
16300,913,7,5,2026-05-18
16301,991,42,3,2024-10-26
16302,973,39,1,2026-05-28
16303,955,410,3,2025-03-21
16304,33,403,1,2024-10-16
16305,663,239,4,2025-03-12
16306,265,137,2,2024-08-30
16307,185,196,2,2026-04-15
16308,44,119,2,2024-10-22
16309,383,168,2,2025-05-04
16310,356,9,1,2026-01-11
16311,660,230,2,2026-03-05
16312,857,334,1,2025-02-03
16313,47,277,4,2026-03-15
16314,888,119,2,2026-01-20
16315,844,66,5,2024-12-18
16316,514,363,1,2025-02-09
16317,643,61,3,2025-05-18
16318,767,176,5,2025-02-26
16319,523,440,3,2024-11-14
16320,400,299,4,2024-12-11
16321,917,167,4,2024-10-11
16322,239,183,1,2025-10-27
16323,343,2,1,2024-11-30
16324,312,355,1,2025-05-12
16325,974,257,4,2025-08-03
16326,816,352,2,2025-08-28
16327,918,498,2,2024-11-06
16328,21,182,5,2025-07-09
16329,679,432,1,2025-02-26
16330,973,388,3,2025-09-14
16331,255,316,5,2024-11-10
16332,295,54,3,2024-11-16
16333,51,266,2,2026-03-20
16334,245,444,4,2024-11-14
16335,475,165,4,2025-12-21
16336,884,494,2,2025-05-16
16337,905,299,4,2025-06-01
16338,874,101,5,2026-01-30
16339,375,218,4,2025-12-17
16340,650,458,3,2026-05-02
16341,771,367,2,2025-12-05
16342,281,95,3,2026-05-18
16343,670,452,2,2026-02-15
16344,402,383,5,2024-10-08
16345,662,369,4,2024-08-30
16346,473,40,5,2025-09-23
16347,136,211,2,2026-06-22
16348,340,345,1,2026-06-24
16349,850,180,5,2024-09-20
16350,269,495,1,2024-10-21
16351,339,326,5,2026-05-26
16352,929,359,5,2026-01-31
16353,346,54,4,2025-03-17
16354,63,219,2,2026-05-03
16355,394,134,4,2025-09-08
16356,752,329,5,2025-12-21
16357,934,291,1,2026-01-22
16358,5,255,5,2026-03-06
16359,69,16,2,2024-09-01
16360,226,478,5,2025-12-26
16361,772,14,5,2025-09-04
16362,722,177,5,2025-06-01
16363,146,474,5,2026-03-18
16364,758,116,1,2024-12-19
16365,224,140,4,2025-05-25
16366,989,225,5,2025-07-23
16367,724,141,5,2025-07-05
16368,977,310,3,2025-02-07
16369,447,474,4,2025-03-18
16370,76,490,5,2025-04-20
16371,532,191,3,2025-10-13
16372,58,281,1,2025-04-06
16373,700,488,5,2025-08-03
16374,897,430,3,2025-08-09
16375,620,68,1,2024-12-27
16376,281,86,5,2025-08-04
16377,714,468,5,2025-07-13
16378,702,299,1,2025-12-12
16379,217,245,2,2025-02-28
16380,612,37,5,2025-04-30
16381,687,298,4,2026-05-02
16382,582,192,5,2026-07-12
16383,642,31,4,2025-08-13
16384,213,195,3,2025-01-08
16385,610,151,4,2026-07-13
16386,360,225,5,2025-07-30
16387,199,174,5,2024-09-06
16388,575,75,2,2026-05-13
16389,649,351,4,2026-03-12
16390,517,466,4,2025-09-02
16391,200,333,5,2026-01-23
16392,776,136,3,2024-08-09
16393,529,346,1,2026-01-29
16394,489,298,2,2025-08-30
16395,546,29,5,2025-06-21
16396,288,383,4,2025-08-08
16397,272,76,4,2025-12-29
16398,480,383,4,2026-02-24
16399,388,85,3,2025-01-09
16400,90,343,3,2025-01-01
16401,416,377,5,2025-07-09
16402,592,43,3,2025-06-25
16403,765,276,5,2025-07-31
16404,416,172,2,2025-01-16
16405,247,49,4,2026-05-10
16406,595,340,5,2025-11-13
16407,538,36,4,2025-08-08
16408,401,331,1,2025-02-24
16409,584,109,3,2025-06-05
16410,527,481,1,2026-05-31
16411,837,66,3,2025-02-05
16412,542,330,5,2026-03-30
16413,95,181,5,2026-06-22
16414,176,297,3,2025-10-11
16415,446,121,1,2026-04-12
16416,703,368,3,2026-03-09
16417,881,392,3,2025-05-12
16418,333,291,3,2025-09-21
16419,778,248,4,2024-10-26
16420,758,31,5,2026-01-24
16421,635,248,2,2025-10-21
16422,984,235,5,2024-10-16
16423,568,116,3,2026-02-11
16424,803,94,2,2026-01-27
16425,992,335,2,2024-12-09
16426,770,371,5,2024-09-01
16427,976,120,5,2025-10-09
16428,234,203,2,2025-11-24
16429,889,500,5,2024-11-22
16430,353,59,3,2026-03-19
16431,884,412,3,2024-12-23
16432,196,9,1,2025-03-31
16433,837,72,1,2025-04-12
16434,633,163,2,2026-01-26
16435,853,166,4,2026-04-19
16436,491,72,3,2025-01-12
16437,559,302,4,2025-11-09
16438,511,217,1,2026-06-12
16439,228,47,5,2024-12-24
16440,46,245,5,2025-04-12
16441,437,228,4,2025-07-17
16442,834,124,5,2025-07-09
16443,216,123,3,2026-07-11
16444,251,197,4,2025-06-19
16445,660,370,2,2025-10-10
16446,562,390,2,2025-03-24
16447,943,451,2,2026-02-02
16448,939,189,1,2026-06-17
16449,335,22,1,2025-03-26
16450,72,65,2,2024-08-09
16451,29,310,4,2026-05-03
16452,880,487,5,2026-01-28
16453,336,189,1,2024-09-03
16454,536,253,2,2025-06-16
16455,595,166,1,2026-05-18
16456,828,321,1,2025-06-20
16457,274,39,1,2025-09-29
16458,273,409,3,2025-08-30
16459,503,100,4,2025-09-08
16460,743,335,1,2025-07-13
16461,709,465,1,2024-12-15
16462,278,311,4,2024-12-30
16463,995,385,5,2024-09-18
16464,171,427,4,2025-09-02
16465,974,13,1,2026-01-19
16466,873,219,3,2026-02-23
16467,643,336,2,2025-02-13
16468,21,50,2,2026-06-16
16469,749,409,4,2026-04-17
16470,723,373,3,2026-03-29
16471,816,94,4,2026-04-18
16472,78,168,4,2026-02-19
16473,216,19,5,2025-04-07
16474,117,486,2,2024-10-22
16475,767,379,1,2026-05-24
16476,903,411,4,2026-03-23
16477,502,275,1,2025-02-13
16478,202,490,5,2025-10-29
16479,112,455,4,2024-11-07
16480,553,49,5,2025-01-19
16481,767,25,4,2026-03-14
16482,76,142,1,2025-08-16
16483,697,292,4,2025-11-07
16484,8,337,2,2025-11-14
16485,941,472,5,2025-10-16
16486,637,377,1,2025-08-28
16487,599,187,1,2024-07-23
16488,886,107,3,2025-02-20
16489,620,426,4,2025-05-03
16490,518,464,5,2026-06-08
16491,900,476,3,2026-03-29
16492,367,374,3,2026-06-26
16493,271,260,1,2024-09-22
16494,746,332,1,2025-09-05
16495,638,297,2,2025-12-09
16496,964,214,5,2026-04-02
16497,46,335,4,2025-01-09
16498,415,382,4,2026-04-13
16499,293,169,3,2025-12-08
16500,539,35,4,2026-06-08
16501,10,432,2,2025-06-23
16502,157,341,3,2024-09-23
16503,795,174,4,2024-11-07
16504,710,100,3,2026-02-08
16505,504,464,3,2026-02-20
16506,460,167,4,2025-12-28
16507,916,255,1,2024-08-30
16508,468,93,2,2025-09-19
16509,432,26,3,2025-03-10
16510,74,228,5,2025-06-30
16511,132,29,3,2024-09-30
16512,162,373,4,2024-10-24
16513,26,10,2,2026-04-19
16514,960,106,4,2026-03-02
16515,75,296,1,2025-10-03
16516,425,70,3,2025-11-17
16517,401,319,2,2025-05-22
16518,832,272,2,2024-09-21
16519,504,41,1,2025-06-12
16520,518,95,1,2025-05-31
16521,376,431,3,2025-06-28
16522,91,306,5,2026-07-08
16523,473,23,2,2026-01-23
16524,22,206,2,2026-02-20
16525,604,171,3,2025-01-19
16526,444,423,1,2026-03-02
16527,478,320,3,2025-01-31
16528,221,53,4,2026-04-24
16529,631,335,3,2025-08-25
16530,774,161,3,2026-01-06
16531,79,131,4,2024-11-23
16532,891,166,5,2026-01-05
16533,468,190,2,2025-02-21
16534,698,416,4,2026-01-29
16535,184,261,3,2025-04-26
16536,999,18,1,2024-11-05
16537,974,59,2,2024-11-24
16538,569,398,1,2025-10-16
16539,620,177,3,2025-08-21
16540,80,56,2,2025-08-18
16541,704,334,2,2026-06-30
16542,869,249,4,2026-03-16
16543,558,383,5,2025-02-11
16544,365,372,1,2026-03-12
16545,346,99,5,2026-04-28
16546,367,79,5,2025-08-06
16547,433,418,5,2025-05-23
16548,902,118,3,2025-08-29
16549,590,302,3,2024-11-14
16550,594,171,5,2025-03-06
16551,706,197,4,2025-06-22
16552,733,329,5,2025-05-15
16553,752,2,2,2025-05-31
16554,482,45,5,2025-05-08
16555,475,373,4,2025-02-14
16556,668,36,4,2026-03-11
16557,596,150,4,2025-04-21
16558,567,225,1,2026-05-26
16559,403,285,1,2024-07-27
16560,125,288,5,2025-03-01
16561,680,147,5,2025-11-26
16562,271,128,4,2025-01-11
16563,239,200,4,2026-02-10
16564,650,182,3,2026-06-23
16565,75,291,2,2024-12-18
16566,827,131,3,2025-10-03
16567,235,79,1,2025-02-20
16568,701,91,4,2025-03-25
16569,705,338,3,2025-09-24
16570,285,414,5,2024-09-06
16571,405,482,2,2024-08-28
16572,258,412,2,2025-05-22
16573,321,181,5,2024-09-25
16574,528,496,3,2026-04-21
16575,296,90,1,2025-06-06
16576,834,387,2,2025-07-05
16577,470,465,2,2026-01-26
16578,366,432,4,2025-06-27
16579,662,239,3,2025-01-05
16580,604,65,1,2024-12-11
16581,255,311,4,2025-03-05
16582,798,322,4,2025-02-14
16583,710,317,1,2025-02-16
16584,908,408,1,2025-07-23
16585,77,91,3,2024-12-20
16586,116,306,1,2024-09-10
16587,420,131,1,2025-10-30
16588,660,496,1,2026-02-09
16589,624,491,2,2026-03-11
16590,569,116,1,2025-03-25
16591,405,484,2,2025-08-12
16592,566,88,4,2026-02-04
16593,215,382,2,2025-06-21
16594,348,406,5,2025-12-08
16595,521,50,1,2025-03-21
16596,278,306,1,2024-10-15
16597,186,433,2,2025-08-22
16598,173,335,4,2024-10-19
16599,732,186,3,2026-03-17
16600,711,46,2,2026-06-24
16601,380,4,1,2025-10-06
16602,417,73,2,2025-06-28
16603,50,141,1,2025-03-01
16604,21,159,4,2025-01-16
16605,756,193,4,2025-08-12
16606,264,241,2,2025-03-02
16607,366,444,4,2026-05-14
16608,937,339,1,2025-07-24
16609,292,497,3,2025-05-30
16610,769,135,4,2024-10-28
16611,859,29,5,2024-09-18
16612,369,61,3,2024-11-24
16613,740,215,3,2026-07-13
16614,530,496,1,2025-01-29
16615,447,239,4,2026-03-02
16616,990,12,5,2025-03-31
16617,934,113,5,2024-09-24
16618,130,12,5,2024-12-31
16619,840,340,3,2025-01-02
16620,554,211,3,2025-02-08
16621,9,226,1,2025-07-13
16622,639,312,4,2025-06-23
16623,174,315,4,2024-11-19
16624,55,421,1,2025-07-13
16625,364,47,5,2024-10-17
16626,990,109,1,2025-05-23
16627,140,87,3,2025-04-11
16628,595,113,2,2025-04-20
16629,562,383,3,2025-05-20
16630,831,130,3,2025-01-25
16631,585,229,1,2025-10-05
16632,142,97,3,2025-05-21
16633,613,375,1,2025-07-04
16634,775,101,2,2024-10-13
16635,549,43,4,2025-03-21
16636,475,304,1,2025-03-13
16637,848,36,4,2024-10-18
16638,79,73,5,2025-10-15
16639,433,284,3,2025-08-06
16640,360,103,4,2024-11-13
16641,892,138,4,2024-09-21
16642,401,115,1,2026-05-25
16643,809,8,5,2025-03-02
16644,347,15,1,2025-08-03
16645,919,37,3,2026-07-04
16646,977,92,4,2026-04-29
16647,50,469,4,2025-04-05
16648,941,397,3,2025-07-05
16649,443,159,3,2024-12-01
16650,825,153,5,2026-02-03
16651,977,186,1,2024-09-19
16652,20,447,2,2024-08-07
16653,511,58,3,2025-09-18
16654,410,448,4,2026-03-14
16655,666,403,4,2026-01-07
16656,185,298,3,2025-11-16
16657,364,389,3,2025-11-29
16658,402,452,1,2025-08-29
16659,388,153,3,2026-03-22
16660,257,187,3,2025-07-25
16661,414,56,5,2024-10-16
16662,737,257,2,2025-01-04
16663,612,117,5,2024-08-17
16664,595,87,5,2024-09-30
16665,601,493,5,2024-12-28
16666,333,234,3,2026-01-05
16667,97,124,2,2026-02-07
16668,433,374,5,2024-11-23
16669,921,266,4,2025-05-14
16670,938,55,3,2025-04-12
16671,426,400,1,2024-08-25
16672,112,458,4,2024-11-05
16673,1,80,4,2026-03-24
16674,689,181,3,2025-09-08
16675,987,286,4,2024-09-06
16676,771,176,2,2025-08-02
16677,647,458,2,2024-10-23
16678,240,290,1,2024-09-13
16679,373,40,2,2025-05-02
16680,913,297,3,2025-04-19
16681,859,319,2,2026-01-23
16682,300,463,3,2026-03-31
16683,850,482,3,2025-12-06
16684,472,347,4,2025-11-10
16685,441,461,4,2025-11-10
16686,863,207,3,2026-05-02
16687,261,189,5,2025-03-14
16688,338,112,2,2026-07-15
16689,240,487,5,2025-07-07
16690,935,159,3,2025-01-13
16691,633,107,4,2025-07-20
16692,579,382,2,2025-05-11
16693,474,309,3,2025-06-14
16694,918,288,3,2024-12-15
16695,479,460,3,2024-08-03
16696,38,77,1,2025-04-29
16697,385,194,2,2026-04-16
16698,163,288,3,2025-10-24
16699,85,258,2,2024-08-20
16700,133,420,1,2026-01-12
16701,111,34,5,2025-02-09
16702,46,171,5,2024-09-29
16703,742,20,5,2025-05-20
16704,133,233,5,2024-12-24
16705,1,206,5,2026-07-15
16706,250,40,2,2026-04-08
16707,128,111,4,2025-08-18
16708,759,143,5,2024-10-18
16709,474,236,4,2024-11-30
16710,520,96,5,2025-05-23
16711,736,321,1,2025-11-12
16712,91,82,5,2024-11-20
16713,736,146,2,2025-11-28
16714,924,417,5,2026-07-16
16715,609,179,3,2024-07-24
16716,429,212,5,2026-05-05
16717,511,202,5,2025-03-02
16718,3,360,2,2026-01-22
16719,810,193,2,2026-05-06
16720,570,327,3,2026-06-15
16721,582,120,2,2024-09-06
16722,738,142,1,2024-11-21
16723,142,424,2,2024-11-26
16724,616,435,2,2025-11-14
16725,91,117,3,2025-07-14
16726,322,166,5,2025-12-05
16727,738,393,5,2026-05-23
16728,648,280,3,2025-05-04
16729,644,17,5,2025-10-02
16730,740,267,5,2026-07-12
16731,640,194,5,2025-08-18
16732,68,23,3,2025-04-13
16733,537,74,3,2026-05-29
16734,920,106,1,2025-12-03
16735,448,317,2,2025-08-15
16736,929,203,1,2025-08-28
16737,718,262,5,2026-04-25
16738,607,16,1,2026-06-08
16739,515,410,4,2025-02-18
16740,674,23,1,2025-09-25
16741,565,325,2,2025-06-09
16742,995,379,5,2025-11-09
16743,382,321,1,2024-12-28
16744,527,482,4,2025-03-28
16745,153,407,5,2026-05-24
16746,426,350,3,2025-08-19
16747,509,264,5,2025-11-01
16748,726,184,3,2024-08-25
16749,774,255,4,2025-11-22
16750,287,462,3,2025-08-21
16751,534,441,4,2024-11-26
16752,755,396,5,2026-01-15
16753,613,450,2,2026-06-26
16754,168,173,5,2025-04-01
16755,194,71,4,2025-01-27
16756,106,424,2,2025-02-07
16757,94,325,5,2024-12-15
16758,761,73,3,2024-09-16
16759,290,384,3,2026-02-08
16760,176,376,3,2026-04-27
16761,364,33,5,2026-04-24
16762,967,378,5,2024-12-08
16763,702,435,3,2024-10-31
16764,353,304,5,2025-08-26
16765,528,177,2,2025-09-09
16766,116,405,3,2026-05-23
16767,992,47,4,2025-07-20
16768,790,245,2,2025-10-24
16769,183,479,2,2024-08-25
16770,899,283,5,2024-09-28
16771,35,20,4,2024-11-10
16772,203,150,4,2026-01-21
16773,304,264,1,2025-04-24
16774,253,374,3,2025-12-30
16775,743,217,1,2024-08-04
16776,817,457,3,2025-11-06
16777,153,239,1,2025-03-13
16778,364,388,3,2025-11-06
16779,587,322,4,2025-11-12
16780,94,21,2,2026-03-08
16781,128,83,1,2026-05-29
16782,976,409,2,2025-04-22
16783,73,48,5,2026-04-11
16784,831,222,5,2025-01-21
16785,80,41,2,2025-05-04
16786,792,167,2,2025-04-11
16787,31,406,4,2026-05-02
16788,517,178,4,2026-01-30
16789,791,23,5,2024-11-04
16790,606,425,2,2025-11-07
16791,386,179,3,2026-05-01
16792,598,489,3,2026-04-05
16793,724,422,2,2026-02-15
16794,389,193,5,2024-07-24
16795,304,480,5,2024-12-18
16796,4,417,1,2025-10-27
16797,702,72,5,2025-12-19
16798,141,199,1,2026-06-26
16799,638,458,1,2025-01-25
16800,202,335,4,2025-01-25
16801,144,429,1,2025-06-30
16802,726,401,3,2026-02-12
16803,716,136,2,2025-04-26
16804,435,99,2,2025-12-17
16805,165,107,1,2026-01-28
16806,364,482,2,2024-10-18
16807,669,477,3,2024-12-17
16808,292,171,5,2025-01-02
16809,355,150,1,2025-01-17
16810,838,154,3,2025-02-19
16811,804,387,5,2026-04-14
16812,924,345,1,2025-01-28
16813,497,8,2,2025-10-28
16814,140,366,4,2024-09-04
16815,368,363,3,2024-11-02
16816,792,378,4,2025-01-26
16817,70,52,3,2026-01-10
16818,656,366,1,2025-12-17
16819,741,93,5,2026-04-24
16820,950,319,2,2025-01-12
16821,548,93,1,2024-11-06
16822,346,457,2,2024-09-15
16823,467,83,2,2025-02-04
16824,23,358,3,2026-04-24
16825,111,366,3,2025-05-13
16826,633,340,1,2025-11-24
16827,675,408,4,2024-12-21
16828,37,10,2,2026-01-27
16829,163,418,2,2024-10-05
16830,487,277,4,2024-11-03
16831,209,102,5,2025-02-18
16832,74,273,2,2025-07-05
16833,936,187,3,2026-04-26
16834,629,198,2,2025-06-23
16835,639,116,3,2025-08-25
16836,759,462,4,2025-11-12
16837,413,245,4,2024-10-19
16838,140,434,2,2024-09-10
16839,678,243,5,2024-08-29
16840,283,291,1,2025-03-07
16841,458,392,5,2025-11-25
16842,838,419,5,2025-02-21
16843,488,413,2,2025-12-14
16844,599,400,5,2025-12-06
16845,238,245,1,2025-04-12
16846,343,478,3,2025-08-06
16847,994,12,2,2026-02-25
16848,108,17,5,2025-02-18
16849,754,355,5,2025-11-10
16850,310,465,4,2026-04-17
16851,975,385,2,2024-11-19
16852,639,12,3,2024-09-28
16853,568,399,1,2025-02-24
16854,131,117,2,2024-07-30
16855,74,380,1,2026-04-14
16856,476,309,5,2024-11-14
16857,630,220,1,2025-11-30
16858,133,294,3,2025-12-15
16859,469,488,5,2024-08-22
16860,286,95,5,2025-06-15
16861,411,483,1,2025-10-21
16862,272,68,5,2024-08-13
16863,311,472,5,2026-05-07
16864,241,398,3,2025-04-14
16865,807,79,2,2025-03-14
16866,452,399,1,2024-11-28
16867,941,226,5,2025-02-22
16868,5,433,1,2025-04-16
16869,363,157,3,2025-11-08
16870,324,154,4,2025-03-05
16871,607,108,3,2025-05-13
16872,15,494,3,2026-05-08
16873,823,301,5,2025-03-11
16874,145,199,3,2025-05-25
16875,539,350,4,2025-03-10
16876,252,255,1,2026-02-03
16877,192,42,5,2025-07-15
16878,125,358,4,2025-12-12
16879,667,26,5,2025-12-31
16880,425,92,2,2026-02-09
16881,585,126,3,2025-04-26
16882,435,426,2,2026-04-24
16883,147,423,1,2024-08-23
16884,481,383,2,2024-10-19
16885,443,304,5,2025-11-28
16886,71,240,1,2024-07-29
16887,94,336,1,2025-03-31
16888,398,423,4,2025-03-07
16889,329,403,5,2024-10-08
16890,671,295,1,2026-04-19
16891,475,406,1,2025-09-26
16892,905,271,1,2026-05-19
16893,822,255,5,2026-02-18
16894,870,394,5,2024-10-15
16895,296,349,1,2026-07-02
16896,469,146,2,2026-05-27
16897,294,447,5,2026-06-13
16898,753,189,3,2025-08-13
16899,152,215,4,2025-04-27
16900,927,128,2,2026-05-09
16901,358,24,4,2025-08-17
16902,575,277,1,2025-05-16
16903,730,130,2,2025-05-07
16904,41,314,3,2026-01-22
16905,105,85,1,2026-02-07
16906,751,209,1,2025-01-27
16907,929,126,4,2025-09-14
16908,928,94,1,2025-11-30
16909,250,86,5,2026-02-25
16910,829,51,5,2025-07-25
16911,126,490,4,2024-08-30
16912,946,349,3,2026-02-19
16913,484,429,3,2026-02-15
16914,105,300,1,2025-05-09
16915,47,460,5,2025-04-24
16916,943,221,5,2026-06-18
16917,193,291,2,2025-08-06
16918,280,462,1,2026-01-09
16919,714,38,1,2025-07-18
16920,610,456,2,2025-06-24
16921,998,151,1,2025-12-30
16922,988,79,2,2025-01-26
16923,368,343,1,2025-05-29
16924,825,460,5,2026-05-21
16925,374,465,4,2026-07-01
16926,466,245,2,2025-03-22
16927,100,165,4,2024-09-17
16928,477,288,4,2025-03-06
16929,925,374,5,2024-10-24
16930,320,389,3,2026-04-09
16931,516,356,4,2026-05-07
16932,963,46,4,2024-12-11
16933,391,221,5,2026-04-17
16934,89,198,5,2026-04-06
16935,320,270,4,2024-10-26
16936,17,279,1,2026-03-09
16937,544,21,2,2025-09-17
16938,41,496,3,2026-05-30
16939,905,407,3,2025-08-29
16940,714,391,3,2025-03-17
16941,218,337,4,2024-08-24
16942,717,101,1,2025-07-18
16943,782,214,1,2024-11-29
16944,619,189,5,2024-09-24
16945,712,100,3,2024-10-13
16946,326,375,4,2026-05-10
16947,971,69,1,2024-08-02
16948,216,48,5,2026-05-26
16949,954,137,3,2026-04-20
16950,907,282,5,2025-12-22
16951,633,384,4,2026-04-07
16952,776,336,1,2026-04-27
16953,693,151,2,2025-05-22
16954,340,61,4,2025-09-05
16955,803,472,4,2026-05-06
16956,490,336,4,2025-12-05
16957,704,302,1,2025-04-27
16958,988,290,4,2025-04-08
16959,64,277,1,2025-11-06
16960,5,420,3,2026-03-26
16961,886,320,3,2025-10-05
16962,146,57,4,2026-06-16
16963,132,414,1,2026-07-01
16964,204,46,5,2025-10-07
16965,945,25,2,2025-06-19
16966,702,428,5,2024-11-26
16967,334,158,4,2025-12-28
16968,95,500,5,2024-12-13
16969,375,23,2,2025-03-21
16970,426,275,5,2026-01-22
16971,782,462,4,2024-08-16
16972,332,178,3,2024-09-16
16973,969,197,4,2024-08-06
16974,601,219,1,2025-10-04
16975,159,243,2,2024-10-25
16976,889,116,1,2026-04-25
16977,632,377,3,2024-11-16
16978,994,355,3,2025-07-16
16979,322,154,1,2025-11-10
16980,655,164,4,2026-02-20
16981,997,179,1,2026-06-01
16982,735,358,5,2025-04-11
16983,868,54,5,2026-01-05
16984,745,225,3,2026-06-25
16985,907,85,1,2026-05-11
16986,33,239,3,2026-04-25
16987,165,408,3,2024-08-23
16988,280,141,5,2026-06-02
16989,498,196,1,2025-08-09
16990,129,428,3,2026-05-26
16991,366,89,1,2025-03-20
16992,806,423,2,2026-02-18
16993,188,173,4,2024-10-21
16994,589,439,4,2025-04-08
16995,76,200,5,2025-02-19
16996,151,333,2,2026-07-18
16997,639,26,5,2025-11-02
16998,488,199,2,2025-10-30
16999,613,403,4,2025-11-02
17000,805,383,5,2026-04-25
17001,621,201,1,2024-09-20
17002,752,38,3,2025-04-02
17003,449,94,4,2025-03-05
17004,724,85,5,2026-04-11
17005,906,89,5,2025-04-09
17006,542,318,5,2025-02-24
17007,530,368,5,2025-12-14
17008,53,233,5,2025-07-16
17009,138,299,5,2024-10-03
17010,314,186,3,2025-08-08
17011,770,433,1,2024-11-15
17012,832,18,4,2025-10-02
17013,123,74,5,2025-01-21
17014,798,434,3,2024-10-24
17015,236,294,2,2025-04-04
17016,404,345,3,2025-08-15
17017,2,466,1,2025-10-20
17018,637,428,5,2025-09-25
17019,429,179,5,2025-01-12
17020,248,377,1,2026-05-10
17021,637,427,5,2025-07-05
17022,149,26,4,2026-04-24
17023,562,343,4,2025-01-26
17024,470,410,1,2026-04-24
17025,867,323,3,2026-05-15
17026,143,201,2,2024-12-06
17027,1000,165,2,2024-08-30
17028,776,351,5,2025-06-23
17029,609,423,5,2025-05-29
17030,368,422,1,2026-01-15
17031,934,389,5,2024-11-18
17032,579,464,5,2026-05-04
17033,415,380,3,2025-12-30
17034,607,18,4,2026-07-23
17035,631,151,4,2025-12-12
17036,660,239,4,2024-12-25
17037,272,467,1,2025-10-07
17038,468,55,1,2025-07-01
17039,739,396,3,2025-09-04
17040,800,110,3,2024-11-10
17041,220,270,5,2026-01-17
17042,35,87,4,2024-08-07
17043,430,466,3,2026-06-01
17044,659,147,4,2025-09-03
17045,817,230,3,2024-11-27
17046,505,372,3,2026-05-07
17047,916,346,2,2024-08-13
17048,295,421,3,2025-02-11
17049,568,174,4,2025-01-30
17050,776,342,3,2026-07-20
17051,933,455,4,2025-03-01
17052,41,108,5,2026-05-28
17053,838,312,5,2024-08-20
17054,880,2,4,2025-08-09
17055,81,93,4,2026-02-04
17056,966,267,2,2026-02-27
17057,927,156,1,2024-08-21
17058,60,50,1,2026-01-22
17059,696,116,5,2024-10-30
17060,389,253,4,2025-08-20
17061,633,469,1,2026-03-05
17062,448,394,5,2025-03-24
17063,799,106,3,2024-11-12
17064,100,166,4,2026-07-01
17065,550,496,3,2026-05-03
17066,920,159,4,2024-08-23
17067,897,432,4,2025-04-17
17068,778,129,2,2025-05-24
17069,234,126,2,2025-03-23
17070,661,302,1,2024-12-05
17071,919,67,3,2024-12-19
17072,884,70,5,2025-06-16
17073,132,320,5,2024-08-21
17074,266,454,2,2026-06-17
17075,865,433,1,2025-10-16
17076,491,488,3,2025-01-22
17077,77,351,3,2024-10-12
17078,348,300,5,2025-05-10
17079,923,269,5,2025-01-22
17080,457,388,2,2026-05-03
17081,207,345,5,2024-08-10
17082,241,162,3,2026-03-10
17083,282,445,3,2024-10-27
17084,894,418,5,2026-05-07
17085,925,140,1,2024-12-19
17086,73,400,3,2026-03-17
17087,249,280,3,2026-06-20
17088,311,197,3,2025-12-06
17089,734,436,2,2025-04-08
17090,84,40,2,2026-01-17
17091,601,327,4,2024-09-27
17092,669,145,5,2024-08-09
17093,958,193,3,2025-02-08
17094,852,53,5,2026-01-12
17095,609,437,5,2026-06-29
17096,272,110,3,2024-07-25
17097,815,437,2,2026-04-18
17098,993,181,4,2025-12-17
17099,948,327,1,2024-12-19
17100,266,112,1,2026-03-26
17101,626,427,3,2026-03-01
17102,188,325,2,2024-12-11
17103,53,284,1,2024-09-11
17104,904,171,3,2025-01-05
17105,148,303,3,2026-03-20
17106,575,264,3,2024-08-27
17107,158,161,1,2026-01-27
17108,736,33,3,2026-01-09
17109,406,305,1,2025-07-04
17110,704,253,4,2026-05-13
17111,777,38,3,2026-02-04
17112,319,2,2,2025-07-16
17113,976,468,2,2025-07-04
17114,325,268,4,2026-06-24
17115,642,16,2,2024-12-07
17116,934,61,4,2024-09-03
17117,169,405,3,2024-12-14
17118,989,194,3,2025-07-04
17119,698,266,1,2025-06-23
17120,843,41,3,2026-06-06
17121,952,73,5,2025-09-18
17122,660,436,1,2025-09-08
17123,461,244,1,2024-07-28
17124,215,335,1,2024-11-30
17125,791,174,3,2024-12-02
17126,344,399,5,2024-10-30
17127,874,315,1,2025-01-09
17128,292,322,5,2024-10-05
17129,568,164,4,2026-01-02
17130,865,441,2,2026-04-14
17131,686,282,3,2025-07-19
17132,593,385,1,2025-09-19
17133,399,388,2,2026-04-22
17134,158,420,5,2026-06-11
17135,840,188,2,2026-03-23
17136,785,252,4,2026-03-22
17137,50,256,1,2025-09-03
17138,391,462,3,2024-12-08
17139,840,268,4,2024-09-18
17140,534,72,3,2025-11-23
17141,643,25,3,2026-01-24
17142,582,379,1,2024-07-30
17143,63,342,1,2024-10-05
17144,92,272,3,2026-02-05
17145,462,105,3,2025-08-25
17146,626,99,2,2025-08-26
17147,362,273,5,2026-06-06
17148,23,90,5,2024-12-13
17149,83,432,1,2024-12-13
17150,431,171,4,2025-03-24
17151,354,17,4,2025-03-11
17152,68,450,5,2025-11-23
17153,962,97,3,2025-03-06
17154,932,344,5,2024-09-02
17155,127,438,2,2024-11-12
17156,166,283,3,2024-10-27
17157,82,299,5,2024-10-28
17158,266,431,4,2025-08-10
17159,814,148,5,2025-01-19
17160,632,14,1,2024-07-29
17161,320,107,1,2025-01-04
17162,737,77,5,2026-07-19
17163,682,315,5,2024-08-04
17164,867,497,4,2026-03-19
17165,79,213,1,2026-07-18
17166,635,54,4,2026-05-22
17167,182,474,3,2025-05-10
17168,200,9,3,2025-09-06
17169,132,460,2,2025-08-03
17170,231,2,1,2024-09-22
17171,196,197,2,2025-03-30
17172,561,258,2,2025-10-27
17173,212,277,3,2026-05-01
17174,128,322,3,2026-04-09
17175,982,127,1,2024-09-21
17176,347,35,3,2025-07-01
17177,516,180,5,2025-12-04
17178,132,67,5,2026-05-02
17179,325,481,4,2026-06-05
17180,981,484,4,2025-10-16
17181,791,114,5,2026-07-10
17182,881,470,4,2025-06-14
17183,490,202,5,2026-05-17
17184,236,16,2,2026-03-19
17185,287,168,5,2024-08-27
17186,895,265,2,2024-09-09
17187,106,373,4,2024-08-20
17188,513,178,1,2024-08-10
17189,816,219,3,2024-09-12
17190,474,15,5,2025-07-05
17191,778,106,4,2026-03-22
17192,706,56,2,2025-11-11
17193,685,169,5,2025-09-05
17194,247,257,4,2026-05-05
17195,24,302,3,2025-07-25
17196,29,445,1,2026-03-10
17197,549,238,2,2025-03-21
17198,487,232,3,2025-03-16
17199,979,213,1,2024-11-01
17200,887,368,2,2025-06-30
17201,177,431,3,2026-06-30
17202,842,133,3,2024-07-31
17203,713,457,4,2025-10-28
17204,909,425,4,2026-02-18
17205,982,40,2,2026-02-10
17206,198,281,5,2025-08-25
17207,950,478,2,2025-12-13
17208,279,117,2,2024-08-31
17209,317,414,5,2024-12-06
17210,100,176,1,2026-01-02
17211,268,250,1,2026-01-03
17212,491,263,2,2024-08-05
17213,99,297,4,2025-01-27
17214,122,369,5,2026-02-05
17215,681,315,1,2024-09-25
17216,997,381,1,2026-05-10
17217,984,122,5,2026-06-03
17218,606,351,4,2025-09-09
17219,906,178,2,2025-03-28
17220,403,131,1,2026-05-17
17221,575,108,4,2025-08-01
17222,331,53,5,2026-04-01
17223,836,391,3,2025-12-07
17224,572,297,1,2025-11-27
17225,898,354,1,2026-02-28
17226,60,439,5,2025-11-21
17227,773,139,4,2026-07-02
17228,426,136,4,2025-07-17
17229,756,442,3,2026-06-06
17230,801,47,4,2025-10-11
17231,828,223,4,2025-06-11
17232,631,416,3,2026-01-01
17233,404,38,4,2025-01-02
17234,987,5,4,2025-03-06
17235,389,3,2,2026-06-19
17236,253,329,1,2026-04-21
17237,525,215,2,2025-09-30
17238,722,111,4,2024-12-24
17239,313,177,3,2025-03-05
17240,281,92,1,2024-11-03
17241,68,395,4,2026-06-14
17242,961,199,1,2025-12-15
17243,762,11,3,2025-06-01
17244,106,164,1,2025-02-19
17245,172,477,4,2025-01-25
17246,514,476,4,2024-11-13
17247,145,174,4,2025-12-18
17248,558,339,2,2026-05-22
17249,62,365,2,2024-12-24
17250,750,442,4,2025-12-18
17251,754,341,3,2025-10-11
17252,811,295,2,2026-01-10
17253,530,121,4,2025-06-18
17254,647,228,4,2025-07-11
17255,175,158,3,2026-03-03
17256,343,114,4,2025-06-23
17257,921,266,4,2026-03-03
17258,377,374,5,2025-03-07
17259,273,386,2,2025-08-14
17260,988,469,1,2024-08-28
17261,783,8,3,2024-08-30
17262,307,179,5,2025-08-14
17263,291,481,1,2026-02-07
17264,199,110,2,2025-02-01
17265,865,90,4,2024-08-13
17266,739,213,4,2024-11-08
17267,910,340,3,2025-11-15
17268,94,161,4,2026-06-20
17269,251,450,3,2025-05-16
17270,411,426,4,2025-07-04
17271,285,53,4,2026-07-04
17272,141,451,4,2025-09-18
17273,99,123,2,2025-02-28
17274,995,173,2,2024-10-28
17275,193,451,4,2025-04-21
17276,896,84,4,2025-03-03
17277,945,86,5,2026-04-03
17278,588,149,2,2025-01-06
17279,20,163,5,2024-12-27
17280,492,116,3,2026-07-20
17281,962,35,3,2026-01-17
17282,589,289,5,2026-06-25
17283,207,453,1,2026-05-16
17284,10,264,3,2026-03-06
17285,716,12,3,2026-05-23
17286,208,472,3,2026-05-05
17287,294,479,4,2026-05-19
17288,734,164,1,2024-08-25
17289,853,148,3,2025-06-28
17290,69,46,4,2024-10-18
17291,869,199,3,2025-01-13
17292,477,23,1,2025-07-18
17293,335,384,5,2025-09-08
17294,470,469,4,2025-08-01
17295,757,80,5,2026-07-14
17296,751,127,5,2024-10-29
17297,692,483,1,2024-08-29
17298,763,225,4,2025-02-05
17299,353,463,2,2026-04-08
17300,742,482,2,2025-07-31
17301,773,30,3,2025-01-25
17302,626,195,2,2025-09-14
17303,813,367,5,2025-11-29
17304,350,215,3,2024-10-09
17305,913,402,5,2025-07-24
17306,857,309,1,2025-05-22
17307,162,73,3,2025-06-06
17308,620,40,4,2025-11-01
17309,5,164,4,2025-12-27
17310,894,8,5,2024-09-01
17311,840,208,4,2024-08-06
17312,53,416,3,2025-06-29
17313,210,99,1,2025-12-11
17314,863,63,3,2026-05-15
17315,106,103,4,2024-10-30
17316,55,411,2,2025-11-28
17317,688,88,3,2024-12-08
17318,570,290,1,2026-01-05
17319,597,180,2,2024-08-07
17320,41,372,2,2025-03-17
17321,921,294,1,2024-12-19
17322,980,377,3,2024-08-30
17323,304,379,2,2025-03-12
17324,977,82,1,2026-06-05
17325,953,151,1,2024-08-13
17326,279,159,5,2025-09-04
17327,126,147,5,2025-02-26
17328,243,342,1,2025-03-23
17329,340,425,3,2025-10-27
17330,947,74,2,2025-06-16
17331,605,153,1,2025-02-17
17332,364,318,1,2025-10-01
17333,506,88,2,2026-07-17
17334,483,139,1,2025-10-26
17335,470,249,5,2024-11-18
17336,917,224,4,2026-07-11
17337,381,389,5,2024-11-08
17338,558,295,4,2026-07-09
17339,306,313,4,2025-01-11
17340,667,303,1,2024-12-25
17341,371,228,2,2025-12-08
17342,939,413,1,2026-01-29
17343,582,175,3,2026-06-23
17344,148,105,5,2025-12-07
17345,113,167,3,2024-12-24
17346,752,256,3,2026-04-03
17347,65,211,2,2026-02-20
17348,922,398,2,2025-10-07
17349,699,337,4,2024-09-05
17350,155,483,4,2026-05-08
17351,109,416,4,2024-08-23
17352,189,33,1,2025-05-18
17353,950,395,5,2024-11-21
17354,999,18,2,2025-12-07
17355,497,118,1,2024-09-10
17356,354,82,2,2024-12-15
17357,133,260,1,2026-02-13
17358,433,95,1,2024-12-19
17359,619,294,4,2026-03-28
17360,535,48,5,2026-01-31
17361,233,18,4,2026-02-23
17362,764,224,4,2026-01-13
17363,569,343,4,2024-08-26
17364,480,376,3,2025-05-05
17365,918,97,2,2025-05-07
17366,62,436,4,2025-05-15
17367,171,409,2,2026-03-27
17368,980,70,2,2024-11-24
17369,985,36,2,2026-01-18
17370,157,197,4,2025-02-22
17371,472,421,3,2025-05-25
17372,772,45,5,2025-03-04
17373,589,42,4,2024-08-20
17374,734,170,2,2025-01-23
17375,259,128,4,2025-07-17
17376,708,134,4,2025-01-20
17377,759,118,4,2024-11-03
17378,254,228,3,2025-07-21
17379,318,7,3,2025-01-25
17380,40,391,1,2026-04-02
17381,892,460,1,2026-02-23
17382,416,44,4,2024-11-10
17383,149,253,4,2026-04-05
17384,486,347,1,2025-06-08
17385,462,222,4,2026-01-16
17386,712,225,1,2025-03-06
17387,917,59,1,2025-10-25
17388,509,217,1,2025-06-05
17389,273,405,5,2025-04-16
17390,434,128,5,2024-11-07
17391,780,196,4,2026-05-17
17392,50,392,4,2024-08-19
17393,952,413,1,2024-08-12
17394,592,15,1,2024-08-11
17395,339,447,5,2025-01-13
17396,750,373,4,2025-09-13
17397,229,78,2,2026-04-27
17398,534,131,3,2025-10-15
17399,426,235,1,2025-07-31
17400,340,460,4,2026-07-01
17401,491,142,1,2026-01-08
17402,493,365,5,2024-08-12
17403,517,345,3,2024-10-28
17404,303,437,4,2025-06-17
17405,949,83,5,2025-02-10
17406,839,40,1,2025-07-20
17407,711,383,2,2024-11-22
17408,61,97,3,2026-01-09
17409,86,297,4,2025-07-28
17410,456,421,1,2024-11-02
17411,640,57,5,2025-08-27
17412,106,260,5,2025-02-11
17413,700,462,2,2025-06-21
17414,96,116,3,2025-05-03
17415,438,157,3,2024-09-20
17416,176,87,3,2025-05-15
17417,809,402,4,2025-12-01
17418,149,107,3,2026-02-05
17419,41,436,1,2026-05-07
17420,83,269,5,2025-09-13
17421,578,459,2,2025-01-27
17422,133,55,4,2025-01-27
17423,99,93,1,2026-01-26
17424,156,460,3,2025-06-10
17425,892,88,1,2026-02-09
17426,51,294,1,2026-06-19
17427,984,48,4,2025-01-28
17428,875,321,2,2025-12-01
17429,9,95,5,2026-05-04
17430,958,107,4,2025-12-04
17431,339,276,3,2025-08-10
17432,765,422,4,2025-01-05
17433,865,58,5,2025-12-04
17434,732,6,3,2025-06-30
17435,895,499,1,2024-09-28
17436,226,7,3,2025-11-10
17437,927,174,2,2025-07-19
17438,817,390,2,2025-12-25
17439,202,464,3,2024-08-22
17440,667,212,1,2026-06-10
17441,33,140,3,2026-01-28
17442,559,33,2,2026-05-18
17443,3,346,5,2024-07-31
17444,887,262,5,2026-03-01
17445,639,339,1,2026-01-08
17446,657,413,1,2025-01-17
17447,971,270,4,2025-11-23
17448,915,473,5,2026-01-06
17449,216,402,4,2026-04-29
17450,884,87,1,2025-01-23
17451,248,59,1,2026-07-12
17452,371,293,3,2025-10-26
17453,18,177,2,2025-10-26
17454,175,341,3,2024-08-02
17455,513,325,4,2024-11-26
17456,779,329,1,2024-10-13
17457,550,324,5,2025-09-02
17458,944,194,2,2025-11-08
17459,699,275,3,2026-04-19
17460,302,142,1,2026-07-05
17461,744,265,3,2026-06-27
17462,871,430,2,2026-04-16
17463,303,297,3,2025-07-02
17464,76,149,4,2024-09-26
17465,611,362,5,2025-07-17
17466,763,294,5,2026-04-08
17467,533,269,2,2026-03-31
17468,3,212,3,2025-03-01
17469,992,188,3,2024-12-16
17470,937,124,5,2024-11-09
17471,63,130,5,2025-04-28
17472,604,300,2,2025-06-12
17473,316,70,3,2026-06-11
17474,268,388,5,2026-01-30
17475,786,313,4,2025-12-19
17476,939,231,3,2026-01-06
17477,490,276,4,2025-11-24
17478,726,80,3,2025-05-07
17479,521,69,3,2024-12-11
17480,323,84,1,2025-10-23
17481,838,232,1,2025-10-18
17482,517,126,2,2026-01-27
17483,238,343,2,2024-08-22
17484,730,263,5,2024-10-03
17485,832,152,3,2025-02-01
17486,448,469,2,2025-12-26
17487,107,377,2,2025-05-18
17488,230,435,5,2026-07-19
17489,400,52,2,2026-04-27
17490,602,163,5,2025-02-18
17491,459,143,5,2025-03-29
17492,353,416,3,2026-04-10
17493,554,45,1,2025-06-10
17494,180,10,1,2025-04-25
17495,95,65,5,2025-01-03
17496,476,12,1,2024-10-23
17497,916,426,2,2025-03-06
17498,706,424,1,2025-10-03
17499,681,200,5,2026-02-26
17500,561,493,3,2026-03-13
17501,328,239,3,2026-03-03
17502,343,129,1,2025-05-08
17503,505,476,4,2024-08-17
17504,191,86,2,2024-11-21
17505,98,301,3,2025-10-13
17506,991,372,1,2025-08-04
17507,111,230,4,2024-08-10
17508,885,116,3,2026-04-29
17509,576,438,5,2025-07-03
17510,900,63,4,2026-07-05
17511,595,137,5,2025-11-16
17512,636,47,3,2024-08-03
17513,429,494,2,2026-07-15
17514,548,322,5,2024-08-31
17515,524,266,5,2025-07-28
17516,65,13,3,2025-05-06
17517,90,241,1,2025-12-26
17518,712,38,1,2025-05-30
17519,585,32,1,2025-07-08
17520,100,281,2,2026-06-21
17521,850,38,4,2025-08-20
17522,250,17,4,2026-07-04
17523,808,145,5,2024-09-26
17524,654,497,2,2025-02-24
17525,276,122,1,2025-05-21
17526,21,346,4,2025-04-28
17527,451,378,3,2026-03-08
17528,710,392,3,2026-05-09
17529,705,115,1,2025-02-26
17530,862,394,1,2025-05-14
17531,545,66,2,2025-04-27
17532,383,235,3,2025-03-15
17533,62,300,3,2025-01-03
17534,83,396,2,2025-02-14
17535,146,359,1,2024-09-25
17536,510,345,2,2024-10-16
17537,803,473,5,2025-04-21
17538,971,52,2,2024-09-05
17539,666,474,3,2024-12-19
17540,995,358,5,2026-04-05
17541,599,403,1,2025-01-28
17542,573,366,2,2026-06-20
17543,549,359,2,2024-08-28
17544,789,83,1,2025-10-11
17545,824,402,3,2025-11-26
17546,673,212,1,2026-04-11
17547,709,246,4,2025-11-16
17548,319,336,1,2024-11-26
17549,600,141,2,2024-11-17
17550,769,362,3,2024-08-28
17551,768,284,2,2026-01-08
17552,761,6,2,2024-08-18
17553,829,353,3,2024-08-26
17554,141,410,3,2025-07-25
17555,225,203,4,2026-01-05
17556,460,307,2,2024-12-03
17557,712,285,5,2025-09-10
17558,191,441,1,2024-10-29
17559,382,249,2,2026-02-16
17560,836,489,2,2024-09-22
17561,237,286,4,2024-09-02
17562,217,100,2,2025-08-24
17563,689,408,3,2026-03-11
17564,955,3,1,2025-10-21
17565,708,495,2,2024-09-27
17566,609,268,1,2026-01-21
17567,996,67,4,2025-11-11
17568,523,499,1,2025-06-25
17569,489,400,2,2026-03-11
17570,620,354,5,2024-10-04
17571,556,467,2,2025-09-29
17572,490,494,3,2024-08-13
17573,859,356,3,2025-03-19
17574,832,59,1,2025-10-23
17575,479,441,3,2025-04-12
17576,708,241,1,2026-02-04
17577,209,195,4,2024-09-01
17578,357,76,5,2024-12-31
17579,653,387,3,2026-04-26
17580,251,316,4,2025-03-11
17581,329,275,3,2025-02-23
17582,793,468,5,2024-10-29
17583,691,488,4,2025-04-13
17584,540,242,1,2024-08-03
17585,752,408,4,2025-08-05
17586,634,384,2,2026-02-04
17587,794,370,1,2024-12-23
17588,524,73,1,2026-05-18
17589,323,121,3,2025-08-01
17590,978,243,2,2025-11-30
17591,441,485,3,2025-10-08
17592,584,316,5,2026-03-14
17593,178,113,2,2025-04-17
17594,807,76,2,2024-12-31
17595,95,176,5,2025-09-15
17596,830,120,4,2025-03-11
17597,529,412,2,2026-05-11
17598,279,480,2,2025-04-29
17599,5,322,1,2025-02-16
17600,459,410,2,2024-08-20
17601,286,261,2,2024-11-19
17602,59,9,5,2024-08-17
17603,372,182,1,2025-01-17
17604,291,133,5,2026-02-11
17605,947,294,4,2025-03-23
17606,129,82,3,2026-04-01
17607,965,485,3,2026-04-16
17608,879,253,3,2025-10-10
17609,334,127,1,2025-08-04
17610,702,339,5,2025-02-21
17611,164,286,4,2024-12-21
17612,671,32,1,2024-11-11
17613,902,24,4,2026-02-19
17614,248,345,5,2025-01-06
17615,634,325,3,2025-10-07
17616,530,272,2,2024-12-18
17617,802,295,4,2026-05-10
17618,169,338,1,2024-10-21
17619,173,421,3,2024-11-21
17620,568,484,5,2024-10-03
17621,123,474,3,2024-11-21
17622,572,371,4,2025-08-06
17623,965,428,2,2024-11-12
17624,21,311,4,2025-06-16
17625,512,402,4,2025-06-29
17626,489,250,2,2026-04-09
17627,598,95,4,2024-09-06
17628,131,478,5,2026-02-01
17629,129,283,2,2025-03-23
17630,395,63,1,2025-08-06
17631,52,140,5,2025-07-05
17632,162,474,2,2024-09-06
17633,857,247,3,2025-07-01
17634,841,322,1,2024-09-06
17635,59,102,4,2025-06-15
17636,447,347,2,2025-02-18
17637,637,106,2,2025-10-24
17638,278,473,4,2025-01-11
17639,752,366,1,2025-04-30
17640,96,201,4,2026-07-22
17641,772,437,5,2025-09-28
17642,445,36,3,2024-12-30
17643,361,229,3,2025-05-29
17644,45,166,4,2025-09-30
17645,175,8,1,2024-08-25
17646,865,337,5,2024-10-09
17647,686,70,3,2025-08-03
17648,967,330,4,2025-07-19
17649,188,195,5,2026-04-10
17650,205,337,4,2025-01-11
17651,161,477,3,2026-04-26
17652,357,466,2,2026-06-04
17653,559,87,1,2025-11-08
17654,413,380,3,2025-04-16
17655,865,301,5,2025-08-04
17656,419,359,4,2026-03-25
17657,814,328,2,2026-05-31
17658,423,416,3,2025-12-13
17659,123,374,4,2025-05-17
17660,503,292,3,2026-02-27
17661,564,230,2,2026-05-14
17662,434,157,5,2026-06-29
17663,4,24,5,2024-09-25
17664,707,439,4,2026-03-13
17665,55,15,4,2025-06-10
17666,620,318,2,2024-11-27
17667,118,296,4,2025-12-18
17668,174,471,1,2024-11-04
17669,142,158,3,2025-07-10
17670,778,300,2,2025-05-31
17671,308,15,1,2024-10-15
17672,994,147,2,2024-10-15
17673,479,469,4,2025-05-24
17674,809,109,5,2025-06-06
17675,419,86,2,2025-12-18
17676,531,101,1,2025-10-11
17677,288,382,5,2026-01-23
17678,750,287,4,2026-04-29
17679,269,70,2,2026-06-06
17680,801,209,5,2025-06-01
17681,130,95,1,2026-01-22
17682,679,61,3,2024-10-21
17683,36,93,2,2025-07-22
17684,639,324,5,2026-05-08
17685,668,496,4,2026-06-30
17686,211,144,3,2025-05-21
17687,785,22,2,2026-01-09
17688,743,308,2,2024-10-22
17689,482,225,2,2025-07-28
17690,574,248,5,2025-08-12
17691,293,119,1,2025-01-22
17692,508,30,3,2026-05-13
17693,968,462,1,2025-09-20
17694,883,478,3,2025-01-14
17695,808,16,1,2025-01-30
17696,145,316,1,2024-11-22
17697,247,205,4,2024-09-16
17698,700,47,4,2025-06-14
17699,103,171,3,2024-10-11
17700,759,69,1,2025-02-17
17701,603,66,2,2024-11-25
17702,727,232,5,2026-06-04
17703,57,319,2,2024-12-31
17704,4,14,2,2025-11-25
17705,378,331,1,2024-12-04
17706,616,196,2,2026-01-27
17707,911,469,1,2026-03-18
17708,313,322,5,2024-10-09
17709,12,229,3,2026-01-27
17710,913,332,1,2025-11-14
17711,442,441,4,2026-06-27
17712,76,42,2,2025-09-03
17713,576,79,5,2025-12-03
17714,859,135,5,2025-11-15
17715,620,462,1,2025-09-05
17716,652,183,1,2026-02-04
17717,529,298,3,2024-07-27
17718,627,325,4,2024-12-24
17719,948,410,4,2024-08-10
17720,347,327,4,2025-06-28
17721,864,12,2,2026-05-04
17722,981,300,4,2026-07-02
17723,316,90,5,2024-11-30
17724,642,361,1,2026-06-28
17725,134,199,4,2026-05-20
17726,38,444,3,2025-11-02
17727,98,360,3,2025-07-13
17728,308,463,2,2025-08-05
17729,922,140,5,2026-04-11
17730,227,476,5,2025-01-12
17731,763,26,5,2025-08-13
17732,418,174,1,2026-01-28
17733,321,474,2,2025-07-25
17734,552,40,5,2024-11-15
17735,20,124,1,2026-02-03
17736,513,307,2,2025-07-31
17737,893,92,5,2025-12-01
17738,835,219,2,2025-02-21
17739,383,272,5,2025-06-01
17740,412,323,5,2025-06-25
17741,799,279,3,2025-01-16
17742,960,14,2,2024-08-17
17743,254,450,5,2026-05-06
17744,567,37,2,2026-07-22
17745,75,122,4,2025-03-13
17746,670,285,1,2024-10-20
17747,669,296,4,2026-03-21
17748,952,210,2,2024-07-30
17749,67,312,1,2024-09-27
17750,69,301,5,2026-01-12
17751,503,296,4,2025-01-12
17752,56,318,3,2024-10-06
17753,646,126,5,2026-01-04
17754,118,421,1,2024-12-10
17755,382,213,2,2025-04-24
17756,856,418,3,2025-04-01
17757,312,491,4,2025-01-21
17758,261,441,3,2024-11-24
17759,603,150,1,2025-05-14
17760,454,456,1,2025-04-26
17761,512,436,4,2024-12-17
17762,298,413,1,2025-11-13
17763,19,190,4,2025-12-20
17764,825,371,3,2025-04-01
17765,63,469,2,2025-07-28
17766,51,29,1,2026-02-24
17767,530,155,1,2026-02-14
17768,412,276,1,2026-02-04
17769,637,312,2,2026-03-24
17770,547,297,1,2026-01-21
17771,884,456,3,2025-05-08
17772,991,137,5,2024-10-25
17773,446,390,1,2026-01-31
17774,509,500,3,2026-04-29
17775,426,72,3,2025-10-22
17776,60,341,4,2024-12-03
17777,734,77,2,2025-03-28
17778,401,227,2,2024-08-07
17779,606,311,4,2024-11-30
17780,584,447,1,2026-03-11
17781,844,394,4,2026-02-13
17782,298,431,2,2025-06-24
17783,242,228,5,2026-01-08
17784,361,395,1,2024-08-22
17785,921,420,1,2025-06-15
17786,470,76,5,2026-05-08
17787,226,104,3,2025-02-02
17788,106,428,3,2025-01-02
17789,596,414,5,2025-07-29
17790,325,425,4,2026-01-09
17791,188,224,4,2026-01-25
17792,64,421,4,2026-01-06
17793,719,346,3,2026-01-25
17794,268,18,2,2024-10-07
17795,553,428,2,2025-12-18
17796,233,395,1,2025-10-16
17797,958,155,5,2025-04-27
17798,938,389,4,2025-11-19
17799,45,176,2,2025-12-29
17800,739,65,5,2026-03-19
17801,645,464,3,2025-10-12
17802,493,310,4,2025-10-18
17803,229,406,2,2025-09-02
17804,462,35,2,2026-01-31
17805,359,218,4,2026-01-17
17806,849,275,5,2024-12-10
17807,961,408,2,2024-11-12
17808,548,117,5,2026-02-22
17809,910,259,2,2026-03-16
17810,840,190,1,2025-09-02
17811,805,197,3,2026-05-26
17812,117,419,5,2026-06-06
17813,858,228,2,2024-12-04
17814,278,18,4,2024-09-02
17815,273,328,4,2026-01-11
17816,566,372,4,2026-06-28
17817,39,76,2,2025-11-07
17818,747,309,1,2026-04-06
17819,880,152,2,2024-10-06
17820,180,451,2,2024-07-29
17821,12,166,2,2024-11-17
17822,874,334,1,2026-06-23
17823,349,189,2,2026-07-08
17824,552,137,1,2024-11-15
17825,181,207,2,2025-05-16
17826,690,78,1,2025-03-26
17827,167,210,5,2024-12-04
17828,313,111,5,2026-06-29
17829,466,145,1,2025-06-13
17830,572,123,4,2025-06-13
17831,747,6,3,2025-09-07
17832,968,244,1,2026-02-16
17833,241,38,4,2024-08-21
17834,368,418,3,2025-11-05
17835,44,279,3,2024-11-23
17836,974,497,3,2026-05-28
17837,567,228,1,2025-02-25
17838,86,478,4,2025-11-03
17839,603,349,2,2024-11-09
17840,655,446,3,2026-03-28
17841,796,367,1,2025-04-04
17842,158,410,2,2024-08-22
17843,644,418,1,2024-08-03
17844,346,482,1,2025-07-23
17845,81,174,2,2024-11-22
17846,301,439,3,2025-10-06
17847,144,358,1,2025-10-02
17848,590,141,1,2025-02-03
17849,873,294,5,2025-07-02
17850,475,34,5,2024-11-11
17851,527,127,1,2025-05-11
17852,424,387,4,2025-02-01
17853,392,464,3,2024-10-07
17854,240,165,2,2025-11-26
17855,840,424,2,2026-05-21
17856,435,449,2,2026-05-11
17857,273,321,3,2024-12-09
17858,390,386,2,2025-05-04
17859,389,84,4,2025-02-24
17860,531,46,4,2026-07-18
17861,48,146,1,2026-06-14
17862,454,421,3,2025-12-28
17863,886,133,2,2025-05-24
17864,220,315,2,2025-08-06
17865,958,244,2,2025-03-05
17866,915,102,3,2025-03-19
17867,865,338,2,2025-06-28
17868,2,220,1,2025-11-09
17869,594,478,1,2024-08-14
17870,636,381,3,2025-08-29
17871,274,206,3,2024-08-17
17872,639,94,3,2025-02-10
17873,994,136,4,2025-08-20
17874,430,437,2,2025-11-25
17875,102,392,3,2026-02-10
17876,934,49,4,2025-06-11
17877,105,49,1,2026-01-23
17878,934,36,1,2026-01-18
17879,375,394,3,2025-04-15
17880,110,296,1,2025-07-15
17881,994,93,1,2025-05-23
17882,801,111,3,2025-08-18
17883,320,294,4,2025-03-02
17884,423,484,4,2026-01-15
17885,913,64,1,2026-01-16
17886,607,216,5,2025-09-17
17887,17,315,5,2024-10-18
17888,593,176,3,2025-02-16
17889,479,212,4,2024-12-04
17890,501,363,3,2024-12-22
17891,261,14,5,2026-06-19
17892,800,84,3,2026-07-13
17893,777,55,3,2026-03-07
17894,40,305,2,2025-10-20
17895,915,200,1,2025-05-01
17896,586,235,1,2025-10-05
17897,51,3,2,2025-06-24
17898,679,471,1,2025-08-18
17899,286,197,3,2025-11-14
17900,536,171,1,2024-10-18
17901,74,387,5,2025-09-14
17902,962,34,1,2026-01-09
17903,959,217,3,2024-08-22
17904,188,61,2,2025-09-18
17905,161,495,5,2025-05-16
17906,483,489,4,2025-12-17
17907,966,35,5,2024-11-21
17908,823,262,4,2026-02-15
17909,128,371,3,2025-12-10
17910,657,141,4,2025-07-17
17911,157,263,3,2026-04-10
17912,54,303,1,2026-07-18
17913,250,87,5,2024-10-28
17914,125,468,4,2025-06-13
17915,417,413,2,2024-10-04
17916,786,69,2,2024-10-27
17917,990,167,3,2025-05-18
17918,639,338,2,2025-06-14
17919,773,172,1,2026-06-23
17920,312,148,4,2025-01-30
17921,972,399,3,2026-03-05
17922,370,160,1,2024-08-18
17923,876,187,4,2025-07-13
17924,708,288,4,2024-09-06
17925,741,48,5,2024-11-27
17926,443,249,1,2025-09-25
17927,617,467,2,2025-12-03
17928,388,78,1,2025-05-01
17929,133,441,2,2026-05-15
17930,869,264,4,2024-10-16
17931,725,41,2,2024-11-22
17932,171,322,4,2026-02-07
17933,847,96,5,2025-01-29
17934,131,436,2,2025-04-03
17935,956,33,4,2024-10-09
17936,14,316,1,2025-01-27
17937,257,157,5,2026-03-30
17938,990,64,1,2025-05-31
17939,123,483,2,2026-05-16
17940,892,246,3,2025-10-23
17941,432,282,1,2025-05-09
17942,950,88,5,2026-01-16
17943,797,206,1,2025-06-04
17944,62,5,2,2025-07-23
17945,807,104,2,2025-06-27
17946,664,394,2,2024-12-29
17947,286,190,5,2025-08-15
17948,998,395,2,2025-12-20
17949,786,152,5,2025-10-12
17950,462,321,5,2025-06-01
17951,436,57,3,2025-08-21
17952,403,219,1,2025-09-02
17953,473,370,4,2025-03-13
17954,481,382,2,2026-02-13
17955,824,87,2,2025-02-01
17956,398,77,4,2025-01-22
17957,952,116,1,2026-01-17
17958,678,201,1,2025-06-06
17959,125,146,1,2024-11-26
17960,256,5,5,2026-02-01
17961,968,223,5,2024-12-29
17962,140,45,3,2025-05-30
17963,62,430,4,2025-11-14
17964,117,451,4,2026-05-12
17965,225,68,3,2024-11-05
17966,142,178,5,2025-07-31
17967,128,104,1,2024-11-16
17968,447,439,5,2026-03-24
17969,415,299,3,2025-07-04
17970,222,31,1,2026-02-20
17971,580,141,2,2024-09-09
17972,638,348,1,2024-09-26
17973,923,215,4,2025-04-02
17974,975,19,3,2025-06-28
17975,866,424,1,2025-07-09
17976,421,213,4,2025-12-17
17977,610,169,5,2024-10-26
17978,958,272,4,2025-03-03
17979,529,410,4,2026-04-21
17980,267,147,2,2026-07-13
17981,510,14,5,2025-01-17
17982,350,105,3,2025-10-31
17983,878,458,1,2026-02-25
17984,90,275,4,2026-07-08
17985,463,287,4,2025-01-13
17986,461,32,4,2025-12-05
17987,240,342,1,2026-01-17
17988,517,252,4,2025-06-26
17989,328,281,5,2025-09-16
17990,747,153,3,2025-06-29
17991,989,307,1,2025-08-08
17992,896,116,3,2026-03-28
17993,986,260,5,2024-12-19
17994,195,292,1,2025-08-01
17995,470,241,1,2026-01-23
17996,15,57,2,2024-11-27
17997,645,143,4,2025-10-06
17998,846,304,1,2024-10-21
17999,613,461,4,2025-11-14
18000,373,452,4,2025-04-01
18001,175,39,2,2026-06-06
18002,405,229,1,2025-12-02
18003,668,464,4,2025-12-10
18004,35,410,4,2024-09-13
18005,823,203,2,2025-09-20
18006,444,304,4,2024-12-22
18007,494,222,2,2025-08-01
18008,938,494,5,2025-08-05
18009,869,339,2,2025-12-24
18010,727,307,4,2026-03-06
18011,698,132,2,2025-06-03
18012,802,222,2,2025-02-07
18013,499,76,5,2024-08-27
18014,66,32,5,2025-01-17
18015,280,280,1,2026-03-18
18016,611,471,2,2026-04-14
18017,552,263,4,2024-11-20
18018,593,158,2,2025-06-25
18019,279,121,3,2024-08-19
18020,568,497,1,2025-07-09
18021,200,440,3,2026-05-23
18022,594,187,1,2024-11-26
18023,177,353,2,2025-01-02
18024,978,480,3,2025-11-15
18025,486,32,5,2025-12-18
18026,438,236,5,2024-10-16
18027,357,384,3,2025-12-18
18028,195,64,4,2025-10-05
18029,157,373,2,2026-07-13
18030,682,249,5,2026-04-04
18031,533,338,5,2025-02-01
18032,807,292,4,2024-08-16
18033,914,139,1,2024-12-11
18034,218,462,1,2025-08-13
18035,339,451,1,2026-01-30
18036,964,364,1,2025-10-15
18037,9,439,2,2025-08-31
18038,876,30,2,2024-11-16
18039,548,256,2,2025-08-26
18040,319,387,1,2024-08-27
18041,222,369,2,2026-04-23
18042,773,111,4,2026-02-15
18043,165,14,5,2026-03-02
18044,973,478,1,2026-03-08
18045,435,106,1,2025-05-23
18046,572,221,5,2024-09-12
18047,975,59,1,2025-07-03
18048,742,264,4,2026-05-05
18049,467,429,2,2025-06-09
18050,126,434,3,2025-06-07
18051,866,272,3,2026-05-01
18052,839,481,5,2026-05-30
18053,658,138,3,2025-02-27
18054,241,19,5,2025-03-17
18055,828,12,2,2025-10-09
18056,579,174,3,2025-07-07
18057,315,347,1,2026-01-30
18058,324,299,1,2025-12-24
18059,329,11,4,2024-11-06
18060,92,409,5,2024-10-21
18061,825,413,4,2025-06-26
18062,1000,445,2,2025-03-14
18063,73,87,5,2025-02-01
18064,48,104,1,2024-07-25
18065,753,183,2,2025-12-26
18066,363,381,2,2026-07-05
18067,256,92,1,2025-04-25
18068,451,338,2,2026-03-13
18069,586,346,3,2026-06-29
18070,508,451,4,2025-05-02
18071,388,87,2,2025-10-07
18072,632,262,5,2024-11-27
18073,656,413,2,2024-10-01
18074,842,411,5,2024-10-28
18075,14,396,5,2026-01-25
18076,441,225,2,2025-05-27
18077,335,225,1,2026-05-14
18078,763,198,2,2024-10-28
18079,216,161,4,2025-04-12
18080,304,434,4,2025-04-07
18081,3,157,2,2025-10-23
18082,849,475,5,2026-04-16
18083,410,247,2,2025-10-19
18084,297,131,4,2025-10-03
18085,428,102,4,2024-10-02
18086,866,475,1,2025-08-24
18087,714,405,3,2025-07-10
18088,252,404,5,2025-07-11
18089,805,488,4,2025-01-18
18090,826,101,4,2025-04-19
18091,180,251,5,2026-04-01
18092,924,196,3,2026-05-29
18093,859,280,3,2026-05-18
18094,129,490,4,2024-07-28
18095,275,402,4,2024-08-20
18096,615,252,1,2026-07-10
18097,53,464,3,2026-02-15
18098,71,324,4,2025-04-17
18099,985,202,4,2025-10-01
18100,944,20,2,2025-07-05
18101,843,391,4,2025-12-30
18102,768,377,2,2024-12-30
18103,331,72,2,2026-01-20
18104,218,436,2,2026-05-09
18105,400,495,4,2025-06-09
18106,359,420,4,2024-11-02
18107,277,104,2,2026-04-26
18108,358,122,5,2024-11-21
18109,563,266,1,2026-02-23
18110,302,451,1,2025-09-09
18111,672,306,1,2025-12-30
18112,238,93,5,2025-10-25
18113,593,266,1,2026-02-11
18114,772,217,3,2026-04-09
18115,20,191,4,2025-05-31
18116,963,263,5,2026-06-08
18117,226,255,4,2024-09-08
18118,663,5,1,2024-09-30
18119,231,134,4,2025-12-01
18120,662,35,1,2025-11-14
18121,319,69,1,2025-06-05
18122,854,465,2,2025-09-14
18123,95,367,3,2025-03-18
18124,546,114,1,2026-06-10
18125,259,272,4,2025-11-26
18126,620,289,2,2026-06-05
18127,228,348,4,2026-01-02
18128,880,315,1,2026-06-27
18129,345,156,2,2025-02-07
18130,657,428,4,2025-11-21
18131,954,24,1,2026-04-02
18132,550,165,5,2024-08-03
18133,944,250,5,2024-10-14
18134,760,163,3,2025-07-03
18135,490,23,1,2025-03-29
18136,409,457,1,2026-05-25
18137,169,211,3,2024-11-18
18138,493,296,5,2025-09-06
18139,961,389,1,2024-12-30
18140,909,303,5,2024-10-11
18141,701,284,2,2024-08-20
18142,185,433,1,2025-12-20
18143,341,246,3,2025-03-08
18144,622,32,1,2025-04-04
18145,253,370,5,2024-07-29
18146,637,61,1,2025-10-13
18147,3,43,5,2025-10-21
18148,446,239,2,2025-12-31
18149,518,414,4,2025-09-29
18150,346,262,5,2026-05-04
18151,93,150,4,2025-07-22
18152,865,157,3,2026-06-10
18153,575,84,3,2026-06-01
18154,456,300,4,2025-02-19
18155,59,449,2,2025-11-23
18156,28,95,1,2025-07-03
18157,654,422,3,2025-04-09
18158,863,316,1,2026-03-27
18159,74,368,4,2026-02-05
18160,207,281,4,2025-07-07
18161,269,375,2,2024-10-06
18162,687,372,3,2025-06-12
18163,87,35,1,2025-01-03
18164,77,37,1,2024-08-18
18165,199,277,3,2025-02-23
18166,647,354,1,2024-11-13
18167,412,63,3,2026-04-08
18168,714,393,1,2026-05-02
18169,494,80,5,2026-03-10
18170,121,491,5,2026-05-18
18171,7,314,4,2025-01-04
18172,882,318,1,2025-08-10
18173,404,105,5,2026-07-08
18174,357,309,1,2024-12-11
18175,20,141,4,2026-03-17
18176,106,326,2,2025-02-26
18177,667,168,1,2026-06-25
18178,342,268,2,2024-10-13
18179,354,178,5,2025-05-17
18180,628,58,5,2025-09-16
18181,475,332,1,2025-01-01
18182,888,174,4,2024-09-04
18183,324,271,2,2025-12-07
18184,459,167,2,2025-02-13
18185,786,383,1,2025-01-14
18186,183,330,2,2026-04-16
18187,834,4,4,2025-05-09
18188,409,51,2,2025-03-21
18189,270,406,4,2025-01-12
18190,93,71,4,2025-02-08
18191,519,403,3,2025-02-23
18192,531,252,5,2024-09-10
18193,196,201,5,2026-06-08
18194,861,180,2,2026-03-13
18195,983,302,5,2026-03-12
18196,450,99,5,2024-10-09
18197,20,249,1,2024-10-01
18198,864,30,5,2025-05-29
18199,279,52,1,2025-05-11
18200,686,239,5,2025-02-06
18201,820,39,3,2025-12-03
18202,946,446,1,2025-08-11
18203,886,178,4,2025-05-30
18204,709,52,5,2024-10-15
18205,508,202,3,2025-03-23
18206,411,86,3,2026-04-05
18207,655,31,2,2025-05-29
18208,624,243,2,2024-09-29
18209,105,48,5,2026-02-22
18210,62,336,2,2024-11-29
18211,887,118,1,2024-12-30
18212,464,194,4,2025-01-04
18213,105,196,5,2025-08-02
18214,671,181,4,2026-04-23
18215,29,62,4,2024-11-14
18216,799,410,5,2026-05-05
18217,864,155,5,2025-06-30
18218,426,331,3,2025-04-27
18219,263,486,2,2025-09-24
18220,699,166,3,2025-05-28
18221,634,43,4,2024-12-20
18222,505,25,5,2025-07-02
18223,336,315,3,2026-02-05
18224,968,360,4,2024-09-28
18225,841,56,1,2025-05-29
18226,157,452,1,2026-02-12
18227,307,83,2,2026-05-02
18228,149,398,3,2024-11-30
18229,941,475,1,2026-06-21
18230,255,341,4,2026-06-03
18231,640,333,3,2025-12-28
18232,283,190,3,2025-05-03
18233,444,59,4,2026-05-09
18234,599,297,4,2024-12-11
18235,790,29,1,2025-10-17
18236,335,275,1,2025-08-27
18237,352,129,2,2026-07-05
18238,898,161,3,2024-11-26
18239,308,222,4,2025-02-13
18240,759,29,4,2025-10-08
18241,407,259,5,2025-04-23
18242,270,498,5,2025-12-07
18243,824,29,3,2025-05-24
18244,567,461,4,2025-12-08
18245,371,435,4,2025-11-10
18246,163,172,3,2025-10-03
18247,944,449,1,2024-12-05
18248,404,205,3,2025-04-18
18249,908,349,1,2026-04-23
18250,219,384,3,2024-10-10
18251,246,179,4,2026-05-28
18252,920,476,4,2025-02-26
18253,662,448,5,2025-08-03
18254,734,425,1,2026-07-08
18255,301,104,3,2025-09-16
18256,959,481,1,2025-04-01
18257,395,378,4,2024-12-15
18258,756,479,2,2026-02-17
18259,708,53,3,2025-08-14
18260,384,135,1,2026-03-28
18261,849,300,1,2024-10-22
18262,260,408,4,2025-10-16
18263,143,480,4,2026-07-02
18264,637,462,1,2025-02-21
18265,98,86,1,2025-03-16
18266,746,254,3,2025-05-04
18267,807,481,1,2025-03-17
18268,850,473,1,2025-08-24
18269,984,349,3,2025-10-30
18270,677,46,4,2026-02-23
18271,898,487,5,2025-09-03
18272,711,189,5,2024-09-07
18273,346,396,2,2026-07-02
18274,573,400,2,2025-11-28
18275,306,243,4,2025-09-02
18276,624,366,5,2024-11-18
18277,467,456,1,2026-02-12
18278,433,468,3,2025-01-01
18279,714,47,4,2026-05-22
18280,34,309,4,2026-03-20
18281,161,217,5,2025-11-02
18282,847,164,5,2026-03-24
18283,911,255,4,2026-05-05
18284,873,31,3,2025-12-06
18285,954,371,1,2025-02-02
18286,535,154,2,2024-10-08
18287,636,405,5,2026-04-01
18288,666,259,4,2026-01-04
18289,773,254,4,2025-01-19
18290,250,317,1,2026-04-19
18291,455,217,2,2025-05-13
18292,991,227,4,2026-06-26
18293,309,426,3,2025-08-20
18294,745,272,5,2025-01-18
18295,191,193,3,2024-11-19
18296,773,445,2,2025-12-20
18297,114,383,5,2025-05-22
18298,910,310,5,2026-02-13
18299,647,242,2,2025-03-20
18300,131,481,1,2024-11-16
18301,785,295,3,2026-05-27
18302,822,427,3,2025-06-01
18303,513,497,4,2025-08-07
18304,912,289,3,2025-07-30
18305,650,418,1,2026-06-02
18306,814,31,2,2026-03-18
18307,781,25,5,2024-10-03
18308,45,23,5,2024-12-09
18309,274,467,2,2025-07-16
18310,524,324,2,2025-02-08
18311,489,453,2,2025-06-02
18312,872,345,5,2025-04-30
18313,596,457,3,2025-01-09
18314,203,26,2,2026-02-28
18315,186,153,4,2026-03-20
18316,306,136,3,2025-09-24
18317,634,323,3,2024-10-27
18318,349,137,5,2026-03-16
18319,757,465,2,2025-10-21
18320,946,250,5,2026-07-14
18321,784,44,4,2026-06-20
18322,50,149,2,2026-01-25
18323,588,430,1,2025-09-23
18324,956,394,3,2025-05-10
18325,953,177,1,2025-12-22
18326,69,395,4,2025-12-04
18327,402,345,1,2025-10-18
18328,517,347,1,2025-06-26
18329,687,459,3,2026-05-30
18330,45,408,3,2026-04-28
18331,434,141,3,2025-06-09
18332,631,35,3,2025-05-11
18333,573,176,1,2026-03-07
18334,16,497,1,2026-07-19
18335,318,415,1,2024-10-15
18336,741,406,2,2026-05-29
18337,866,303,1,2024-08-23
18338,37,451,2,2025-07-27
18339,448,384,1,2026-05-28
18340,191,83,3,2025-01-19
18341,885,324,5,2025-12-04
18342,678,142,5,2024-12-10
18343,929,451,5,2026-01-24
18344,436,420,1,2026-03-18
18345,448,353,3,2026-01-16
18346,807,434,4,2024-08-11
18347,620,317,3,2025-12-06
18348,39,71,3,2025-11-11
18349,132,56,1,2025-07-28
18350,450,213,1,2026-01-03
18351,114,143,1,2025-04-11
18352,483,470,3,2025-02-06
18353,357,218,3,2025-10-23
18354,960,475,3,2024-09-10
18355,523,473,1,2024-11-20
18356,529,168,3,2025-02-04
18357,834,254,5,2024-09-17
18358,281,227,2,2025-08-09
18359,141,149,2,2024-10-03
18360,518,43,4,2024-12-16
18361,881,203,4,2025-03-05
18362,725,221,4,2024-08-11
18363,452,115,2,2024-07-23
18364,996,488,3,2024-09-25
18365,952,407,4,2025-04-24
18366,575,124,1,2024-09-11
18367,710,274,1,2026-02-15
18368,494,233,1,2025-06-25
18369,909,166,2,2026-01-17
18370,635,296,4,2025-08-23
18371,839,347,3,2025-08-09
18372,161,167,3,2026-06-02
18373,194,215,4,2025-12-27
18374,463,16,2,2026-06-05
18375,219,42,5,2025-09-14
18376,197,180,3,2026-04-05
18377,315,222,2,2025-02-26
18378,290,270,5,2026-03-28
18379,879,297,4,2026-03-27
18380,734,92,4,2024-11-20
18381,288,162,2,2024-12-21
18382,238,98,4,2025-06-07
18383,531,199,4,2025-09-23
18384,3,274,3,2025-10-29
18385,470,434,3,2025-12-09
18386,379,251,1,2026-06-02
18387,506,192,1,2024-09-09
18388,837,141,1,2025-05-28
18389,243,324,3,2025-09-05
18390,438,114,3,2026-05-30
18391,489,131,1,2025-09-12
18392,736,31,2,2026-02-22
18393,844,241,3,2024-11-23
18394,215,189,4,2024-08-21
18395,653,149,1,2026-03-08
18396,61,122,3,2026-02-14
18397,243,474,3,2025-12-26
18398,859,237,4,2025-06-13
18399,757,204,5,2024-12-21
18400,926,273,1,2025-05-21
18401,796,164,3,2025-03-08
18402,167,33,2,2026-06-11
18403,516,311,1,2025-06-22
18404,185,224,5,2025-05-15
18405,126,102,1,2025-07-21
18406,103,433,1,2026-05-24
18407,11,109,5,2026-02-08
18408,293,60,5,2025-09-07
18409,366,343,1,2024-09-09
18410,672,452,4,2026-01-22
18411,409,240,5,2026-02-07
18412,638,31,2,2024-11-07
18413,800,53,3,2026-04-23
18414,726,248,2,2025-09-06
18415,493,309,3,2024-10-25
18416,984,217,3,2025-08-06
18417,876,491,3,2026-02-11
18418,293,238,5,2025-11-18
18419,635,222,4,2025-02-08
18420,98,253,1,2024-08-15
18421,294,143,4,2024-08-05
18422,734,172,5,2025-06-11
18423,857,357,3,2025-01-25
18424,28,370,1,2026-01-16
18425,209,500,3,2025-03-09
18426,295,403,2,2026-01-25
18427,472,196,5,2025-11-12
18428,380,343,5,2025-07-03
18429,800,285,5,2026-02-25
18430,833,430,5,2025-08-18
18431,65,430,4,2025-05-05
18432,903,75,1,2025-05-18
18433,329,316,1,2024-09-03
18434,258,301,1,2025-02-25
18435,960,279,3,2024-08-24
18436,22,80,5,2026-02-12
18437,225,377,2,2024-12-04
18438,1000,10,4,2024-11-17
18439,879,465,2,2025-12-25
18440,862,425,5,2025-06-18
18441,229,248,3,2024-08-25
18442,741,254,5,2025-06-15
18443,249,62,5,2025-11-14
18444,863,461,3,2025-02-10
18445,517,318,3,2026-03-08
18446,17,167,2,2025-06-16
18447,920,353,1,2024-10-16
18448,307,483,1,2025-08-01
18449,383,121,3,2025-07-15
18450,610,130,2,2025-06-19
18451,421,334,2,2025-04-18
18452,686,305,1,2025-01-13
18453,532,116,5,2025-01-21
18454,267,317,5,2025-08-07
18455,674,327,2,2024-12-24
18456,458,25,5,2025-05-22
18457,105,222,1,2026-06-22
18458,19,138,2,2026-02-11
18459,145,365,2,2024-12-06
18460,325,88,5,2026-05-18
18461,664,364,4,2026-02-17
18462,292,495,4,2026-07-09
18463,903,121,5,2024-12-07
18464,997,20,5,2025-07-18
18465,937,424,5,2025-09-03
18466,620,276,1,2026-07-20
18467,273,257,3,2025-03-23
18468,358,81,3,2025-11-02
18469,218,317,4,2025-06-29
18470,585,4,3,2025-05-08
18471,396,77,1,2026-06-18
18472,836,85,4,2025-05-12
18473,205,307,1,2024-08-01
18474,288,214,3,2024-09-19
18475,920,80,3,2026-06-05
18476,603,383,4,2026-05-12
18477,28,222,1,2024-08-23
18478,857,211,5,2024-09-06
18479,295,123,3,2025-01-19
18480,123,182,3,2026-04-05
18481,350,250,1,2025-01-15
18482,211,125,5,2024-11-26
18483,940,454,3,2025-10-10
18484,271,229,2,2026-04-11
18485,404,303,2,2026-02-28
18486,775,331,4,2024-10-29
18487,324,122,1,2025-05-07
18488,287,5,3,2025-04-14
18489,658,329,5,2026-03-03
18490,36,271,2,2025-07-22
18491,533,4,4,2025-04-25
18492,542,483,1,2025-11-26
18493,836,203,3,2024-12-14
18494,573,375,4,2024-07-27
18495,638,485,1,2025-10-02
18496,951,80,1,2026-06-02
18497,809,168,2,2026-04-18
18498,966,96,2,2025-11-17
18499,889,370,2,2025-05-20
18500,594,78,3,2026-02-10
18501,365,368,1,2025-01-18
18502,814,212,5,2024-12-24
18503,165,39,5,2025-12-10
18504,144,244,4,2025-01-11
18505,46,304,5,2026-01-05
18506,317,111,4,2026-05-17
18507,179,415,1,2025-08-24
18508,126,100,4,2026-02-10
18509,495,352,3,2026-04-01
18510,91,263,4,2025-08-20
18511,824,218,1,2026-01-18
18512,708,492,5,2026-06-20
18513,567,47,2,2025-08-16
18514,151,63,1,2025-12-11
18515,102,433,3,2025-07-28
18516,226,287,5,2025-07-30
18517,326,152,2,2025-08-10
18518,583,347,5,2024-08-26
18519,691,465,1,2024-11-15
18520,739,95,5,2025-04-24
18521,515,46,5,2026-02-07
18522,169,370,1,2025-08-08
18523,63,181,5,2025-08-30
18524,661,441,2,2024-12-03
18525,740,2,3,2025-12-06
18526,55,170,5,2025-04-19
18527,113,416,4,2025-04-11
18528,362,299,4,2025-09-09
18529,867,238,4,2026-07-17
18530,607,95,5,2026-05-08
18531,772,174,4,2025-10-03
18532,591,451,2,2026-03-27
18533,445,364,4,2025-08-08
18534,187,265,1,2025-04-12
18535,536,99,4,2025-08-23
18536,583,139,2,2026-06-05
18537,37,127,5,2024-10-25
18538,204,457,5,2024-09-28
18539,831,281,2,2025-12-24
18540,549,149,3,2025-12-13
18541,166,18,3,2024-09-06
18542,444,332,3,2025-11-05
18543,833,430,2,2025-09-21
18544,77,432,3,2026-04-30
18545,925,223,3,2024-09-27
18546,163,72,2,2024-10-15
18547,1000,436,1,2024-07-29
18548,242,93,4,2024-09-22
18549,286,320,5,2024-12-03
18550,486,65,2,2024-10-18
18551,858,345,2,2024-10-11
18552,545,494,4,2026-04-03
18553,529,472,3,2025-04-28
18554,756,265,2,2025-06-25
18555,695,195,2,2024-11-28
18556,797,189,5,2025-05-02
18557,496,214,2,2026-05-31
18558,473,222,5,2025-07-18
18559,739,289,2,2025-11-14
18560,377,318,4,2024-12-22
18561,193,103,1,2025-03-03
18562,933,495,1,2025-04-30
18563,680,396,2,2025-04-19
18564,163,38,5,2025-10-28
18565,384,228,2,2024-07-31
18566,265,88,4,2024-09-27
18567,229,63,1,2025-02-15
18568,924,358,5,2026-01-05
18569,550,106,1,2026-06-12
18570,826,188,2,2025-03-26
18571,921,426,3,2025-05-02
18572,22,357,5,2026-03-24
18573,299,110,5,2025-06-04
18574,303,17,2,2024-09-17
18575,345,13,1,2025-02-14
18576,74,154,5,2025-10-27
18577,230,238,5,2026-07-01
18578,2,72,3,2024-07-31
18579,877,115,4,2024-09-27
18580,151,19,3,2024-08-07
18581,43,387,5,2026-01-27
18582,990,202,4,2024-10-25
18583,582,247,2,2024-12-06
18584,629,38,3,2025-03-24
18585,723,499,5,2025-05-14
18586,976,465,3,2025-10-16
18587,24,239,2,2025-08-17
18588,761,118,2,2025-10-14
18589,704,367,5,2025-09-04
18590,151,254,2,2024-09-18
18591,243,55,3,2024-12-11
18592,346,204,5,2024-10-25
18593,450,235,2,2024-08-21
18594,362,161,5,2025-09-30
18595,214,238,4,2024-08-03
18596,57,6,2,2025-04-21
18597,322,9,1,2025-07-24
18598,987,426,2,2025-08-20
18599,837,261,2,2026-03-12
18600,809,116,1,2024-08-19
18601,572,238,5,2026-06-08
18602,784,321,1,2026-03-05
18603,935,30,5,2026-03-04
18604,592,380,4,2025-01-13
18605,974,448,5,2025-10-10
18606,940,151,5,2025-06-25
18607,811,69,5,2025-02-09
18608,333,280,1,2026-04-23
18609,901,293,1,2025-01-29
18610,30,160,4,2025-07-09
18611,532,270,2,2025-10-03
18612,65,164,3,2026-02-12
18613,396,19,3,2025-04-06
18614,342,330,5,2025-09-21
18615,707,406,4,2024-09-30
18616,114,71,5,2024-09-24
18617,31,81,2,2026-03-11
18618,479,446,3,2025-02-12
18619,582,206,2,2025-07-06
18620,708,346,5,2025-08-04
18621,881,187,4,2024-08-22
18622,684,355,5,2025-01-20
18623,48,85,4,2025-10-13
18624,541,69,1,2025-02-11
18625,361,16,4,2025-09-12
18626,373,215,5,2026-07-11
18627,556,328,3,2025-01-28
18628,726,344,2,2024-09-09
18629,517,355,1,2025-08-25
18630,210,394,2,2026-04-01
18631,383,500,5,2024-12-30
18632,872,221,3,2025-11-04
18633,395,444,4,2025-04-10
18634,461,188,2,2026-05-28
18635,288,415,1,2024-11-26
18636,722,424,1,2025-08-19
18637,438,139,3,2025-01-12
18638,3,339,3,2025-04-29
18639,852,160,3,2026-05-05
18640,182,15,2,2025-06-02
18641,887,483,4,2024-09-09
18642,155,363,3,2025-09-06
18643,908,335,2,2025-10-09
18644,331,9,5,2025-12-03
18645,94,408,4,2025-08-27
18646,641,379,2,2025-10-23
18647,988,474,3,2025-04-16
18648,847,88,2,2026-04-03
18649,937,489,2,2026-01-04
18650,789,444,5,2024-11-01
18651,11,28,1,2026-01-19
18652,622,244,3,2025-09-28
18653,124,25,1,2024-10-07
18654,71,382,2,2024-12-17
18655,373,359,3,2025-11-03
18656,895,445,5,2025-04-16
18657,397,312,3,2025-08-31
18658,726,251,1,2025-02-04
18659,11,281,2,2025-11-06
18660,36,3,5,2026-06-06
18661,362,265,4,2024-07-27
18662,412,122,5,2024-08-09
18663,322,35,5,2026-05-03
18664,594,319,5,2024-10-19
18665,868,429,4,2024-10-11
18666,34,387,1,2025-06-10
18667,823,310,3,2024-11-18
18668,211,6,5,2024-11-01
18669,643,435,1,2026-01-25
18670,107,412,5,2024-09-16
18671,698,3,5,2026-07-13
18672,75,353,2,2026-05-21
18673,90,47,2,2024-11-05
18674,769,44,4,2026-05-06
18675,860,443,2,2025-04-06
18676,614,278,4,2025-07-21
18677,207,9,5,2026-01-02
18678,488,281,4,2025-05-24
18679,195,446,5,2024-09-12
18680,76,313,5,2025-06-06
18681,803,331,5,2025-03-17
18682,754,381,1,2025-05-09
18683,365,487,3,2025-08-05
18684,468,29,4,2024-07-27
18685,897,499,4,2026-07-18
18686,990,328,4,2025-09-13
18687,48,11,5,2024-11-11
18688,485,19,2,2026-04-07
18689,311,176,4,2025-10-07
18690,439,424,2,2025-11-03
18691,323,464,1,2026-02-24
18692,498,448,1,2024-08-13
18693,63,169,3,2024-08-01
18694,262,474,1,2024-12-29
18695,298,319,5,2025-06-08
18696,818,179,3,2025-11-14
18697,352,306,1,2025-08-30
18698,82,418,3,2025-06-05
18699,252,334,5,2024-08-11
18700,969,357,5,2025-09-17
18701,610,261,4,2026-03-14
18702,775,74,4,2025-06-29
18703,832,402,4,2025-01-23
18704,76,127,1,2025-07-07
18705,101,415,5,2024-08-23
18706,710,377,2,2025-11-12
18707,635,430,1,2024-08-23
18708,193,446,1,2025-02-09
18709,998,491,5,2024-10-17
18710,704,334,2,2025-06-11
18711,397,254,4,2024-12-02
18712,863,122,3,2026-02-25
18713,148,72,2,2025-01-06
18714,688,448,3,2025-09-02
18715,952,241,2,2025-02-01
18716,430,224,5,2025-12-14
18717,257,239,3,2025-05-27
18718,748,81,1,2026-01-22
18719,345,113,4,2026-01-23
18720,699,311,1,2025-08-08
18721,519,129,4,2025-10-17
18722,863,405,3,2025-12-24
18723,316,40,5,2026-05-18
18724,673,212,2,2025-01-03
18725,455,283,3,2024-11-19
18726,930,416,5,2026-03-11
18727,656,396,4,2025-05-06
18728,487,485,1,2025-06-07
18729,737,274,5,2026-03-12
18730,90,406,5,2025-12-07
18731,143,383,3,2024-11-17
18732,271,267,1,2025-02-03
18733,320,4,4,2026-07-22
18734,319,235,3,2025-12-30
18735,107,385,1,2024-08-03
18736,115,312,2,2025-08-30
18737,195,227,3,2026-03-10
18738,794,241,1,2024-11-23
18739,948,319,3,2025-09-10
18740,1,436,2,2025-04-21
18741,290,359,5,2025-05-12
18742,415,315,4,2024-12-11
18743,910,437,1,2026-07-05
18744,335,139,2,2025-02-09
18745,350,124,2,2024-08-21
18746,782,460,1,2026-03-14
18747,815,494,2,2025-05-27
18748,329,269,5,2025-10-11
18749,128,453,2,2025-11-10
18750,650,436,3,2025-09-04
18751,517,144,2,2025-02-08
18752,380,375,5,2025-03-14
18753,277,138,1,2026-02-06
18754,25,385,1,2026-06-15
18755,758,436,3,2024-12-06
18756,694,300,5,2026-06-08
18757,114,290,1,2025-09-06
18758,303,491,1,2025-07-29
18759,174,188,3,2025-12-17
18760,763,494,1,2025-08-23
18761,799,312,1,2026-01-22
18762,620,148,5,2025-08-31
18763,355,395,2,2025-01-02
18764,429,222,5,2025-05-05
18765,207,424,2,2024-08-22
18766,252,134,4,2025-02-05
18767,51,291,5,2024-12-07
18768,379,108,4,2024-08-08
18769,35,392,2,2026-01-04
18770,958,65,4,2024-11-27
18771,219,180,4,2026-07-18
18772,789,56,3,2026-05-24
18773,619,486,1,2026-04-22
18774,80,430,2,2025-05-07
18775,936,190,1,2025-05-22
18776,809,155,2,2026-07-22
18777,189,500,1,2026-05-05
18778,367,462,5,2024-07-26
18779,661,357,4,2024-12-14
18780,831,329,3,2025-08-17
18781,944,390,3,2025-06-19
18782,427,464,3,2026-01-25
18783,775,72,5,2025-01-10
18784,557,167,3,2026-04-19
18785,770,276,4,2024-08-02
18786,814,322,3,2026-03-22
18787,870,460,2,2026-02-23
18788,6,190,5,2024-09-24
18789,444,346,1,2026-06-10
18790,967,205,2,2025-07-28
18791,952,401,4,2026-05-14
18792,734,338,2,2026-04-08
18793,660,205,1,2024-11-03
18794,811,154,3,2024-09-30
18795,329,263,3,2025-05-02
18796,132,368,5,2026-06-03
18797,89,279,2,2024-12-15
18798,34,376,4,2026-03-03
18799,127,35,2,2026-01-13
18800,398,177,2,2025-03-22
18801,324,82,1,2026-02-18
18802,830,438,5,2024-12-15
18803,488,242,1,2026-05-29
18804,689,129,5,2025-05-16
18805,338,99,5,2026-06-28
18806,471,193,5,2025-02-14
18807,716,435,3,2025-06-20
18808,916,86,3,2026-06-13
18809,381,196,4,2025-10-06
18810,895,282,2,2025-05-03
18811,230,13,5,2024-12-23
18812,864,3,1,2025-06-02
18813,676,405,5,2025-06-11
18814,865,309,3,2025-11-03
18815,473,86,1,2026-06-28
18816,82,306,3,2026-04-28
18817,829,71,4,2025-03-10
18818,692,294,1,2025-10-14
18819,307,407,2,2025-01-01
18820,885,173,2,2024-11-23
18821,234,472,1,2025-05-15
18822,515,380,5,2025-09-30
18823,959,83,5,2026-01-30
18824,575,353,4,2025-05-09
18825,396,295,1,2025-06-16
18826,209,422,2,2026-02-26
18827,946,69,1,2025-03-01
18828,18,175,2,2026-04-24
18829,198,64,3,2026-01-13
18830,602,177,5,2024-12-03
18831,372,363,4,2025-02-18
18832,159,467,4,2025-02-24
18833,574,310,1,2026-07-06
18834,197,283,1,2026-04-24
18835,806,423,5,2025-06-14
18836,749,417,4,2025-02-12
18837,343,44,2,2026-01-30
18838,505,333,2,2025-03-05
18839,51,246,2,2024-10-19
18840,769,295,3,2025-03-22
18841,871,333,3,2024-07-25
18842,383,200,4,2024-12-05
18843,338,362,3,2026-01-28
18844,424,378,1,2025-08-19
18845,744,156,1,2024-11-26
18846,958,129,1,2026-02-13
18847,811,314,4,2025-03-09
18848,158,9,3,2026-01-29
18849,230,73,2,2025-03-13
18850,49,354,5,2025-03-13
18851,327,283,4,2025-11-15
18852,152,265,3,2026-02-26
18853,904,358,4,2025-06-23
18854,220,392,1,2025-04-04
18855,219,438,2,2024-08-18
18856,962,454,3,2025-09-21
18857,783,275,3,2025-09-04
18858,521,443,2,2024-10-17
18859,693,172,5,2025-04-29
18860,344,183,2,2025-08-23
18861,713,411,5,2026-01-28
18862,302,280,3,2026-05-29
18863,543,464,2,2024-09-17
18864,217,269,5,2024-08-17
18865,457,441,3,2024-10-10
18866,189,18,5,2026-07-13
18867,931,449,2,2026-02-02
18868,716,400,1,2025-03-09
18869,175,361,5,2026-04-27
18870,650,48,2,2026-01-25
18871,864,486,2,2026-02-26
18872,104,351,1,2024-11-26
18873,259,203,1,2025-06-04
18874,846,12,1,2026-03-29
18875,420,60,3,2024-08-16
18876,447,137,1,2025-07-06
18877,849,79,4,2025-04-09
18878,905,41,2,2026-07-10
18879,548,72,5,2025-10-17
18880,305,456,1,2025-04-09
18881,719,404,3,2025-12-21
18882,885,351,3,2025-02-21
18883,582,261,4,2025-07-18
18884,982,90,3,2025-10-15
18885,191,341,1,2024-08-23
18886,80,123,4,2025-11-26
18887,725,452,4,2026-01-29
18888,254,231,2,2024-08-27
18889,522,76,4,2024-10-28
18890,750,57,1,2026-05-07
18891,905,316,3,2026-02-03
18892,282,5,5,2026-02-21
18893,43,456,5,2026-02-27
18894,518,203,1,2024-08-05
18895,945,92,5,2025-08-24
18896,932,316,1,2025-03-03
18897,660,391,2,2024-07-24
18898,333,378,3,2025-05-13
18899,633,27,5,2025-02-18
18900,848,386,1,2025-10-31
18901,253,68,2,2025-02-14
18902,327,268,3,2026-04-14
18903,670,88,3,2024-09-02
18904,429,210,4,2024-12-14
18905,679,419,1,2024-11-28
18906,753,210,3,2025-08-24
18907,250,170,4,2026-07-19
18908,760,293,3,2024-09-08
18909,595,123,2,2026-04-08
18910,254,93,4,2026-03-10
18911,271,353,1,2026-02-17
18912,869,350,5,2025-10-14
18913,4,166,2,2025-08-30
18914,179,319,2,2024-12-24
18915,780,97,1,2025-06-09
18916,559,92,2,2025-06-04
18917,737,200,1,2025-11-23
18918,418,197,1,2025-10-07
18919,30,85,2,2026-07-20
18920,989,274,3,2025-04-15
18921,206,409,5,2026-02-19
18922,451,401,1,2025-01-14
18923,474,52,5,2025-04-15
18924,933,127,1,2025-05-29
18925,782,474,1,2026-02-24
18926,140,302,2,2025-01-19
18927,367,344,3,2025-12-31
18928,147,263,3,2025-10-15
18929,208,395,5,2024-10-27
18930,69,473,1,2026-03-27
18931,674,143,2,2024-08-26
18932,871,152,1,2026-04-07
18933,579,92,2,2026-04-12
18934,321,163,3,2025-11-20
18935,902,274,3,2024-08-25
18936,234,467,2,2024-09-23
18937,197,255,5,2025-10-10
18938,948,433,4,2026-05-31
18939,926,241,5,2025-09-17
18940,302,112,2,2025-10-21
18941,940,222,2,2026-03-11
18942,125,2,5,2025-01-05
18943,132,158,3,2026-02-14
18944,646,323,2,2025-02-26
18945,963,28,1,2024-09-27
18946,304,468,3,2024-12-27
18947,933,3,2,2026-01-23
18948,901,150,3,2026-01-20
18949,702,392,2,2024-12-02
18950,815,121,1,2025-09-03
18951,626,108,4,2026-04-02
18952,622,350,3,2025-04-01
18953,80,464,5,2024-09-24
18954,112,218,4,2025-02-16
18955,259,309,1,2025-05-20
18956,94,459,3,2024-12-19
18957,831,101,4,2025-11-14
18958,684,136,2,2025-05-24
18959,652,309,5,2024-09-05
18960,476,42,2,2024-07-29
18961,706,155,2,2025-08-03
18962,781,73,4,2024-09-24
18963,987,37,5,2025-07-17
18964,876,373,1,2026-07-11
18965,477,350,2,2024-07-28
18966,660,81,5,2025-07-22
18967,555,170,1,2024-12-17
18968,91,161,2,2024-08-23
18969,20,445,5,2024-09-19
18970,240,33,5,2024-11-14
18971,578,349,3,2025-08-24
18972,760,186,2,2024-08-04
18973,757,112,2,2025-09-01
18974,214,224,1,2026-03-07
18975,368,151,1,2025-08-18
18976,840,422,1,2024-08-03
18977,1000,249,1,2026-02-01
18978,949,217,3,2025-11-16
18979,266,374,4,2025-05-31
18980,247,17,3,2025-06-27
18981,822,61,2,2024-10-03
18982,271,343,2,2026-02-13
18983,165,265,3,2025-02-02
18984,827,155,4,2025-02-17
18985,889,27,2,2025-08-15
18986,259,18,3,2026-01-05
18987,982,345,2,2024-08-18
18988,263,311,1,2025-06-04
18989,52,470,2,2025-05-20
18990,533,149,4,2026-04-29
18991,96,407,2,2026-01-18
18992,963,20,3,2025-05-16
18993,753,84,2,2026-03-22
18994,975,76,1,2026-01-24
18995,614,118,4,2025-10-28
18996,90,329,5,2024-08-08
18997,669,396,2,2025-06-30
18998,152,8,5,2026-05-06
18999,250,93,2,2024-09-24
19000,734,460,2,2026-04-16
19001,427,41,3,2025-07-23
19002,901,409,5,2026-03-21
19003,780,484,3,2025-02-10
19004,477,150,3,2025-02-12
19005,149,474,4,2026-05-24
19006,117,426,1,2024-09-03
19007,740,122,2,2026-07-22
19008,913,130,2,2026-03-10
19009,651,166,5,2025-03-29
19010,51,312,5,2024-07-27
19011,998,422,2,2024-08-08
19012,773,294,2,2024-11-03
19013,896,436,3,2025-11-26
19014,590,16,2,2026-02-09
19015,476,383,1,2026-01-07
19016,901,70,2,2026-01-14
19017,234,105,5,2025-05-23
19018,290,50,2,2026-01-10
19019,779,57,3,2025-07-21
19020,200,173,3,2025-09-27
19021,503,366,5,2024-09-21
19022,875,158,2,2026-03-07
19023,466,218,5,2025-02-08
19024,553,84,2,2025-12-02
19025,308,240,5,2025-12-09
19026,966,275,3,2025-06-28
19027,913,440,4,2026-02-24
19028,759,110,3,2026-01-26
19029,660,405,1,2025-03-19
19030,756,313,5,2025-09-23
19031,421,218,1,2026-02-13
19032,103,429,5,2025-02-08
19033,165,192,2,2024-10-01
19034,14,316,5,2025-08-30
19035,817,276,5,2025-11-10
19036,341,187,3,2025-10-03
19037,831,5,2,2025-12-14
19038,567,213,3,2025-06-28
19039,269,270,5,2024-10-29
19040,905,177,3,2026-04-22
19041,368,304,5,2024-07-24
19042,43,226,2,2026-02-22
19043,480,161,4,2025-05-02
19044,432,458,1,2025-08-04
19045,101,417,2,2026-07-16
19046,561,26,3,2025-07-31
19047,459,187,1,2026-06-08
19048,965,137,4,2024-10-30
19049,101,284,4,2024-10-23
19050,607,374,4,2026-04-11
19051,745,154,1,2025-11-02
19052,162,43,4,2025-07-01
19053,604,349,3,2025-09-15
19054,274,312,3,2025-04-10
19055,189,374,3,2026-01-03
19056,377,344,4,2024-09-29
19057,879,160,3,2024-10-05
19058,857,306,4,2024-11-02
19059,677,375,2,2025-07-26
19060,49,227,2,2025-05-09
19061,397,61,1,2026-01-18
19062,813,350,5,2024-08-20
19063,1,171,1,2026-04-03
19064,49,161,5,2024-10-14
19065,611,405,1,2025-02-22
19066,362,489,2,2026-05-16
19067,570,217,3,2024-09-11
19068,393,297,5,2026-04-28
19069,332,50,5,2026-04-07
19070,563,308,4,2025-10-17
19071,964,253,3,2025-06-12
19072,929,411,2,2026-03-30
19073,971,256,5,2025-07-14
19074,853,165,2,2025-01-30
19075,979,215,1,2025-02-13
19076,80,426,2,2026-04-14
19077,787,206,1,2025-09-28
19078,1,308,4,2026-05-26
19079,765,25,4,2024-12-20
19080,864,401,3,2025-10-26
19081,426,293,5,2025-10-11
19082,951,482,5,2025-08-16
19083,370,36,5,2024-10-13
19084,849,262,4,2025-03-27
19085,617,126,3,2025-05-31
19086,158,104,4,2025-03-15
19087,951,250,1,2025-12-11
19088,109,309,4,2024-09-27
19089,572,398,3,2025-01-27
19090,392,61,1,2024-11-22
19091,141,272,2,2026-05-20
19092,248,371,2,2025-12-21
19093,819,382,4,2025-07-10
19094,723,371,5,2025-10-12
19095,985,218,4,2026-05-01
19096,822,355,2,2025-04-15
19097,188,212,1,2026-07-17
19098,376,479,4,2025-11-16
19099,297,73,1,2025-05-04
19100,319,70,5,2024-09-21
19101,751,414,2,2026-06-04
19102,739,255,3,2026-02-11
19103,149,415,1,2025-06-04
19104,645,251,1,2026-03-24
19105,817,114,3,2025-01-05
19106,596,46,4,2024-12-02
19107,317,151,5,2026-05-21
19108,386,478,5,2026-01-01
19109,112,195,1,2025-05-01
19110,850,254,5,2024-08-25
19111,315,169,4,2026-01-06
19112,13,215,5,2026-06-30
19113,862,266,3,2025-04-07
19114,203,333,2,2025-04-19
19115,660,243,2,2025-09-13
19116,793,443,4,2025-03-10
19117,340,289,4,2025-06-13
19118,812,359,4,2026-06-26
19119,645,115,4,2025-12-29
19120,892,37,3,2025-01-11
19121,838,424,5,2025-02-01
19122,25,170,2,2024-10-28
19123,299,427,4,2026-07-09
19124,932,299,2,2025-07-17
19125,326,144,2,2025-08-06
19126,17,285,1,2025-10-18
19127,963,82,1,2026-04-17
19128,72,343,2,2024-12-18
19129,381,77,3,2026-07-05
19130,311,298,3,2025-01-04
19131,875,215,4,2025-02-26
19132,837,317,1,2025-06-13
19133,226,37,1,2025-09-02
19134,817,449,3,2025-04-05
19135,917,193,1,2025-04-28
19136,179,400,1,2025-09-05
19137,860,201,1,2025-06-15
19138,925,418,2,2024-08-08
19139,8,220,2,2024-09-29
19140,505,12,4,2026-06-02
19141,128,215,2,2025-11-22
19142,302,372,1,2025-05-10
19143,168,98,1,2025-07-13
19144,245,120,2,2025-11-01
19145,434,167,1,2026-04-28
19146,969,197,3,2025-07-12
19147,668,359,5,2025-07-08
19148,755,207,5,2025-06-13
19149,157,21,3,2026-04-06
19150,591,18,5,2025-04-20
19151,497,438,5,2025-07-05
19152,500,345,4,2025-02-21
19153,806,152,5,2025-12-14
19154,766,25,4,2026-03-02
19155,73,46,4,2025-09-15
19156,618,188,2,2024-09-13
19157,154,5,3,2025-12-05
19158,238,193,4,2026-02-28
19159,351,487,1,2024-11-18
19160,348,172,4,2025-06-26
19161,308,365,3,2025-03-26
19162,125,82,1,2025-10-04
19163,262,82,3,2026-05-20
19164,41,125,2,2025-04-23
19165,981,248,1,2025-08-27
19166,443,245,3,2026-04-28
19167,734,349,4,2024-12-06
19168,384,225,1,2026-04-18
19169,532,191,1,2025-06-15
19170,720,99,5,2025-09-30
19171,437,401,2,2025-11-30
19172,674,5,5,2026-03-16
19173,205,23,4,2026-01-13
19174,942,298,1,2026-03-22
19175,967,452,5,2026-03-23
19176,936,54,5,2025-03-05
19177,55,368,4,2025-08-29
19178,769,257,3,2025-12-05
19179,293,200,4,2025-12-30
19180,333,144,1,2026-04-14
19181,1,399,1,2025-06-21
19182,217,383,1,2025-01-16
19183,278,199,3,2025-04-15
19184,830,112,4,2026-06-20
19185,84,312,5,2025-07-07
19186,868,215,3,2026-06-07
19187,292,240,3,2025-09-06
19188,804,136,3,2025-12-30
19189,318,434,1,2024-12-14
19190,519,322,3,2025-10-12
19191,269,401,5,2025-11-30
19192,185,341,5,2024-07-23
19193,4,355,3,2024-12-25
19194,282,10,1,2025-01-19
19195,516,290,1,2026-01-10
19196,474,58,2,2025-07-05
19197,917,273,4,2026-04-05
19198,505,271,1,2024-12-15
19199,403,378,3,2024-11-10
19200,950,345,5,2025-06-19
19201,691,76,1,2026-04-24
19202,979,455,4,2024-11-28
19203,512,441,2,2025-05-05
19204,8,151,4,2026-06-15
19205,614,357,1,2025-06-11
19206,81,28,3,2025-06-14
19207,8,211,4,2025-06-23
19208,314,127,1,2025-01-30
19209,743,303,5,2024-10-29
19210,720,345,2,2026-04-19
19211,665,322,2,2026-04-03
19212,264,115,4,2025-06-03
19213,842,350,3,2026-07-05
19214,294,315,1,2026-07-03
19215,584,409,4,2025-12-23
19216,456,377,5,2026-03-02
19217,766,80,2,2024-08-04
19218,139,173,3,2026-03-17
19219,740,415,5,2026-03-02
19220,768,123,4,2024-08-20
19221,858,251,1,2026-06-20
19222,449,254,1,2024-08-18
19223,666,178,2,2024-12-30
19224,186,177,4,2025-07-25
19225,186,220,5,2024-09-25
19226,759,345,2,2025-02-19
19227,423,82,3,2026-03-12
19228,486,403,1,2025-09-27
19229,826,168,5,2025-02-28
19230,603,250,1,2025-01-01
19231,118,74,2,2026-06-14
19232,552,214,2,2025-02-01
19233,296,145,5,2025-11-11
19234,507,158,3,2025-10-30
19235,424,308,2,2026-04-14
19236,173,220,1,2025-07-04
19237,101,382,3,2025-03-02
19238,270,259,3,2024-09-13
19239,473,451,2,2025-07-06
19240,729,134,3,2026-04-07
19241,428,253,1,2026-01-07
19242,174,161,5,2024-12-12
19243,860,341,3,2025-02-14
19244,692,46,3,2025-07-20
19245,229,313,3,2025-12-18
19246,996,331,2,2024-10-09
19247,167,325,1,2024-10-28
19248,180,247,4,2026-02-06
19249,216,444,2,2025-11-19
19250,442,285,3,2025-06-24
19251,264,38,2,2025-08-13
19252,741,466,5,2026-02-04
19253,335,51,3,2024-12-01
19254,97,265,2,2024-12-02
19255,283,440,5,2025-06-01
19256,898,111,1,2024-09-27
19257,276,71,4,2025-08-15
19258,983,173,4,2026-02-11
19259,960,175,2,2025-06-23
19260,718,488,1,2024-12-04
19261,449,122,3,2026-04-06
19262,315,498,1,2025-09-26
19263,654,469,1,2025-07-28
19264,487,206,2,2025-11-16
19265,281,257,2,2026-01-23
19266,2,229,5,2025-04-28
19267,789,316,5,2026-06-28
19268,188,440,4,2025-05-07
19269,719,187,3,2024-11-09
19270,200,65,3,2025-09-21
19271,572,287,1,2025-01-30
19272,365,265,2,2025-03-11
19273,247,84,5,2024-11-09
19274,916,145,5,2025-04-05
19275,345,372,3,2024-12-18
19276,377,28,4,2026-05-11
19277,915,468,2,2025-03-30
19278,773,435,1,2024-10-26
19279,722,60,5,2025-11-29
19280,86,292,5,2026-07-05
19281,383,144,5,2024-12-13
19282,377,118,4,2026-02-08
19283,433,317,4,2024-09-08
19284,456,148,3,2026-03-29
19285,669,460,5,2026-04-10
19286,211,336,5,2025-05-22
19287,335,16,1,2026-06-08
19288,771,462,1,2026-04-30
19289,145,304,2,2026-06-24
19290,440,136,3,2025-07-19
19291,631,224,3,2025-10-25
19292,41,180,4,2025-09-20
19293,19,55,2,2025-02-09
19294,447,219,3,2026-05-11
19295,507,255,2,2025-11-04
19296,810,403,2,2025-07-16
19297,447,325,1,2026-01-03
19298,522,444,2,2025-07-04
19299,706,175,5,2025-03-06
19300,890,128,5,2025-01-13
19301,823,135,2,2026-07-08
19302,548,222,2,2024-10-11
19303,769,419,1,2025-12-19
19304,144,178,3,2025-11-20
19305,250,211,1,2025-12-28
19306,139,127,5,2025-08-04
19307,35,122,3,2026-01-04
19308,239,436,5,2026-01-08
19309,737,62,4,2026-06-08
19310,754,10,5,2026-01-12
19311,938,422,1,2026-01-15
19312,583,2,4,2026-05-29
19313,787,250,3,2026-07-22
19314,168,110,2,2025-10-30
19315,201,422,4,2025-09-19
19316,625,67,4,2025-04-07
19317,227,401,1,2024-10-06
19318,140,165,2,2025-07-14
19319,919,49,3,2025-03-31
19320,174,93,4,2026-06-21
19321,363,483,5,2024-09-12
19322,357,97,1,2024-10-14
19323,97,424,4,2024-09-10
19324,284,48,3,2025-01-03
19325,465,250,2,2025-08-07
19326,628,90,1,2026-03-08
19327,351,196,1,2025-09-24
19328,673,361,5,2026-03-21
19329,886,115,3,2025-11-15
19330,792,208,3,2024-11-12
19331,668,78,1,2025-01-22
19332,721,50,1,2025-10-07
19333,771,410,1,2025-08-23
19334,450,164,1,2024-07-28
19335,874,102,2,2025-05-03
19336,375,494,1,2025-05-20
19337,894,290,5,2024-10-29
19338,588,344,3,2025-08-30
19339,878,442,1,2025-06-05
19340,791,498,4,2025-01-30
19341,816,290,5,2025-08-06
19342,886,203,5,2024-10-10
19343,473,15,3,2024-12-13
19344,738,317,3,2024-07-29
19345,860,146,3,2025-05-30
19346,353,253,4,2026-05-02
19347,297,73,3,2024-12-22
19348,125,416,2,2024-12-14
19349,858,343,5,2026-04-13
19350,526,477,1,2025-01-28
19351,186,308,2,2025-09-22
19352,414,301,1,2025-06-09
19353,390,438,5,2025-04-19
19354,497,9,3,2024-09-12
19355,527,7,2,2025-04-21
19356,486,202,4,2025-03-14
19357,586,221,4,2026-01-17
19358,435,404,2,2026-04-21
19359,494,318,2,2026-01-22
19360,593,143,5,2024-09-14
19361,508,178,5,2026-04-07
19362,844,468,5,2025-08-04
19363,896,500,3,2024-08-01
19364,829,125,3,2025-05-25
19365,586,248,2,2024-12-06
19366,459,444,3,2026-05-16
19367,255,188,2,2024-10-15
19368,935,287,2,2025-12-25
19369,200,332,5,2026-07-04
19370,124,197,1,2025-06-25
19371,862,102,5,2026-05-14
19372,56,332,3,2025-07-03
19373,921,388,4,2025-12-03
19374,842,454,2,2024-12-27
19375,353,147,5,2025-11-07
19376,330,460,1,2025-11-02
19377,621,371,5,2026-05-10
19378,656,398,3,2025-08-21
19379,481,475,2,2024-10-12
19380,635,388,2,2025-02-02
19381,212,61,5,2025-10-30
19382,952,139,3,2026-04-12
19383,335,476,4,2026-06-18
19384,145,496,1,2026-03-18
19385,758,405,4,2024-08-07
19386,350,314,5,2025-10-23
19387,416,35,3,2026-06-01
19388,717,448,3,2024-10-28
19389,505,56,1,2025-09-09
19390,840,448,5,2025-05-01
19391,592,35,2,2025-06-29
19392,557,227,5,2025-02-23
19393,957,484,3,2026-04-19
19394,683,440,4,2024-12-19
19395,405,313,4,2026-06-17
19396,24,215,3,2024-11-12
19397,737,102,3,2026-01-04
19398,364,326,1,2024-12-13
19399,812,388,3,2025-08-25
19400,757,230,2,2024-07-28
19401,704,428,1,2025-07-24
19402,67,244,1,2025-07-10
19403,489,496,2,2026-06-19
19404,8,285,2,2026-01-29
19405,71,424,5,2024-09-13
19406,567,59,5,2025-09-28
19407,81,15,1,2025-08-24
19408,734,137,4,2026-04-13
19409,221,328,3,2026-06-19
19410,94,106,1,2026-01-14
19411,303,217,4,2026-03-05
19412,127,392,5,2025-05-03
19413,513,298,1,2025-10-31
19414,591,226,4,2026-02-01
19415,573,185,4,2024-10-10
19416,76,147,4,2026-02-28
19417,327,77,2,2025-06-08
19418,409,318,4,2025-02-23
19419,606,296,4,2025-01-02
19420,832,338,1,2025-10-26
19421,549,466,5,2025-08-18
19422,435,405,2,2025-11-27
19423,880,478,1,2025-11-19
19424,517,122,1,2025-10-05
19425,742,288,5,2024-07-29
19426,450,280,5,2024-10-13
19427,55,210,1,2026-01-03
19428,249,491,5,2026-02-28
19429,154,354,5,2026-03-27
19430,826,481,3,2025-01-13
19431,798,50,2,2026-06-22
19432,641,420,4,2024-12-26
19433,132,92,5,2025-04-29
19434,519,127,5,2025-05-08
19435,847,178,3,2025-07-06
19436,389,447,3,2025-08-29
19437,537,297,1,2025-12-12
19438,950,457,1,2026-03-07
19439,695,352,5,2025-04-13
19440,352,37,4,2025-08-26
19441,15,457,1,2024-09-29
19442,756,75,1,2026-03-15
19443,425,464,3,2025-10-25
19444,906,377,3,2025-12-15
19445,524,450,2,2025-07-21
19446,139,78,1,2025-05-22
19447,356,74,3,2026-04-23
19448,875,197,1,2024-11-19
19449,685,425,1,2024-10-01
19450,987,355,5,2026-04-12
19451,421,212,3,2026-05-03
19452,506,275,4,2025-10-10
19453,544,448,5,2025-06-03
19454,626,342,3,2025-03-18
19455,349,176,5,2026-06-09
19456,477,497,5,2025-11-10
19457,191,150,3,2025-11-29
19458,10,148,1,2026-01-23
19459,256,59,4,2026-06-10
19460,935,346,4,2026-03-20
19461,111,71,3,2026-01-22
19462,783,318,4,2025-09-24
19463,248,137,5,2025-02-07
19464,536,57,2,2024-10-29
19465,830,175,4,2026-07-12
19466,432,187,3,2025-07-14
19467,843,47,4,2025-04-11
19468,449,30,3,2025-08-15
19469,111,288,2,2026-05-22
19470,411,54,5,2025-06-17
19471,637,11,4,2026-02-06
19472,8,86,2,2025-09-17
19473,211,133,3,2024-08-27
19474,181,341,5,2024-12-17
19475,865,172,2,2025-04-21
19476,355,121,4,2024-10-27
19477,181,68,2,2026-01-13
19478,261,157,5,2026-05-02
19479,191,8,5,2025-08-24
19480,551,410,4,2025-12-13
19481,89,319,3,2026-06-15
19482,657,435,1,2026-06-17
19483,231,87,3,2025-01-15
19484,999,55,1,2025-02-28
19485,404,223,2,2025-12-18
19486,876,249,4,2026-02-15
19487,869,3,4,2024-10-21
19488,544,288,3,2025-03-23
19489,187,45,2,2025-01-29
19490,10,180,4,2025-10-09
19491,769,236,5,2025-10-29
19492,777,283,2,2025-02-10
19493,356,336,4,2025-12-04
19494,441,96,2,2026-06-30
19495,399,101,2,2024-08-08
19496,796,142,2,2024-08-23
19497,760,292,2,2025-06-20
19498,753,397,2,2026-04-20
19499,918,473,1,2025-11-24
19500,890,149,4,2025-02-27
19501,723,15,3,2025-03-03
19502,38,451,5,2026-03-06
19503,433,472,2,2025-07-18
19504,128,463,1,2025-11-09
19505,856,12,3,2025-03-31
19506,164,423,4,2024-07-29
19507,234,260,1,2025-02-21
19508,290,247,4,2026-05-30
19509,583,299,5,2025-05-23
19510,352,78,2,2024-10-12
19511,657,488,4,2024-12-08
19512,750,204,4,2025-07-18
19513,833,178,1,2025-08-22
19514,140,201,4,2026-02-07
19515,727,244,4,2024-09-05
19516,63,139,5,2025-01-19
19517,397,176,5,2025-01-13
19518,24,274,3,2025-12-25
19519,259,133,1,2025-10-12
19520,570,178,2,2026-01-23
19521,420,61,2,2025-08-25
19522,9,119,4,2025-10-11
19523,264,214,3,2025-11-06
19524,497,43,2,2025-07-23
19525,331,94,3,2024-09-17
19526,839,56,1,2026-04-18
19527,238,472,5,2026-04-20
19528,573,389,5,2024-11-06
19529,4,59,5,2025-05-10
19530,893,139,4,2026-03-12
19531,122,444,4,2024-10-06
19532,602,12,4,2026-01-30
19533,857,285,5,2024-10-09
19534,200,217,1,2025-07-07
19535,773,19,5,2026-01-24
19536,936,105,5,2025-03-14
19537,707,373,3,2025-01-24
19538,43,170,1,2025-04-15
19539,868,225,5,2025-09-30
19540,322,482,1,2026-01-02
19541,807,473,2,2026-02-23
19542,721,238,1,2025-12-08
19543,334,14,5,2026-03-24
19544,309,380,4,2026-06-05
19545,235,416,5,2025-04-28
19546,831,364,1,2026-05-24
19547,390,152,5,2025-01-17
19548,958,375,2,2025-10-11
19549,845,442,3,2026-03-29
19550,128,362,1,2025-11-07
19551,843,199,4,2024-08-04
19552,661,171,5,2024-10-01
19553,70,259,3,2026-05-15
19554,20,399,5,2026-02-08
19555,910,3,1,2025-03-30
19556,23,349,1,2025-07-24
19557,426,378,3,2025-12-19
19558,743,19,5,2025-03-05
19559,322,346,2,2025-04-22
19560,35,85,1,2024-08-14
19561,219,212,3,2025-12-31
19562,803,2,1,2025-06-10
19563,412,366,3,2024-12-19
19564,544,363,4,2026-03-21
19565,176,138,4,2025-06-09
19566,588,402,4,2024-08-31
19567,93,224,1,2025-05-05
19568,837,70,5,2024-12-04
19569,343,458,1,2024-12-31
19570,555,414,5,2025-05-01
19571,648,54,4,2025-09-13
19572,410,245,5,2025-07-22
19573,819,363,5,2024-10-24
19574,543,484,2,2025-08-15
19575,563,205,3,2024-12-28
19576,894,95,2,2025-01-02
19577,598,476,2,2025-04-16
19578,709,191,1,2024-08-10
19579,489,161,1,2024-10-28
19580,44,251,1,2025-08-04
19581,33,491,5,2026-02-13
19582,440,242,1,2026-01-19
19583,280,172,4,2024-12-08
19584,201,212,2,2024-09-23
19585,438,200,1,2025-06-05
19586,228,222,5,2025-11-28
19587,987,422,2,2024-09-04
19588,141,176,3,2025-11-27
19589,136,425,1,2025-12-10
19590,780,301,5,2025-01-18
19591,495,283,4,2025-07-04
19592,647,360,5,2025-10-10
19593,562,457,4,2024-09-05
19594,388,431,5,2024-12-02
19595,926,282,1,2024-12-01
19596,749,382,2,2024-12-19
19597,824,303,2,2026-05-07
19598,270,362,3,2026-06-24
19599,384,463,1,2025-12-18
19600,64,439,2,2026-01-31
19601,731,271,2,2024-12-22
19602,247,470,4,2025-06-12
19603,467,168,4,2025-07-14
19604,419,419,1,2026-04-30
19605,543,344,1,2025-11-23
19606,609,197,1,2025-06-26
19607,270,292,3,2026-05-21
19608,940,59,1,2025-01-29
19609,273,461,4,2026-07-19
19610,739,310,3,2026-07-12
19611,151,41,1,2026-01-15
19612,68,168,5,2025-06-10
19613,178,309,4,2025-02-22
19614,214,74,5,2025-06-15
19615,386,414,3,2024-11-09
19616,860,274,1,2026-05-26
19617,640,439,3,2026-06-28
19618,681,309,5,2024-08-08
19619,196,440,3,2025-01-29
19620,513,270,5,2024-07-28
19621,352,156,4,2026-07-19
19622,837,43,4,2026-03-23
19623,563,317,4,2025-01-12
19624,253,405,2,2025-08-28
19625,880,362,3,2026-02-05
19626,252,480,4,2026-07-06
19627,91,167,2,2025-10-07
19628,888,319,1,2026-03-12
19629,862,104,5,2026-06-29
19630,199,236,3,2025-07-28
19631,849,142,3,2026-01-20
19632,387,114,5,2025-10-23
19633,310,251,4,2025-05-30
19634,481,101,4,2025-09-27
19635,52,213,5,2025-03-19
19636,218,306,1,2025-04-23
19637,130,413,4,2026-02-06
19638,86,247,4,2025-03-07
19639,920,408,4,2025-05-26
19640,31,161,5,2025-08-23
19641,438,358,3,2026-06-29
19642,134,281,5,2025-06-11
19643,788,81,3,2026-01-23
19644,618,233,2,2026-04-27
19645,268,272,5,2025-07-13
19646,181,183,5,2024-12-13
19647,872,265,2,2026-07-06
19648,351,116,2,2026-06-28
19649,875,309,3,2025-08-01
19650,84,130,5,2026-05-06
19651,85,88,2,2025-06-09
19652,1000,455,1,2025-03-13
19653,312,223,4,2024-11-13
19654,939,298,2,2026-02-06
19655,114,422,3,2026-04-21
19656,632,307,1,2025-08-12
19657,443,285,2,2026-01-19
19658,300,128,2,2025-11-05
19659,921,227,3,2026-03-11
19660,602,207,2,2026-02-12
19661,505,57,3,2024-10-07
19662,751,313,4,2025-06-07
19663,386,147,5,2026-07-06
19664,249,480,3,2026-03-16
19665,970,421,5,2025-11-23
19666,303,468,4,2024-11-02
19667,91,332,3,2026-06-17
19668,310,484,5,2025-01-28
19669,425,52,2,2024-10-17
19670,510,404,4,2026-04-12
19671,363,110,5,2025-03-17
19672,989,462,4,2025-07-19
19673,327,449,1,2025-01-27
19674,682,166,2,2024-10-12
19675,750,285,3,2025-10-21
19676,213,321,5,2026-04-19
19677,681,215,2,2025-08-27
19678,352,10,1,2024-12-04
19679,754,294,5,2024-07-31
19680,612,77,4,2025-10-31
19681,392,226,5,2025-01-13
19682,95,167,2,2026-01-08
19683,204,87,3,2025-02-09
19684,622,136,4,2024-08-16
19685,783,285,1,2024-09-13
19686,299,266,1,2025-02-10
19687,583,247,1,2025-09-13
19688,121,298,4,2024-08-13
19689,429,200,5,2025-07-30
19690,829,212,5,2026-07-07
19691,821,480,5,2026-07-08
19692,635,22,1,2026-01-10
19693,747,365,5,2025-08-29
19694,272,156,4,2025-01-19
19695,596,420,1,2026-01-14
19696,187,84,1,2024-08-07
19697,152,338,2,2024-09-12
19698,796,136,5,2025-10-17
19699,411,246,3,2025-03-21
19700,715,277,3,2025-04-14
19701,504,129,4,2025-10-22
19702,173,302,2,2025-04-06
19703,876,376,1,2025-01-06
19704,908,84,2,2024-09-07
19705,661,449,5,2025-05-16
19706,474,90,3,2025-02-25
19707,714,20,4,2026-05-02
19708,64,484,2,2025-04-05
19709,197,458,2,2025-11-07
19710,241,261,4,2024-07-29
19711,202,179,5,2024-12-03
19712,124,170,5,2025-07-19
19713,348,61,5,2026-01-23
19714,778,305,3,2026-04-03
19715,940,376,3,2025-09-30
19716,476,233,4,2026-05-03
19717,728,133,2,2025-06-09
19718,79,40,1,2025-05-22
19719,764,228,5,2026-03-12
19720,63,304,5,2025-11-14
19721,209,256,4,2026-04-12
19722,786,315,2,2024-12-20
19723,489,453,4,2025-11-02
19724,383,487,5,2025-08-26
19725,795,351,3,2026-05-04
19726,987,116,2,2025-10-15
19727,882,342,3,2026-02-01
19728,601,336,5,2025-08-26
19729,777,418,1,2025-07-17
19730,557,305,5,2025-01-19
19731,976,399,2,2026-06-16
19732,681,53,5,2025-10-02
19733,776,169,1,2025-09-06
19734,303,166,3,2024-12-01
19735,917,347,4,2026-04-22
19736,447,64,3,2026-03-12
19737,373,413,4,2025-09-03
19738,399,424,1,2025-02-22
19739,175,183,4,2026-02-14
19740,137,30,3,2026-07-02
19741,909,69,2,2026-05-11
19742,501,152,1,2026-04-04
19743,351,289,5,2025-12-30
19744,920,206,2,2026-04-27
19745,212,118,3,2025-12-26
19746,287,29,5,2024-10-15
19747,649,378,3,2026-07-21
19748,469,157,3,2025-12-13
19749,769,344,2,2025-01-27
19750,408,100,4,2025-08-06
19751,553,117,2,2025-06-16
19752,662,327,2,2026-01-11
19753,45,483,2,2025-09-19
19754,298,360,2,2025-04-27
19755,803,83,4,2024-11-15
19756,473,212,4,2026-07-19
19757,227,344,1,2026-06-08
19758,700,412,1,2025-12-21
19759,586,420,3,2026-01-22
19760,464,402,5,2025-03-29
19761,320,33,5,2025-01-02
19762,126,363,4,2026-01-23
19763,210,183,1,2025-08-14
19764,797,466,2,2025-11-14
19765,778,241,5,2025-11-02
19766,735,40,4,2026-02-17
19767,151,484,4,2026-06-28
19768,994,23,1,2025-01-05
19769,760,311,4,2024-09-13
19770,676,210,2,2025-03-31
19771,330,110,5,2025-12-04
19772,173,166,5,2025-03-22
19773,590,459,4,2025-10-14
19774,85,283,2,2024-07-25
19775,552,403,2,2025-01-07
19776,6,236,1,2025-11-15
19777,447,284,4,2024-10-31
19778,569,213,2,2025-06-18
19779,688,120,4,2024-08-28
19780,65,241,2,2026-03-20
19781,19,418,3,2025-05-23
19782,561,411,1,2025-09-29
19783,801,246,4,2025-08-04
19784,800,460,3,2025-04-07
19785,868,112,4,2026-04-30
19786,734,231,4,2024-08-14
19787,695,380,4,2026-05-22
19788,106,202,1,2025-08-05
19789,292,485,4,2024-09-13
19790,502,147,2,2024-09-02
19791,101,322,1,2026-06-28
19792,989,418,4,2024-09-15
19793,821,186,4,2025-10-10
19794,517,276,2,2024-08-10
19795,802,285,5,2026-05-10
19796,181,213,1,2025-09-21
19797,122,218,2,2024-08-25
19798,422,174,1,2025-10-13
19799,325,195,4,2026-01-11
19800,849,268,3,2025-09-27
19801,700,12,5,2025-01-22
19802,845,493,2,2024-09-19
19803,81,256,4,2026-06-07
19804,906,285,5,2025-09-28
19805,446,74,3,2026-04-05
19806,582,147,4,2025-01-20
19807,583,164,5,2025-05-17
19808,523,451,2,2026-03-23
19809,202,104,2,2026-04-04
19810,240,384,1,2026-06-03
19811,642,389,4,2025-05-31
19812,415,356,4,2025-11-17
19813,76,84,4,2026-01-26
19814,142,181,2,2025-09-17
19815,848,121,5,2026-01-20
19816,335,235,4,2026-01-28
19817,490,494,4,2025-09-26
19818,302,304,5,2025-05-24
19819,532,230,2,2024-12-27
19820,412,142,3,2026-03-21
19821,648,419,2,2024-07-30
19822,390,257,2,2025-09-24
19823,489,110,4,2025-02-02
19824,529,94,2,2026-01-20
19825,989,427,5,2025-05-29
19826,834,304,5,2025-07-10
19827,119,181,2,2025-10-04
19828,773,135,1,2025-05-20
19829,283,445,5,2025-12-16
19830,747,490,5,2024-11-25
19831,621,341,5,2025-01-10
19832,836,364,3,2025-12-10
19833,509,155,1,2026-06-11
19834,673,301,3,2025-06-23
19835,390,463,2,2025-03-31
19836,297,68,4,2024-12-25
19837,315,19,4,2025-08-03
19838,881,277,5,2025-10-18
19839,79,332,5,2024-08-26
19840,432,188,3,2026-01-26
19841,424,133,5,2024-11-23
19842,898,184,3,2026-05-02
19843,485,78,1,2025-08-09
19844,166,390,1,2025-03-11
19845,500,49,2,2025-05-01
19846,80,123,3,2025-04-06
19847,212,428,4,2026-07-08
19848,183,72,4,2025-07-05
19849,454,415,2,2025-03-05
19850,383,486,1,2024-08-30
19851,834,351,4,2025-10-17
19852,159,357,2,2024-12-03
19853,913,367,4,2025-05-23
19854,935,107,4,2026-02-26
19855,935,245,3,2025-06-18
19856,958,497,1,2025-04-17
19857,258,104,3,2025-09-23
19858,696,438,4,2025-03-08
19859,241,229,4,2025-04-12
19860,287,360,2,2026-01-12
19861,786,392,3,2026-06-26
19862,282,333,4,2025-08-14
19863,123,113,4,2025-12-11
19864,161,164,5,2024-11-23
19865,285,331,3,2026-02-28
19866,787,228,4,2024-12-23
19867,788,474,2,2026-01-02
19868,307,81,2,2025-11-28
19869,683,62,5,2025-01-19
19870,690,235,1,2026-06-21
19871,703,148,3,2025-01-20
19872,259,430,1,2025-11-20
19873,182,243,2,2025-01-20
19874,238,292,1,2024-08-01
19875,339,105,5,2026-06-23
19876,356,365,2,2024-10-04
19877,735,253,3,2025-10-28
19878,56,186,1,2025-12-20
19879,301,44,4,2025-05-02
19880,72,325,4,2025-12-21
19881,269,43,4,2025-10-10
19882,805,331,4,2026-01-20
19883,853,364,5,2026-05-12
19884,973,158,3,2026-05-11
19885,477,31,2,2026-05-15
19886,440,498,5,2025-02-01
19887,35,254,5,2025-02-25
19888,813,485,1,2025-11-09
19889,430,320,3,2025-08-05
19890,166,32,2,2025-11-11
19891,978,293,2,2024-08-21
19892,667,312,1,2026-03-16
19893,127,176,1,2026-07-13
19894,992,35,2,2025-12-31
19895,551,414,2,2025-08-09
19896,696,129,5,2025-03-29
19897,530,184,2,2024-12-05
19898,22,154,2,2025-07-25
19899,972,481,2,2025-02-28
19900,409,419,1,2025-03-23
19901,227,371,1,2025-05-18
19902,826,220,2,2026-07-18
19903,537,261,1,2025-04-01
19904,888,330,4,2024-07-25
19905,608,362,1,2026-04-04
19906,233,494,2,2024-07-27
19907,289,97,1,2024-12-21
19908,459,366,4,2025-02-27
19909,247,274,3,2025-01-23
19910,736,421,4,2024-10-08
19911,490,33,2,2024-10-16
19912,625,325,1,2024-10-05
19913,496,407,2,2025-04-26
19914,670,303,3,2026-06-03
19915,657,90,2,2026-04-27
19916,377,103,5,2024-12-23
19917,361,333,5,2025-10-05
19918,367,412,1,2026-04-22
19919,745,432,4,2024-09-16
19920,232,485,5,2026-04-12
19921,290,330,3,2025-02-13
19922,510,438,2,2025-05-23
19923,288,279,1,2024-11-19
19924,141,70,1,2026-05-05
19925,188,229,4,2026-04-27
19926,143,444,2,2026-01-15
19927,566,169,4,2025-07-31
19928,981,405,2,2025-12-08
19929,901,481,1,2025-10-13
19930,3,418,4,2026-06-25
19931,454,194,1,2025-02-16
19932,87,89,1,2025-02-20
19933,214,261,3,2025-02-12
19934,196,162,1,2024-11-14
19935,421,96,5,2024-12-16
19936,294,499,5,2025-02-28
19937,488,486,2,2025-08-27
19938,146,323,2,2025-07-09
19939,178,440,1,2025-05-24
19940,540,379,1,2024-09-01
19941,872,451,4,2024-12-27
19942,848,244,2,2025-04-11
19943,520,81,4,2025-05-04
19944,383,489,5,2025-11-07
19945,558,114,1,2025-09-11
19946,589,206,4,2024-09-11
19947,779,462,1,2024-08-19
19948,60,37,1,2025-12-12
19949,778,189,5,2024-12-19
19950,262,296,5,2026-04-01
19951,812,471,4,2026-05-20
19952,453,416,5,2025-01-07
19953,615,199,1,2025-02-12
19954,80,170,5,2025-06-07
19955,611,435,5,2024-12-11
19956,892,157,3,2025-07-05
19957,914,437,2,2025-10-08
19958,580,107,1,2025-06-08
19959,395,436,2,2026-02-19
19960,784,303,1,2024-10-26
19961,233,481,1,2025-03-06
19962,717,99,2,2026-01-15
19963,780,189,5,2026-03-06
19964,3,21,1,2025-05-22
19965,783,206,5,2026-01-19
19966,335,258,3,2025-12-23
19967,205,303,1,2024-09-07
19968,827,233,3,2025-09-30
19969,489,337,1,2025-08-10
19970,765,164,5,2024-10-25
19971,407,259,2,2024-09-15
19972,134,289,1,2025-08-04
19973,181,144,2,2026-04-18
19974,199,250,1,2024-11-17
19975,825,139,3,2025-03-31
19976,874,202,2,2025-04-08
19977,106,31,4,2025-03-12
19978,861,477,5,2025-08-05
19979,143,218,3,2025-12-25
19980,666,478,1,2025-12-22
19981,455,79,4,2026-07-08
19982,151,439,1,2026-02-14
19983,342,444,1,2025-10-03
19984,993,258,5,2025-06-19
19985,803,313,3,2024-12-01
19986,580,347,3,2026-04-10
19987,82,288,5,2024-09-06
19988,846,498,2,2024-08-07
19989,898,116,2,2025-08-25
19990,906,322,3,2025-05-29
19991,619,8,3,2024-07-26
19992,657,174,4,2026-06-08
19993,537,382,5,2024-12-31
19994,145,456,4,2024-08-05
19995,188,139,2,2024-10-07
19996,745,202,4,2026-04-28
19997,322,397,2,2025-08-19
19998,78,245,2,2024-09-17
19999,916,66,2,2025-04-06
20000,6,47,4,2024-12-02
